run_id,effective_state_dimension,interleg_plv,active_leg_count,frequency_pre_hz,frequency_post_hz,frequency_change_hz,dn_mean_hz,cpg_mean_hz,contact_limb_count,contact_force_peak,scope
A1_tonic_full_s00,4.297978290281239,0.24254761636257172,4,8.759733036707452,8.845604002859185,0.08587096615173273,26.343225479125977,5.524489402770996,0,0.0,descriptive model-only metrics; phase absent for inactive limbs
A1_tonic_full_s01,6.638432871545923,0.07455269992351532,5,8.898776418242491,9.006433166547534,0.10765674830504324,26.52865219116211,5.443073749542236,0,0.0,descriptive model-only metrics; phase absent for inactive limbs
A1_tonic_full_s02,5.069737495292402,0.15281550586223602,5,9.343715239154616,9.292351679771265,-0.05136355938335058,23.606548309326172,4.8526530265808105,0,0.0,descriptive model-only metrics; phase absent for inactive limbs
A1_tonic_full_s03,4.248607916648296,0.10819698125123978,4,8.620689655172413,8.577555396711936,-0.04313425846047636,21.521289825439453,4.07542610168457,0,0.0,descriptive model-only metrics; phase absent for inactive limbs
A1_tonic_full_s04,4.759219865872718,0.4341766834259033,4,8.898776418242491,8.9349535382416,0.036177119999109664,26.768295288085938,5.673867702484131,0,0.0,descriptive model-only metrics; phase absent for inactive limbs
A1_tonic_full_s05,4.757292621412421,0.057674944400787354,3,8.898776418242491,8.9349535382416,0.036177119999109664,22.871843338012695,4.284047603607178,0,0.0,descriptive model-only metrics; phase absent for inactive limbs
A1_tonic_full_s06,4.863485503275367,0.29764845967292786,4,9.03781979977753,8.9349535382416,-0.10286626153592948,24.388389587402344,4.87578010559082,0,0.0,descriptive model-only metrics; phase absent for inactive limbs
A1_tonic_full_s07,5.1084102036775745,0.19639527797698975,4,8.481646273637374,8.666904932094353,0.18525865845697886,24.918170928955078,5.113833427429199,0,0.0,descriptive model-only metrics; phase absent for inactive limbs
A1_tonic_no_cpg_s00,1.0007087086798512,,0,,,,26.177139282226562,0.0,0,0.0,descriptive model-only metrics; phase absent for inactive limbs
A1_tonic_no_cpg_s01,1.0017014086868492,,0,,,,26.377979278564453,0.0,0,0.0,descriptive model-only metrics; phase absent for inactive limbs
A1_tonic_no_cpg_s02,1.000550957951924,,0,,,,23.4742488861084,0.0,0,0.0,descriptive model-only metrics; phase absent for inactive limbs
A1_tonic_no_cpg_s03,1.0006105168426265,,0,,,,21.426237106323242,0.0,0,0.0,descriptive model-only metrics; phase absent for inactive limbs
A1_tonic_no_cpg_s04,1.0026454876418096,,0,,,,26.58977699279785,0.0,0,0.0,descriptive model-only metrics; phase absent for inactive limbs
A1_tonic_no_cpg_s05,1.000458350582497,,0,,,,22.763614654541016,0.0,0,0.0,descriptive model-only metrics; phase absent for inactive limbs
A1_tonic_no_cpg_s06,1.0013542453444453,,0,,,,24.25904083251953,0.0,0,0.0,descriptive model-only metrics; phase absent for inactive limbs
A1_tonic_no_cpg_s07,1.0001249323343568,,0,,,,24.765052795410156,0.0,0,0.0,descriptive model-only metrics; phase absent for inactive limbs
A1_tonic_no_delay_s00,1.6724309717728336,,1,15.016685205784203,15.010721944245889,-0.0059632615383140575,26.355236053466797,5.497523784637451,0,0.0,descriptive model-only metrics; phase absent for inactive limbs
A1_tonic_no_delay_s01,1.92752539239705,,1,12.79199110122358,12.866333095067905,0.0743419938443246,26.539337158203125,5.305452346801758,0,0.0,descriptive model-only metrics; phase absent for inactive limbs
A1_tonic_no_delay_s02,1.6457469055739622,,1,16.129032258064516,16.08291636883488,-0.04611588922963605,23.61186981201172,4.768338203430176,0,0.0,descriptive model-only metrics; phase absent for inactive limbs
A1_tonic_no_delay_s03,1.8199708971978257,,1,15.016685205784203,15.010721944245889,-0.0059632615383140575,21.52608299255371,4.071191787719727,0,0.0,descriptive model-only metrics; phase absent for inactive limbs
A1_tonic_no_delay_s04,1.6288570520791739,,1,14.460511679644048,14.653323802716226,0.1928121230721782,26.77471923828125,5.632284164428711,0,0.0,descriptive model-only metrics; phase absent for inactive limbs
A1_tonic_no_delay_s05,1.5414822577538128,,1,15.57285873192436,15.725518227305217,0.152659495380858,22.877201080322266,4.3090362548828125,0,0.0,descriptive model-only metrics; phase absent for inactive limbs
A1_tonic_no_delay_s06,1.8550368180993364,,1,14.460511679644048,14.295925661186562,-0.1645860184574861,24.401771545410156,4.7445268630981445,0,0.0,descriptive model-only metrics; phase absent for inactive limbs
A1_tonic_no_delay_s07,1.5732234300868977,,1,13.904338153503893,13.938527519656898,0.034189366153004386,24.927108764648438,5.097476005554199,0,0.0,descriptive model-only metrics; phase absent for inactive limbs
A1_tonic_no_dn_s00,0.0,,0,,,,0.0,0.0,0,0.0,descriptive model-only metrics; phase absent for inactive limbs
A1_tonic_no_dn_s01,0.0,,0,,,,0.0,0.0,0,0.0,descriptive model-only metrics; phase absent for inactive limbs
A1_tonic_no_dn_s02,0.0,,0,,,,0.0,0.0,0,0.0,descriptive model-only metrics; phase absent for inactive limbs
A1_tonic_no_dn_s03,0.0,,0,,,,0.0,0.0,0,0.0,descriptive model-only metrics; phase absent for inactive limbs
A1_tonic_no_dn_s04,0.0,,0,,,,0.0,0.0,0,0.0,descriptive model-only metrics; phase absent for inactive limbs
A1_tonic_no_dn_s05,0.0,,0,,,,0.0,0.0,0,0.0,descriptive model-only metrics; phase absent for inactive limbs
A1_tonic_no_dn_s06,0.0,,0,,,,0.0,0.0,0,0.0,descriptive model-only metrics; phase absent for inactive limbs
A1_tonic_no_dn_s07,0.0,,0,,,,0.0,0.0,0,0.0,descriptive model-only metrics; phase absent for inactive limbs
A1_tonic_no_inhibition_s00,1.0141736496871043,,0,,,,26.72756576538086,31.6177978515625,5,8.388031959533691,descriptive model-only metrics; phase absent for inactive limbs
A1_tonic_no_inhibition_s01,1.0130811211021888,,0,,,,27.006916046142578,39.26823425292969,4,8.413736343383789,descriptive model-only metrics; phase absent for inactive limbs
A1_tonic_no_inhibition_s02,1.0210303682921487,,0,,,,23.86235809326172,25.30647087097168,4,8.346752166748047,descriptive model-only metrics; phase absent for inactive limbs
A1_tonic_no_inhibition_s03,1.010509626630361,,0,,,,21.927104949951172,27.252275466918945,2,8.531197547912598,descriptive model-only metrics; phase absent for inactive limbs
A1_tonic_no_inhibition_s04,1.01535950213448,,0,,,,27.234962463378906,33.188934326171875,5,8.470932960510254,descriptive model-only metrics; phase absent for inactive limbs
A1_tonic_no_inhibition_s05,1.0320285047575333,,0,,,,23.065677642822266,22.22698211669922,3,8.397127151489258,descriptive model-only metrics; phase absent for inactive limbs
A1_tonic_no_inhibition_s06,1.0175230721003898,,0,,,,24.666357040405273,31.008094787597656,3,8.36068058013916,descriptive model-only metrics; phase absent for inactive limbs
A1_tonic_no_inhibition_s07,1.0253513099227145,,0,,,,25.182388305664062,26.854467391967773,4,8.38475513458252,descriptive model-only metrics; phase absent for inactive limbs
A1_tonic_randomized_s00,1.0080670435766292,,0,,,,26.19795799255371,0.04113408550620079,4,8.539238929748535,descriptive model-only metrics; phase absent for inactive limbs
A1_tonic_randomized_s01,1.0040122649958312,,0,,,,26.386268615722656,0.0,5,8.340059280395508,descriptive model-only metrics; phase absent for inactive limbs
A1_tonic_randomized_s02,1.004469522813758,,0,,,,23.559354782104492,0.02323724888265133,4,8.367364883422852,descriptive model-only metrics; phase absent for inactive limbs
A1_tonic_randomized_s03,1.0058848459857272,,0,,,,21.576602935791016,1.5059826374053955,5,8.52586841583252,descriptive model-only metrics; phase absent for inactive limbs
A1_tonic_randomized_s04,1.0036587805223938,,0,,,,26.458200454711914,0.0,5,8.560077667236328,descriptive model-only metrics; phase absent for inactive limbs
A1_tonic_randomized_s05,1.0082394180404368,,0,,,,23.027381896972656,0.0,5,8.526670455932617,descriptive model-only metrics; phase absent for inactive limbs
A1_tonic_randomized_s06,1.0024356532911878,,0,,,,24.25904083251953,0.0,4,8.563870429992676,descriptive model-only metrics; phase absent for inactive limbs
A1_tonic_randomized_s07,1.0039234686195315,,0,,,,24.75774383544922,0.06900808215141296,4,8.354300498962402,descriptive model-only metrics; phase absent for inactive limbs
A2_down_large_full_s00,1.4770496203078405,0.9997730255126953,4,8.759733036707452,,,17.920917510986328,2.695878028869629,1,3.9070608615875244,descriptive model-only metrics; phase absent for inactive limbs
A2_down_large_full_s01,1.723116922179392,0.9986059069633484,4,8.898776418242491,,,17.843746185302734,2.650503158569336,1,3.911513090133667,descriptive model-only metrics; phase absent for inactive limbs
A2_down_large_full_s02,1.4478471481757444,0.9997677803039551,3,9.343715239154616,,,15.769203186035156,2.359405040740967,2,3.5267186164855957,descriptive model-only metrics; phase absent for inactive limbs
A2_down_large_full_s03,1.6955644563525663,0.9998636841773987,3,8.620689655172413,,,14.21113395690918,1.9759780168533325,1,3.9070608615875244,descriptive model-only metrics; phase absent for inactive limbs
A2_down_large_full_s04,1.5533418972587705,0.9999165534973145,4,8.898776418242491,,,17.95816421508789,2.7921652793884277,1,4.391944885253906,descriptive model-only metrics; phase absent for inactive limbs
A2_down_large_full_s05,1.4203679242832716,0.9995803833007812,3,8.898776418242491,,,15.299881935119629,2.0753138065338135,2,3.5386693477630615,descriptive model-only metrics; phase absent for inactive limbs
A2_down_large_full_s06,1.5613935204647191,0.9970576167106628,4,9.03781979977753,,,16.473913192749023,2.391953468322754,0,0.0,descriptive model-only metrics; phase absent for inactive limbs
A2_down_large_full_s07,1.464415955027223,0.9995103478431702,3,8.620689655172413,,,16.678333282470703,2.4811928272247314,1,3.911513090133667,descriptive model-only metrics; phase absent for inactive limbs
A2_down_large_no_cpg_s00,1.0011159618260472,,1,,,,17.84033966064453,0.0,0,0.0,descriptive model-only metrics; phase absent for inactive limbs
A2_down_large_no_cpg_s01,1.0010826702484668,,1,,,,17.770565032958984,0.0,0,0.0,descriptive model-only metrics; phase absent for inactive limbs
A2_down_large_no_cpg_s02,1.0004251693914348,,0,,,,15.704971313476562,0.0,1,3.3668830394744873,descriptive model-only metrics; phase absent for inactive limbs
A2_down_large_no_cpg_s03,1.0004706559313823,,0,,,,14.165103912353516,0.0,0,0.0,descriptive model-only metrics; phase absent for inactive limbs
A2_down_large_no_cpg_s04,1.0024734342087158,0.9999926090240479,2,,,,17.871076583862305,0.0,1,3.911513090133667,descriptive model-only metrics; phase absent for inactive limbs
A2_down_large_no_cpg_s05,1.000393444044514,,0,,,,15.247201919555664,0.0,1,3.3668830394744873,descriptive model-only metrics; phase absent for inactive limbs
A2_down_large_no_cpg_s06,1.0011840194805002,,1,,,,16.408788681030273,0.0,0,0.0,descriptive model-only metrics; phase absent for inactive limbs
A2_down_large_no_cpg_s07,1.0000990567214143,,0,,,,16.604185104370117,0.0,0,0.0,descriptive model-only metrics; phase absent for inactive limbs
A2_down_large_no_feedback_s00,1.4749102682017394,0.9998716711997986,4,8.759733036707452,,,17.921100616455078,2.6980433464050293,1,3.9070608615875244,descriptive model-only metrics; phase absent for inactive limbs
A2_down_large_no_feedback_s01,1.7232127719144652,0.9985647797584534,4,8.898776418242491,,,17.84380531311035,2.651125192642212,1,3.911513090133667,descriptive model-only metrics; phase absent for inactive limbs
A2_down_large_no_feedback_s02,1.4467225722871357,0.9998660087585449,3,9.343715239154616,,,15.76921272277832,2.3599207401275635,2,3.4927332401275635,descriptive model-only metrics; phase absent for inactive limbs
A2_down_large_no_feedback_s03,1.696060738903553,0.9998615384101868,3,8.620689655172413,,,14.211130142211914,1.9759796857833862,1,3.9070608615875244,descriptive model-only metrics; phase absent for inactive limbs
A2_down_large_no_feedback_s04,1.5501056321385522,0.99991375207901,4,8.898776418242491,,,17.958171844482422,2.7919881343841553,1,4.389009952545166,descriptive model-only metrics; phase absent for inactive limbs
A2_down_large_no_feedback_s05,1.4217792937949771,0.9994255900382996,3,8.898776418242491,,,15.299901962280273,2.0751945972442627,2,3.522557258605957,descriptive model-only metrics; phase absent for inactive limbs
A2_down_large_no_feedback_s06,1.5615052156194424,0.9970560669898987,4,9.03781979977753,,,16.473899841308594,2.3912649154663086,0,0.0,descriptive model-only metrics; phase absent for inactive limbs
A2_down_large_no_feedback_s07,1.464441173720903,0.9994669556617737,3,8.481646273637374,,,16.678503036499023,2.482609748840332,1,3.911513090133667,descriptive model-only metrics; phase absent for inactive limbs
A2_down_small_full_s00,3.1756604078528725,0.8026360869407654,4,8.759733036707452,8.756254467476769,-0.0034785692306833482,22.98147201538086,4.310241222381592,1,3.9070608615875244,descriptive model-only metrics; phase absent for inactive limbs
A2_down_small_full_s01,4.3315862569849735,0.6545031070709229,4,8.898776418242491,8.339289969025494,-0.5594864492169975,23.063329696655273,4.2317609786987305,2,3.911513090133667,descriptive model-only metrics; phase absent for inactive limbs
A2_down_small_full_s02,2.9801579380505623,0.9142939448356628,3,9.343715239154616,6.433166547533953,-2.9105486916206624,20.473854064941406,3.6271421909332275,2,3.5267186164855957,descriptive model-only metrics; phase absent for inactive limbs
A2_down_small_full_s03,3.4469416163204305,0.7616429328918457,3,8.620689655172413,8.398856325947104,-0.22183332922530852,18.603168487548828,2.937945604324341,2,3.9070608615875244,descriptive model-only metrics; phase absent for inactive limbs
A2_down_small_full_s04,3.53430658594761,0.7176041007041931,4,8.898776418242491,8.81582082439838,-0.08295559384411177,23.25977897644043,4.513929843902588,2,4.391944885253906,descriptive model-only metrics; phase absent for inactive limbs
A2_down_small_full_s05,2.9351186708155845,0.9384180903434753,3,8.898776418242491,8.577555396711936,-0.32122102153055465,19.845640182495117,3.271918296813965,2,3.5386693477630615,descriptive model-only metrics; phase absent for inactive limbs
A2_down_small_full_s06,3.4370111064860724,0.919838011264801,4,9.03781979977753,8.577555396711936,-0.4602644030655938,21.238304138183594,3.6062982082366943,0,0.0,descriptive model-only metrics; phase absent for inactive limbs
A2_down_small_full_s07,3.072828216490106,0.7263315320014954,4,8.620689655172413,8.04145818441744,-0.5792314707549728,21.621646881103516,3.859278678894043,2,3.911513090133667,descriptive model-only metrics; phase absent for inactive limbs
A2_down_small_no_cpg_s00,1.014848427194151,,1,,,,22.860790252685547,0.0,0,0.0,descriptive model-only metrics; phase absent for inactive limbs
A2_down_small_no_cpg_s01,1.0189506477871388,,1,,,,22.954227447509766,0.0,0,0.0,descriptive model-only metrics; phase absent for inactive limbs
A2_down_small_no_cpg_s02,1.0079042161579466,,0,,,,20.3807315826416,0.0,1,3.3668830394744873,descriptive model-only metrics; phase absent for inactive limbs
A2_down_small_no_cpg_s03,1.0118120048500445,,1,,,,18.53479766845703,0.0,0,0.0,descriptive model-only metrics; phase absent for inactive limbs
A2_down_small_no_cpg_s04,1.0447626227397973,0.9999138712882996,2,,,,23.122928619384766,0.0,2,3.911513090133667,descriptive model-only metrics; phase absent for inactive limbs
A2_down_small_no_cpg_s05,1.0082155059274587,,0,,,,19.767580032348633,0.0,1,3.3668830394744873,descriptive model-only metrics; phase absent for inactive limbs
A2_down_small_no_cpg_s06,1.027559999842218,,1,,,,21.137863159179688,0.0,0,0.0,descriptive model-only metrics; phase absent for inactive limbs
A2_down_small_no_cpg_s07,1.0015466710431615,,0,,,,21.51503562927246,0.0,0,0.0,descriptive model-only metrics; phase absent for inactive limbs
A2_down_small_no_feedback_s00,3.1623320719714543,0.8019360899925232,4,8.759733036707452,8.756254467476769,-0.0034785692306833482,22.981624603271484,4.312493801116943,1,3.9070608615875244,descriptive model-only metrics; phase absent for inactive limbs
A2_down_small_no_feedback_s01,4.33213842108297,0.6541483402252197,4,8.898776418242491,8.339289969025494,-0.5594864492169975,23.06342315673828,4.232884883880615,2,3.911513090133667,descriptive model-only metrics; phase absent for inactive limbs
A2_down_small_no_feedback_s02,2.973723810458726,0.9148284792900085,3,9.343715239154616,9.113652609006433,-0.23006263014818273,20.473844528198242,3.62677264213562,2,3.4927332401275635,descriptive model-only metrics; phase absent for inactive limbs
A2_down_small_no_feedback_s03,3.4497720231714957,0.7628996968269348,3,8.620689655172413,8.398856325947104,-0.22183332922530852,18.60327911376953,2.939436912536621,2,3.9070608615875244,descriptive model-only metrics; phase absent for inactive limbs
A2_down_small_no_feedback_s04,3.5198327556166618,0.7183610796928406,4,8.898776418242491,8.81582082439838,-0.08295559384411177,23.259849548339844,4.514526844024658,2,4.389009952545166,descriptive model-only metrics; phase absent for inactive limbs
A2_down_small_no_feedback_s05,2.9446577932153932,0.9377942085266113,3,8.898776418242491,8.577555396711936,-0.32122102153055465,19.845661163330078,3.2722251415252686,2,3.522557258605957,descriptive model-only metrics; phase absent for inactive limbs
A2_down_small_no_feedback_s06,3.4312407760966237,0.9205226302146912,4,9.03781979977753,8.577555396711936,-0.4602644030655938,21.238201141357422,3.60479998588562,0,0.0,descriptive model-only metrics; phase absent for inactive limbs
A2_down_small_no_feedback_s07,3.074674834345242,0.7237038612365723,4,8.481646273637374,8.04145818441744,-0.4401880892199337,21.621925354003906,3.862464427947998,1,3.911513090133667,descriptive model-only metrics; phase absent for inactive limbs
A2_up_large_full_s00,3.8528279368415097,0.36529669165611267,5,8.759733036707452,9.1493924231594,0.38965938645194775,34.49970245361328,7.505499839782715,3,7.757778644561768,descriptive model-only metrics; phase absent for inactive limbs
A2_up_large_full_s01,4.229436351268975,0.3013143241405487,5,8.898776418242491,9.220872051465332,0.3220956332228404,34.94505310058594,7.64583683013916,2,7.5553297996521,descriptive model-only metrics; phase absent for inactive limbs
A2_up_large_full_s02,3.7892379351014682,0.3002001643180847,5,9.343715239154616,9.506790564689064,0.16307532553444837,31.231733322143555,6.847367286682129,2,7.800963401794434,descriptive model-only metrics; phase absent for inactive limbs
A2_up_large_full_s03,3.5155164807166055,0.27650293707847595,5,8.620689655172413,9.077912794853466,0.4572231396810533,28.678808212280273,6.318394184112549,2,7.540093898773193,descriptive model-only metrics; phase absent for inactive limbs
A2_up_large_full_s04,3.507342503036353,0.3572307229042053,5,8.898776418242491,9.292351679771265,0.393575261528774,35.30250930786133,7.896980285644531,2,8.05163288116455,descriptive model-only metrics; phase absent for inactive limbs
A2_up_large_full_s05,3.2073342208551257,0.3540042042732239,5,8.898776418242491,9.292351679771265,0.393575261528774,30.296199798583984,6.378992080688477,2,7.103227615356445,descriptive model-only metrics; phase absent for inactive limbs
A2_up_large_full_s06,3.6435766278761212,0.3646914064884186,6,9.03781979977753,8.9349535382416,-0.10286626153592948,32.05369186401367,7.059528350830078,3,5.271263599395752,descriptive model-only metrics; phase absent for inactive limbs
A2_up_large_full_s07,3.5875010304683896,0.31920745968818665,5,8.620689655172413,9.006433166547534,0.38574351137512153,32.91356658935547,7.075849533081055,2,6.890906810760498,descriptive model-only metrics; phase absent for inactive limbs
A2_up_large_no_cpg_s00,1.056372949504582,0.999961793422699,4,,,,34.315467834472656,0.0,2,5.097667694091797,descriptive model-only metrics; phase absent for inactive limbs
A2_up_large_no_cpg_s01,1.0522914415087654,0.9998951554298401,4,,,,34.77375411987305,0.0,2,4.76096773147583,descriptive model-only metrics; phase absent for inactive limbs
A2_up_large_no_cpg_s02,1.0448400571558192,0.9999825954437256,3,,,,31.07659912109375,0.0,1,4.314543724060059,descriptive model-only metrics; phase absent for inactive limbs
A2_up_large_no_cpg_s03,1.0542447736711988,0.9999178051948547,4,,,,28.545238494873047,0.0,2,4.95134162902832,descriptive model-only metrics; phase absent for inactive limbs
A2_up_large_no_cpg_s04,1.0576699890347134,0.9999904036521912,4,,,,35.09202575683594,0.0,2,5.882036209106445,descriptive model-only metrics; phase absent for inactive limbs
A2_up_large_no_cpg_s05,1.0453808485540275,0.9999606013298035,4,,,,30.154388427734375,0.0,1,4.192094802856445,descriptive model-only metrics; phase absent for inactive limbs
A2_up_large_no_cpg_s06,1.0360570293780322,0.9999309182167053,3,,,,31.894716262817383,0.0,3,3.9779117107391357,descriptive model-only metrics; phase absent for inactive limbs
A2_up_large_no_cpg_s07,1.053348582090517,0.9999510645866394,4,,,,32.741111755371094,0.0,2,4.081997871398926,descriptive model-only metrics; phase absent for inactive limbs
A2_up_large_no_feedback_s00,3.842340989368623,0.36440595984458923,5,8.759733036707452,9.1493924231594,0.38965938645194775,34.49994659423828,7.507755756378174,3,7.761874198913574,descriptive model-only metrics; phase absent for inactive limbs
A2_up_large_no_feedback_s01,4.23453734511032,0.3020530641078949,5,8.898776418242491,9.220872051465332,0.3220956332228404,34.94508361816406,7.647477149963379,2,7.649936676025391,descriptive model-only metrics; phase absent for inactive limbs
A2_up_large_no_feedback_s02,3.8000410966223703,0.29615598917007446,5,9.343715239154616,9.506790564689064,0.16307532553444837,31.231708526611328,6.846948623657227,2,7.932547092437744,descriptive model-only metrics; phase absent for inactive limbs
A2_up_large_no_feedback_s03,3.5144694996099095,0.2770773768424988,5,8.620689655172413,9.077912794853466,0.4572231396810533,28.678775787353516,6.317917823791504,2,7.528134822845459,descriptive model-only metrics; phase absent for inactive limbs
A2_up_large_no_feedback_s04,3.500666719478604,0.35624533891677856,5,8.898776418242491,9.292351679771265,0.393575261528774,35.3024787902832,7.896234512329102,2,8.047642707824707,descriptive model-only metrics; phase absent for inactive limbs
A2_up_large_no_feedback_s05,3.20937617515198,0.35570794343948364,5,8.898776418242491,9.292351679771265,0.393575261528774,30.296192169189453,6.378040790557861,2,7.109516620635986,descriptive model-only metrics; phase absent for inactive limbs
A2_up_large_no_feedback_s06,3.6403960430138147,0.36835429072380066,6,9.03781979977753,8.9349535382416,-0.10286626153592948,32.053619384765625,7.060091495513916,3,5.225009441375732,descriptive model-only metrics; phase absent for inactive limbs
A2_up_large_no_feedback_s07,3.5711223062914454,0.34665462374687195,5,8.481646273637374,9.006433166547534,0.5247868929101607,32.91375732421875,7.078207969665527,2,6.8733439445495605,descriptive model-only metrics; phase absent for inactive limbs
A2_up_small_full_s00,5.614393877877515,0.23969221115112305,5,8.759733036707452,9.077912794853466,0.3181797581460142,29.631038665771484,6.2490057945251465,2,5.085733413696289,descriptive model-only metrics; phase absent for inactive limbs
A2_up_small_full_s01,6.188426963193946,0.14890877902507782,5,8.898776418242491,9.077912794853466,0.17913637661097503,29.92840576171875,6.352370738983154,2,5.007331848144531,descriptive model-only metrics; phase absent for inactive limbs
A2_up_small_full_s02,5.006944413999085,0.21524342894554138,5,9.343715239154616,9.43531093638313,0.0915956972285148,26.686975479125977,5.72019624710083,2,5.066162586212158,descriptive model-only metrics; phase absent for inactive limbs
A2_up_small_full_s03,4.460657216572743,0.1546754390001297,4,8.620689655172413,8.845604002859185,0.22491434768677188,24.40100860595703,4.877676010131836,2,6.121640205383301,descriptive model-only metrics; phase absent for inactive limbs
A2_up_small_full_s04,5.287772013783564,0.20239487290382385,5,8.898776418242491,9.220872051465332,0.3220956332228404,30.218822479248047,6.618699550628662,2,6.540904521942139,descriptive model-only metrics; phase absent for inactive limbs
A2_up_small_full_s05,4.486748918586291,0.17759187519550323,4,8.898776418242491,9.203002144388849,0.3042257261463579,25.870769500732422,5.262456893920898,2,5.685173034667969,descriptive model-only metrics; phase absent for inactive limbs
A2_up_small_full_s06,4.859359747504694,0.36408382654190063,5,9.03781979977753,9.077912794853466,0.04009299507593589,27.491798400878906,5.875436782836914,2,3.543790340423584,descriptive model-only metrics; phase absent for inactive limbs
A2_up_small_full_s07,5.2148657189211605,0.2402503788471222,5,8.620689655172413,8.791994281629735,0.17130462645732258,28.140939712524414,5.861473560333252,2,4.746819972991943,descriptive model-only metrics; phase absent for inactive limbs
A2_up_small_no_cpg_s00,1.0492235759045185,0.9999439120292664,3,,,,29.46187973022461,0.0,2,3.543790340423584,descriptive model-only metrics; phase absent for inactive limbs
A2_up_small_no_cpg_s01,1.048327405770817,0.9999620318412781,3,,,,29.768291473388672,0.0,2,3.4103212356567383,descriptive model-only metrics; phase absent for inactive limbs
A2_up_small_no_cpg_s02,1.0471678917022553,0.9999833703041077,3,,,,26.540809631347656,0.0,1,3.6177918910980225,descriptive model-only metrics; phase absent for inactive limbs
A2_up_small_no_cpg_s03,1.053414453372825,0.9999474883079529,2,,,,24.295669555664062,0.0,2,3.543790340423584,descriptive model-only metrics; phase absent for inactive limbs
A2_up_small_no_cpg_s04,1.0665899398811722,0.9999468326568604,4,,,,30.023494720458984,0.0,2,3.911513090133667,descriptive model-only metrics; phase absent for inactive limbs
A2_up_small_no_cpg_s05,1.0390904957843436,0.999920666217804,3,,,,25.737781524658203,0.0,1,3.6177918910980225,descriptive model-only metrics; phase absent for inactive limbs
A2_up_small_no_cpg_s06,1.0424675210525445,0.9998688697814941,2,,,,27.345319747924805,0.0,1,3.338648796081543,descriptive model-only metrics; phase absent for inactive limbs
A2_up_small_no_cpg_s07,1.0548301767002444,0.999970018863678,3,,,,27.983238220214844,0.0,2,3.4103212356567383,descriptive model-only metrics; phase absent for inactive limbs
A2_up_small_no_feedback_s00,5.558065965558005,0.23192372918128967,5,8.759733036707452,9.077912794853466,0.3181797581460142,29.631505966186523,6.2523088455200195,2,5.128241062164307,descriptive model-only metrics; phase absent for inactive limbs
A2_up_small_no_feedback_s01,6.172638277402381,0.14875327050685883,5,8.898776418242491,9.077912794853466,0.17913637661097503,29.928585052490234,6.353788375854492,2,4.945692539215088,descriptive model-only metrics; phase absent for inactive limbs
A2_up_small_no_feedback_s02,5.067604246671857,0.200763538479805,5,9.343715239154616,9.43531093638313,0.0915956972285148,26.68695831298828,5.717770576477051,2,5.019972801208496,descriptive model-only metrics; phase absent for inactive limbs
A2_up_small_no_feedback_s03,4.462936789185663,0.15495166182518005,4,8.620689655172413,8.845604002859185,0.22491434768677188,24.401018142700195,4.877542495727539,2,6.082329750061035,descriptive model-only metrics; phase absent for inactive limbs
A2_up_small_no_feedback_s04,5.25017902855211,0.20371735095977783,5,8.898776418242491,9.220872051465332,0.3220956332228404,30.218841552734375,6.61817741394043,2,6.502887725830078,descriptive model-only metrics; phase absent for inactive limbs
A2_up_small_no_feedback_s05,4.485770129797816,0.1769111156463623,4,8.898776418242491,9.203002144388849,0.3042257261463579,25.870792388916016,5.261805534362793,2,5.653539180755615,descriptive model-only metrics; phase absent for inactive limbs
A2_up_small_no_feedback_s06,4.8445475982733575,0.36933720111846924,5,9.03781979977753,9.077912794853466,0.04009299507593589,27.491844177246094,5.875916481018066,2,3.543790340423584,descriptive model-only metrics; phase absent for inactive limbs
A2_up_small_no_feedback_s07,5.226160291787499,0.23943600058555603,5,8.481646273637374,8.791994281629735,0.31034800799236173,28.141075134277344,5.862736701965332,2,4.7030839920043945,descriptive model-only metrics; phase absent for inactive limbs
A3_interruption_full_s00,4.310098459333997,0.2138947993516922,4,8.759733036707452,8.845604002859185,0.08587096615173273,26.343120574951172,5.522787094116211,1,3.9070608615875244,descriptive model-only metrics; phase absent for inactive limbs
A3_interruption_full_s01,6.651528761927316,0.07824483513832092,5,8.898776418242491,9.006433166547534,0.10765674830504324,26.528614044189453,5.445433139801025,3,3.911513090133667,descriptive model-only metrics; phase absent for inactive limbs
A3_interruption_full_s02,5.085517150411869,0.15546436607837677,5,9.343715239154616,9.292351679771265,-0.05136355938335058,23.606548309326172,4.852191925048828,2,3.8529841899871826,descriptive model-only metrics; phase absent for inactive limbs
A3_interruption_full_s03,4.183427772389741,0.12019196897745132,4,8.620689655172413,8.577555396711936,-0.04313425846047636,21.52124786376953,4.0770463943481445,1,3.9070608615875244,descriptive model-only metrics; phase absent for inactive limbs
A3_interruption_full_s04,4.947497351006131,0.4284076392650604,4,8.898776418242491,8.9349535382416,0.036177119999109664,26.768207550048828,5.67331600189209,3,4.696816921234131,descriptive model-only metrics; phase absent for inactive limbs
A3_interruption_full_s05,4.734285499952339,0.08405596762895584,3,8.898776418242491,8.9349535382416,0.036177119999109664,22.871810913085938,4.283463954925537,2,3.760594129562378,descriptive model-only metrics; phase absent for inactive limbs
A3_interruption_full_s06,4.869525791673487,0.27953198552131653,4,9.03781979977753,8.9349535382416,-0.10286626153592948,24.388347625732422,4.875663757324219,0,0.0,descriptive model-only metrics; phase absent for inactive limbs
A3_interruption_full_s07,5.086834376212513,0.2017703503370285,4,8.620689655172413,8.577555396711936,-0.04313425846047636,24.918033599853516,5.112737655639648,3,3.911513090133667,descriptive model-only metrics; phase absent for inactive limbs
A3_interruption_no_cpg_s00,1.0007087086798512,,0,,,,26.177139282226562,0.0,0,0.0,descriptive model-only metrics; phase absent for inactive limbs
A3_interruption_no_cpg_s01,1.0017014086868492,,0,,,,26.377979278564453,0.0,1,3.267091751098633,descriptive model-only metrics; phase absent for inactive limbs
A3_interruption_no_cpg_s02,1.000550957951924,,0,,,,23.4742488861084,0.0,1,3.6177918910980225,descriptive model-only metrics; phase absent for inactive limbs
A3_interruption_no_cpg_s03,1.0006105168426265,,0,,,,21.426237106323242,0.0,0,0.0,descriptive model-only metrics; phase absent for inactive limbs
A3_interruption_no_cpg_s04,1.0026454876418096,,0,,,,26.58977699279785,0.0,2,3.911513090133667,descriptive model-only metrics; phase absent for inactive limbs
A3_interruption_no_cpg_s05,1.000458350582497,,0,,,,22.763614654541016,0.0,1,3.6177918910980225,descriptive model-only metrics; phase absent for inactive limbs
A3_interruption_no_cpg_s06,1.0013542453444453,,0,,,,24.25904083251953,0.0,0,0.0,descriptive model-only metrics; phase absent for inactive limbs
A3_interruption_no_cpg_s07,1.0001249323343568,,0,,,,24.765052795410156,0.0,0,0.0,descriptive model-only metrics; phase absent for inactive limbs
A3_interruption_no_feedback_s00,4.3108154563779735,0.24190278351306915,4,8.759733036707452,8.845604002859185,0.08587096615173273,26.3431396484375,5.523714065551758,1,3.9070608615875244,descriptive model-only metrics; phase absent for inactive limbs
A3_interruption_no_feedback_s01,6.650979012112078,0.0770980566740036,5,8.898776418242491,9.006433166547534,0.10765674830504324,26.528640747070312,5.446048736572266,3,3.911513090133667,descriptive model-only metrics; phase absent for inactive limbs
A3_interruption_no_feedback_s02,5.084957724827055,0.15355609357357025,5,9.343715239154616,9.292351679771265,-0.05136355938335058,23.606548309326172,4.853221893310547,2,3.8246278762817383,descriptive model-only metrics; phase absent for inactive limbs
A3_interruption_no_feedback_s03,4.20398815305664,0.10947290807962418,4,8.620689655172413,8.577555396711936,-0.04313425846047636,21.521286010742188,4.077940940856934,1,3.9070608615875244,descriptive model-only metrics; phase absent for inactive limbs
A3_interruption_no_feedback_s04,4.916623279418117,0.4330746829509735,4,8.898776418242491,8.9349535382416,0.036177119999109664,26.768203735351562,5.673061847686768,3,4.663288593292236,descriptive model-only metrics; phase absent for inactive limbs
A3_interruption_no_feedback_s05,4.751893387735858,0.058191750198602676,3,8.898776418242491,8.9349535382416,0.036177119999109664,22.871810913085938,4.283235549926758,2,3.7522921562194824,descriptive model-only metrics; phase absent for inactive limbs
A3_interruption_no_feedback_s06,4.86539759106847,0.2928808033466339,4,9.03781979977753,8.9349535382416,-0.10286626153592948,24.388416290283203,4.877472877502441,0,0.0,descriptive model-only metrics; phase absent for inactive limbs
A3_interruption_no_feedback_s07,5.092061404930458,0.19866633415222168,4,8.481646273637374,8.666904932094353,0.18525865845697886,24.91819190979004,5.114600658416748,3,3.911513090133667,descriptive model-only metrics; phase absent for inactive limbs
A4_delayed_full_s00,4.313702553605175,0.2674907445907593,4,8.759733036707452,8.845604002859185,0.08587096615173273,26.342985153198242,5.5213847160339355,2,3.9070608615875244,descriptive model-only metrics; phase absent for inactive limbs
A4_delayed_full_s01,6.650927490156064,0.07476681470870972,5,8.898776418242491,9.006433166547534,0.10765674830504324,26.528629302978516,5.445771217346191,2,3.911513090133667,descriptive model-only metrics; phase absent for inactive limbs
A4_delayed_full_s02,5.099279384402549,0.15649665892124176,5,9.343715239154616,9.292351679771265,-0.05136355938335058,23.606529235839844,4.853477478027344,2,3.8163859844207764,descriptive model-only metrics; phase absent for inactive limbs
A4_delayed_full_s03,4.266416444405508,0.12198734283447266,4,8.620689655172413,8.577555396711936,-0.04313425846047636,21.52126121520996,4.077319622039795,2,4.660608768463135,descriptive model-only metrics; phase absent for inactive limbs
A4_delayed_full_s04,4.905938787839237,0.4365122616291046,4,8.898776418242491,8.9349535382416,0.036177119999109664,26.768226623535156,5.673313140869141,2,4.670910835266113,descriptive model-only metrics; phase absent for inactive limbs
A4_delayed_full_s05,4.796162399500778,0.04036463052034378,3,8.898776418242491,8.9349535382416,0.036177119999109664,22.871788024902344,4.283378601074219,2,3.7547967433929443,descriptive model-only metrics; phase absent for inactive limbs
A4_delayed_full_s06,4.877803294107667,0.29066675901412964,4,9.03781979977753,8.9349535382416,-0.10286626153592948,24.388221740722656,4.8743791580200195,1,3.338648796081543,descriptive model-only metrics; phase absent for inactive limbs
A4_delayed_full_s07,5.105018306571459,0.2038314938545227,4,8.620689655172413,8.666904932094353,0.04621527692193972,24.917991638183594,5.112494468688965,2,3.911513090133667,descriptive model-only metrics; phase absent for inactive limbs
A4_delayed_no_feedback_s00,4.3108154563779735,0.24190278351306915,4,8.759733036707452,8.845604002859185,0.08587096615173273,26.3431396484375,5.523714065551758,2,3.9070608615875244,descriptive model-only metrics; phase absent for inactive limbs
A4_delayed_no_feedback_s01,6.650979012112078,0.0770980566740036,5,8.898776418242491,9.006433166547534,0.10765674830504324,26.528640747070312,5.446048736572266,2,3.911513090133667,descriptive model-only metrics; phase absent for inactive limbs
A4_delayed_no_feedback_s02,5.084957724827055,0.15355609357357025,5,9.343715239154616,9.292351679771265,-0.05136355938335058,23.606548309326172,4.853221893310547,2,3.8246278762817383,descriptive model-only metrics; phase absent for inactive limbs
A4_delayed_no_feedback_s03,4.20398815305664,0.10947290807962418,4,8.620689655172413,8.577555396711936,-0.04313425846047636,21.521286010742188,4.077940940856934,2,4.647876262664795,descriptive model-only metrics; phase absent for inactive limbs
A4_delayed_no_feedback_s04,4.916623279418117,0.4330746829509735,4,8.898776418242491,8.9349535382416,0.036177119999109664,26.768203735351562,5.673061847686768,2,4.663288593292236,descriptive model-only metrics; phase absent for inactive limbs
A4_delayed_no_feedback_s05,4.751893387735858,0.058191750198602676,3,8.898776418242491,8.9349535382416,0.036177119999109664,22.871810913085938,4.283235549926758,2,3.7522921562194824,descriptive model-only metrics; phase absent for inactive limbs
A4_delayed_no_feedback_s06,4.86539759106847,0.2928808033466339,4,9.03781979977753,8.9349535382416,-0.10286626153592948,24.388416290283203,4.877472877502441,1,3.338648796081543,descriptive model-only metrics; phase absent for inactive limbs
A4_delayed_no_feedback_s07,5.092061404930458,0.19866633415222168,4,8.481646273637374,8.666904932094353,0.18525865845697886,24.91819190979004,5.114600658416748,2,3.911513090133667,descriptive model-only metrics; phase absent for inactive limbs
A4_noisy_full_s00,4.383474200298644,0.24103820323944092,4,8.759733036707452,8.845604002859185,0.08587096615173273,26.342987060546875,5.520358562469482,2,3.9070608615875244,descriptive model-only metrics; phase absent for inactive limbs
A4_noisy_full_s01,6.627290807061174,0.08580318838357925,5,8.898776418242491,9.006433166547534,0.10765674830504324,26.5286865234375,5.445703506469727,2,3.911513090133667,descriptive model-only metrics; phase absent for inactive limbs
A4_noisy_full_s02,5.084140631198186,0.17014466226100922,5,9.343715239154616,9.363831308077199,0.020116068922582997,23.60665512084961,4.855131149291992,2,3.842771291732788,descriptive model-only metrics; phase absent for inactive limbs
A4_noisy_full_s03,4.175636455543508,0.12439781427383423,4,8.620689655172413,8.577555396711936,-0.04313425846047636,21.521228790283203,4.076282024383545,2,4.676519870758057,descriptive model-only metrics; phase absent for inactive limbs
A4_noisy_full_s04,5.128217736616725,0.4293295443058014,4,8.898776418242491,8.9349535382416,0.036177119999109664,26.767982482910156,5.670354843139648,2,4.6499342918396,descriptive model-only metrics; phase absent for inactive limbs
A4_noisy_full_s05,4.644533457621729,0.08468509465456009,3,8.898776418242491,8.9349535382416,0.036177119999109664,22.871694564819336,4.28285026550293,2,3.804917097091675,descriptive model-only metrics; phase absent for inactive limbs
A4_noisy_full_s06,4.8320588981781984,0.27165502309799194,4,9.03781979977753,8.9349535382416,-0.10286626153592948,24.388362884521484,4.876156330108643,1,3.2661633491516113,descriptive model-only metrics; phase absent for inactive limbs
A4_noisy_full_s07,5.07182896765629,0.1880474090576172,4,8.481646273637374,8.577555396711936,0.09590912307456279,24.917940139770508,5.111252784729004,2,3.911513090133667,descriptive model-only metrics; phase absent for inactive limbs
A4_noisy_no_feedback_s00,4.3108154563779735,0.24190278351306915,4,8.759733036707452,8.845604002859185,0.08587096615173273,26.3431396484375,5.523714065551758,2,3.9070608615875244,descriptive model-only metrics; phase absent for inactive limbs
A4_noisy_no_feedback_s01,6.650979012112078,0.0770980566740036,5,8.898776418242491,9.006433166547534,0.10765674830504324,26.528640747070312,5.446048736572266,2,3.911513090133667,descriptive model-only metrics; phase absent for inactive limbs
A4_noisy_no_feedback_s02,5.084957724827055,0.15355609357357025,5,9.343715239154616,9.292351679771265,-0.05136355938335058,23.606548309326172,4.853221893310547,2,3.8246278762817383,descriptive model-only metrics; phase absent for inactive limbs
A4_noisy_no_feedback_s03,4.20398815305664,0.10947290807962418,4,8.620689655172413,8.577555396711936,-0.04313425846047636,21.521286010742188,4.077940940856934,2,4.647876262664795,descriptive model-only metrics; phase absent for inactive limbs
A4_noisy_no_feedback_s04,4.916623279418117,0.4330746829509735,4,8.898776418242491,8.9349535382416,0.036177119999109664,26.768203735351562,5.673061847686768,2,4.663288593292236,descriptive model-only metrics; phase absent for inactive limbs
A4_noisy_no_feedback_s05,4.751893387735858,0.058191750198602676,3,8.898776418242491,8.9349535382416,0.036177119999109664,22.871810913085938,4.283235549926758,2,3.7522921562194824,descriptive model-only metrics; phase absent for inactive limbs
A4_noisy_no_feedback_s06,4.86539759106847,0.2928808033466339,4,9.03781979977753,8.9349535382416,-0.10286626153592948,24.388416290283203,4.877472877502441,1,3.338648796081543,descriptive model-only metrics; phase absent for inactive limbs
A4_noisy_no_feedback_s07,5.092061404930458,0.19866633415222168,4,8.481646273637374,8.666904932094353,0.18525865845697886,24.91819190979004,5.114600658416748,2,3.911513090133667,descriptive model-only metrics; phase absent for inactive limbs
A4_normal_full_s00,4.319719305165413,0.2188914567232132,4,8.759733036707452,8.845604002859185,0.08587096615173273,26.3429012298584,5.519791603088379,2,3.9070608615875244,descriptive model-only metrics; phase absent for inactive limbs
A4_normal_full_s01,6.655384427214007,0.07930698990821838,5,8.898776418242491,9.006433166547534,0.10765674830504324,26.528593063354492,5.445065975189209,2,3.911513090133667,descriptive model-only metrics; phase absent for inactive limbs
A4_normal_full_s02,5.0920591547484975,0.15438486635684967,5,9.343715239154616,9.292351679771265,-0.05136355938335058,23.60651969909668,4.852449417114258,2,3.8545501232147217,descriptive model-only metrics; phase absent for inactive limbs
A4_normal_full_s03,4.181555257239391,0.12109173089265823,4,8.620689655172413,8.577555396711936,-0.04313425846047636,21.52123260498047,4.076860427856445,2,4.704807758331299,descriptive model-only metrics; phase absent for inactive limbs
A4_normal_full_s04,4.95130886866838,0.4284399449825287,4,8.898776418242491,8.9349535382416,0.036177119999109664,26.76820945739746,5.673360824584961,2,4.699162483215332,descriptive model-only metrics; phase absent for inactive limbs
A4_normal_full_s05,4.705957587305716,0.08595776557922363,3,8.898776418242491,8.9349535382416,0.036177119999109664,22.87179946899414,4.283823013305664,2,3.765836000442505,descriptive model-only metrics; phase absent for inactive limbs
A4_normal_full_s06,4.870464632196412,0.25831139087677,4,9.03781979977753,8.9349535382416,-0.10286626153592948,24.388423919677734,4.876720905303955,1,3.338648796081543,descriptive model-only metrics; phase absent for inactive limbs
A4_normal_full_s07,5.0931127371264475,0.1946149468421936,4,8.620689655172413,8.666904932094353,0.04621527692193972,24.917984008789062,5.112625598907471,2,3.911513090133667,descriptive model-only metrics; phase absent for inactive limbs
A4_normal_no_feedback_s00,4.3108154563779735,0.24190278351306915,4,8.759733036707452,8.845604002859185,0.08587096615173273,26.3431396484375,5.523714065551758,2,3.9070608615875244,descriptive model-only metrics; phase absent for inactive limbs
A4_normal_no_feedback_s01,6.650979012112078,0.0770980566740036,5,8.898776418242491,9.006433166547534,0.10765674830504324,26.528640747070312,5.446048736572266,2,3.911513090133667,descriptive model-only metrics; phase absent for inactive limbs
A4_normal_no_feedback_s02,5.084957724827055,0.15355609357357025,5,9.343715239154616,9.292351679771265,-0.05136355938335058,23.606548309326172,4.853221893310547,2,3.8246278762817383,descriptive model-only metrics; phase absent for inactive limbs
A4_normal_no_feedback_s03,4.20398815305664,0.10947290807962418,4,8.620689655172413,8.577555396711936,-0.04313425846047636,21.521286010742188,4.077940940856934,2,4.647876262664795,descriptive model-only metrics; phase absent for inactive limbs
A4_normal_no_feedback_s04,4.916623279418117,0.4330746829509735,4,8.898776418242491,8.9349535382416,0.036177119999109664,26.768203735351562,5.673061847686768,2,4.663288593292236,descriptive model-only metrics; phase absent for inactive limbs
A4_normal_no_feedback_s05,4.751893387735858,0.058191750198602676,3,8.898776418242491,8.9349535382416,0.036177119999109664,22.871810913085938,4.283235549926758,2,3.7522921562194824,descriptive model-only metrics; phase absent for inactive limbs
A4_normal_no_feedback_s06,4.86539759106847,0.2928808033466339,4,9.03781979977753,8.9349535382416,-0.10286626153592948,24.388416290283203,4.877472877502441,1,3.338648796081543,descriptive model-only metrics; phase absent for inactive limbs
A4_normal_no_feedback_s07,5.092061404930458,0.19866633415222168,4,8.481646273637374,8.666904932094353,0.18525865845697886,24.91819190979004,5.114600658416748,2,3.911513090133667,descriptive model-only metrics; phase absent for inactive limbs
A5_late_full_s00,1.6123092524864626,0.2860982418060303,4,8.759733036707452,8.845604002859185,0.08587096615173273,20.380985260009766,4.263775825500488,2,3.9797208309173584,descriptive model-only metrics; phase absent for inactive limbs
A5_late_full_s01,1.960688743224346,0.08631880581378937,5,8.898776418242491,9.006433166547534,0.10765674830504324,20.523744583129883,4.212915420532227,2,3.911298990249634,descriptive model-only metrics; phase absent for inactive limbs
A5_late_full_s02,1.5919423246528308,0.16757163405418396,5,9.343715239154616,9.292351679771265,-0.05136355938335058,18.263904571533203,3.747542381286621,2,3.831021308898926,descriptive model-only metrics; phase absent for inactive limbs
A5_late_full_s03,2.0067218767496833,0.12499713152647018,4,8.620689655172413,8.666904932094353,0.04621527692193972,16.651203155517578,3.1496379375457764,2,3.9898834228515625,descriptive model-only metrics; phase absent for inactive limbs
A5_late_full_s04,1.780807932180317,0.3158967196941376,4,8.898776418242491,8.9349535382416,0.036177119999109664,20.707542419433594,4.38381290435791,2,4.262119293212891,descriptive model-only metrics; phase absent for inactive limbs
A5_late_full_s05,1.5522090377426243,0.0746026262640953,3,8.898776418242491,8.9349535382416,0.036177119999109664,17.69571304321289,3.312445640563965,2,3.7684428691864014,descriptive model-only metrics; phase absent for inactive limbs
A5_late_full_s06,1.7291784011940274,0.27691566944122314,4,9.03781979977753,8.9349535382416,-0.10286626153592948,18.867414474487305,3.762566566467285,1,3.338648796081543,descriptive model-only metrics; phase absent for inactive limbs
A5_late_full_s07,1.6143677760792834,0.22630716860294342,4,8.481646273637374,8.666904932094353,0.18525865845697886,19.277870178222656,3.948735237121582,2,3.911298990249634,descriptive model-only metrics; phase absent for inactive limbs
A5_late_no_dn_s00,0.0,,0,,,,0.0,0.0,0,0.0,descriptive model-only metrics; phase absent for inactive limbs
A5_late_no_dn_s01,0.0,,0,,,,0.0,0.0,0,0.0,descriptive model-only metrics; phase absent for inactive limbs
A5_late_no_dn_s02,0.0,,0,,,,0.0,0.0,0,0.0,descriptive model-only metrics; phase absent for inactive limbs
A5_late_no_dn_s03,0.0,,0,,,,0.0,0.0,0,0.0,descriptive model-only metrics; phase absent for inactive limbs
A5_late_no_dn_s04,0.0,,0,,,,0.0,0.0,0,0.0,descriptive model-only metrics; phase absent for inactive limbs
A5_late_no_dn_s05,0.0,,0,,,,0.0,0.0,0,0.0,descriptive model-only metrics; phase absent for inactive limbs
A5_late_no_dn_s06,0.0,,0,,,,0.0,0.0,0,0.0,descriptive model-only metrics; phase absent for inactive limbs
A5_late_no_dn_s07,0.0,,0,,,,0.0,0.0,0,0.0,descriptive model-only metrics; phase absent for inactive limbs
A5_left_bias_full_s00,3.8025695317426935,,1,8.898776418242491,8.9349535382416,0.036177119999109664,13.347816467285156,2.666958808898926,0,0.0,descriptive model-only metrics; phase absent for inactive limbs
A5_left_bias_full_s01,3.871948531731021,0.1692996472120285,2,9.17686318131257,9.292351679771265,0.11548849845869569,13.800665855407715,2.6838669776916504,0,0.0,descriptive model-only metrics; phase absent for inactive limbs
A5_left_bias_full_s02,3.694803156736924,0.06907317042350769,2,9.454949944382648,9.113652609006433,-0.34129733537621476,12.137041091918945,2.1780545711517334,0,0.0,descriptive model-only metrics; phase absent for inactive limbs
A5_left_bias_full_s03,2.071115738999062,,1,7.78642936596218,7.862759113652609,0.076329747690429,9.103134155273438,1.053638219833374,0,0.0,descriptive model-only metrics; phase absent for inactive limbs
A5_left_bias_full_s04,3.3283775556000803,,1,8.898776418242491,8.9349535382416,0.036177119999109664,12.28827953338623,2.3529248237609863,0,0.0,descriptive model-only metrics; phase absent for inactive limbs
A5_left_bias_full_s05,3.3282122847755735,,1,8.898776418242491,8.9349535382416,0.036177119999109664,11.109857559204102,1.8311457633972168,0,0.0,descriptive model-only metrics; phase absent for inactive limbs
A5_left_bias_full_s06,4.160965938298868,0.11596815288066864,2,9.17686318131257,9.113652609006433,-0.06321057230613647,15.22032642364502,3.192072868347168,0,0.0,descriptive model-only metrics; phase absent for inactive limbs
A5_left_bias_full_s07,3.6013512487663872,,1,8.342602892102335,8.577555396711936,0.23495250460960193,13.162144660949707,2.5504302978515625,0,0.0,descriptive model-only metrics; phase absent for inactive limbs
A5_left_bias_no_dn_s00,0.0,,0,,,,0.0,0.0,0,0.0,descriptive model-only metrics; phase absent for inactive limbs
A5_left_bias_no_dn_s01,0.0,,0,,,,0.0,0.0,0,0.0,descriptive model-only metrics; phase absent for inactive limbs
A5_left_bias_no_dn_s02,0.0,,0,,,,0.0,0.0,0,0.0,descriptive model-only metrics; phase absent for inactive limbs
A5_left_bias_no_dn_s03,0.0,,0,,,,0.0,0.0,0,0.0,descriptive model-only metrics; phase absent for inactive limbs
A5_left_bias_no_dn_s04,0.0,,0,,,,0.0,0.0,0,0.0,descriptive model-only metrics; phase absent for inactive limbs
A5_left_bias_no_dn_s05,0.0,,0,,,,0.0,0.0,0,0.0,descriptive model-only metrics; phase absent for inactive limbs
A5_left_bias_no_dn_s06,0.0,,0,,,,0.0,0.0,0,0.0,descriptive model-only metrics; phase absent for inactive limbs
A5_left_bias_no_dn_s07,0.0,,0,,,,0.0,0.0,0,0.0,descriptive model-only metrics; phase absent for inactive limbs
A5_strong_full_s00,7.264675358338991,0.24222524464130402,5,9.232480533926585,9.220872051465332,-0.0116084824612539,42.18036651611328,9.385656356811523,2,9.183782577514648,descriptive model-only metrics; phase absent for inactive limbs
A5_strong_full_s01,8.089755184343833,0.08592508733272552,5,9.121245828698553,9.220872051465332,0.09962622276677813,42.87205505371094,9.729328155517578,2,8.897241592407227,descriptive model-only metrics; phase absent for inactive limbs
A5_strong_full_s02,7.646370801595855,0.2021075040102005,5,9.343715239154616,9.506790564689064,0.16307532553444837,38.411373138427734,8.72579574584961,2,7.878734111785889,descriptive model-only metrics; phase absent for inactive limbs
A5_strong_full_s03,4.967353838330638,0.16373975574970245,5,9.010011123470523,9.077912794853466,0.06790167138294301,35.41698455810547,8.441360473632812,2,8.55911922454834,descriptive model-only metrics; phase absent for inactive limbs
A5_strong_full_s04,6.8263438475357985,0.18183904886245728,5,9.232480533926585,9.292351679771265,0.059871145844679674,43.344444274902344,10.004220008850098,2,9.83803653717041,descriptive model-only metrics; phase absent for inactive limbs
A5_strong_full_s05,5.980485379577035,0.2617036998271942,5,9.343715239154616,9.292351679771265,-0.05136355938335058,37.28636932373047,8.352335929870605,2,7.22334098815918,descriptive model-only metrics; phase absent for inactive limbs
A5_strong_full_s06,5.5790980414133715,0.3367590010166168,6,8.991472005932517,8.9349535382416,-0.05651846769091584,39.274295806884766,9.134538650512695,3,5.493499755859375,descriptive model-only metrics; phase absent for inactive limbs
A5_strong_full_s07,5.499920739675253,0.26211753487586975,5,9.010011123470523,9.077912794853466,0.06790167138294301,40.44373321533203,8.929689407348633,2,8.223010063171387,descriptive model-only metrics; phase absent for inactive limbs
A5_strong_no_dn_s00,0.0,,0,,,,0.0,0.0,0,0.0,descriptive model-only metrics; phase absent for inactive limbs
A5_strong_no_dn_s01,0.0,,0,,,,0.0,0.0,0,0.0,descriptive model-only metrics; phase absent for inactive limbs
A5_strong_no_dn_s02,0.0,,0,,,,0.0,0.0,0,0.0,descriptive model-only metrics; phase absent for inactive limbs
A5_strong_no_dn_s03,0.0,,0,,,,0.0,0.0,0,0.0,descriptive model-only metrics; phase absent for inactive limbs
A5_strong_no_dn_s04,0.0,,0,,,,0.0,0.0,0,0.0,descriptive model-only metrics; phase absent for inactive limbs
A5_strong_no_dn_s05,0.0,,0,,,,0.0,0.0,0,0.0,descriptive model-only metrics; phase absent for inactive limbs
A5_strong_no_dn_s06,0.0,,0,,,,0.0,0.0,0,0.0,descriptive model-only metrics; phase absent for inactive limbs
A5_strong_no_dn_s07,0.0,,0,,,,0.0,0.0,0,0.0,descriptive model-only metrics; phase absent for inactive limbs
A5_weak_full_s00,1.001951763039461,,0,,,,9.989892959594727,0.02364949882030487,0,0.0,descriptive model-only metrics; phase absent for inactive limbs
A5_weak_full_s01,1.0007328831786304,,0,,,,9.66285514831543,0.0,0,0.0,descriptive model-only metrics; phase absent for inactive limbs
A5_weak_full_s02,1.0000926671845864,,0,,,,8.390771865844727,0.0,0,0.0,descriptive model-only metrics; phase absent for inactive limbs
A5_weak_full_s03,1.000012788180101,,0,,,,7.329341888427734,0.0,0,0.0,descriptive model-only metrics; phase absent for inactive limbs
A5_weak_full_s04,1.001994177698155,,0,,,,9.656604766845703,0.07699970155954361,0,0.0,descriptive model-only metrics; phase absent for inactive limbs
A5_weak_full_s05,1.0000626020407097,,0,,,,8.172065734863281,0.0,0,0.0,descriptive model-only metrics; phase absent for inactive limbs
A5_weak_full_s06,1.00209322117739,,0,,,,9.01917839050293,0.028751906007528305,0,0.0,descriptive model-only metrics; phase absent for inactive limbs
A5_weak_full_s07,1.0000203435791293,,0,,,,8.918411254882812,0.0,0,0.0,descriptive model-only metrics; phase absent for inactive limbs
A5_weak_no_dn_s00,0.0,,0,,,,0.0,0.0,0,0.0,descriptive model-only metrics; phase absent for inactive limbs
A5_weak_no_dn_s01,0.0,,0,,,,0.0,0.0,0,0.0,descriptive model-only metrics; phase absent for inactive limbs
A5_weak_no_dn_s02,0.0,,0,,,,0.0,0.0,0,0.0,descriptive model-only metrics; phase absent for inactive limbs
A5_weak_no_dn_s03,0.0,,0,,,,0.0,0.0,0,0.0,descriptive model-only metrics; phase absent for inactive limbs
A5_weak_no_dn_s04,0.0,,0,,,,0.0,0.0,0,0.0,descriptive model-only metrics; phase absent for inactive limbs
A5_weak_no_dn_s05,0.0,,0,,,,0.0,0.0,0,0.0,descriptive model-only metrics; phase absent for inactive limbs
A5_weak_no_dn_s06,0.0,,0,,,,0.0,0.0,0,0.0,descriptive model-only metrics; phase absent for inactive limbs
A5_weak_no_dn_s07,0.0,,0,,,,0.0,0.0,0,0.0,descriptive model-only metrics; phase absent for inactive limbs
B1_novel_direct_s00,4.300419384615116,0.22723768651485443,4,8.759733036707452,8.845604002859185,0.08587096615173273,26.342960357666016,5.521650791168213,6,9.896000862121582,descriptive model-only metrics; phase absent for inactive limbs
B1_novel_direct_s01,6.661101479243982,0.07570800185203552,5,8.898776418242491,9.006433166547534,0.10765674830504324,26.528675079345703,5.446826934814453,6,9.895819664001465,descriptive model-only metrics; phase absent for inactive limbs
B1_novel_direct_s02,5.093166921703606,0.15520593523979187,5,9.343715239154616,9.292351679771265,-0.05136355938335058,23.606515884399414,4.853000164031982,3,22.425052642822266,descriptive model-only metrics; phase absent for inactive limbs
B1_novel_direct_s03,4.193142500935163,0.11654607206583023,4,8.620689655172413,8.577555396711936,-0.04313425846047636,21.52129364013672,4.077237606048584,6,9.896000862121582,descriptive model-only metrics; phase absent for inactive limbs
B1_novel_direct_s04,4.92094124953121,0.4317237436771393,4,8.898776418242491,8.9349535382416,0.036177119999109664,26.76824951171875,5.674180030822754,6,9.895819664001465,descriptive model-only metrics; phase absent for inactive limbs
B1_novel_direct_s05,4.845087179905057,0.09368827193975449,3,8.898776418242491,8.9349535382416,0.036177119999109664,22.871784210205078,4.283565521240234,3,22.425052642822266,descriptive model-only metrics; phase absent for inactive limbs
B1_novel_direct_s06,4.865576409562563,0.3415561616420746,4,9.03781979977753,8.9349535382416,-0.10286626153592948,24.388513565063477,4.878756046295166,6,9.896000862121582,descriptive model-only metrics; phase absent for inactive limbs
B1_novel_direct_s07,5.090366695216713,0.1917845457792282,4,8.481646273637374,8.666904932094353,0.18525865845697886,24.917903900146484,5.11327600479126,6,9.895819664001465,descriptive model-only metrics; phase absent for inactive limbs
B1_novel_full_s00,4.319719305165413,0.2188914567232132,4,8.759733036707452,8.845604002859185,0.08587096615173273,26.3429012298584,5.519791603088379,2,3.9070608615875244,descriptive model-only metrics; phase absent for inactive limbs
B1_novel_full_s01,6.655384427214007,0.07930698990821838,5,8.898776418242491,9.006433166547534,0.10765674830504324,26.528593063354492,5.445065975189209,2,3.911513090133667,descriptive model-only metrics; phase absent for inactive limbs
B1_novel_full_s02,5.0920591547484975,0.15438486635684967,5,9.343715239154616,9.292351679771265,-0.05136355938335058,23.60651969909668,4.852449417114258,2,3.8545501232147217,descriptive model-only metrics; phase absent for inactive limbs
B1_novel_full_s03,4.181555257239391,0.12109173089265823,4,8.620689655172413,8.577555396711936,-0.04313425846047636,21.52123260498047,4.076860427856445,2,4.704807758331299,descriptive model-only metrics; phase absent for inactive limbs
B1_novel_full_s04,4.95130886866838,0.4284399449825287,4,8.898776418242491,8.9349535382416,0.036177119999109664,26.76820945739746,5.673360824584961,2,4.699162483215332,descriptive model-only metrics; phase absent for inactive limbs
B1_novel_full_s05,4.705957587305716,0.08595776557922363,3,8.898776418242491,8.9349535382416,0.036177119999109664,22.87179946899414,4.283823013305664,2,3.765836000442505,descriptive model-only metrics; phase absent for inactive limbs
B1_novel_full_s06,4.870464632196412,0.25831139087677,4,9.03781979977753,8.9349535382416,-0.10286626153592948,24.388423919677734,4.876720905303955,1,3.338648796081543,descriptive model-only metrics; phase absent for inactive limbs
B1_novel_full_s07,5.0931127371264475,0.1946149468421936,4,8.620689655172413,8.666904932094353,0.04621527692193972,24.917984008789062,5.112625598907471,2,3.911513090133667,descriptive model-only metrics; phase absent for inactive limbs
B1_novel_hand_cpg_s00,4.322127963924585,0.2251594066619873,4,8.759733036707452,8.845604002859185,0.08587096615173273,26.342914581298828,5.5199971199035645,4,7.432656764984131,descriptive model-only metrics; phase absent for inactive limbs
B1_novel_hand_cpg_s01,6.655974703759544,0.07973217219114304,5,8.898776418242491,9.006433166547534,0.10765674830504324,26.528751373291016,5.446721076965332,3,7.283669471740723,descriptive model-only metrics; phase absent for inactive limbs
B1_novel_hand_cpg_s02,5.093631812082488,0.1550408899784088,5,9.343715239154616,9.292351679771265,-0.05136355938335058,23.60657501220703,4.853301048278809,4,7.391013145446777,descriptive model-only metrics; phase absent for inactive limbs
B1_novel_hand_cpg_s03,4.179072003835477,0.12062538415193558,4,8.620689655172413,8.577555396711936,-0.04313425846047636,21.521224975585938,4.076996803283691,4,7.432656764984131,descriptive model-only metrics; phase absent for inactive limbs
B1_novel_hand_cpg_s04,4.954787144595883,0.4242619276046753,4,8.898776418242491,8.9349535382416,0.036177119999109664,26.76834487915039,5.675081253051758,3,7.283669471740723,descriptive model-only metrics; phase absent for inactive limbs
B1_novel_hand_cpg_s05,4.706038251308926,0.089252769947052,3,8.898776418242491,8.9349535382416,0.036177119999109664,22.871845245361328,4.284705638885498,4,7.391013145446777,descriptive model-only metrics; phase absent for inactive limbs
B1_novel_hand_cpg_s06,4.872047317876811,0.2581349015235901,4,9.03781979977753,8.9349535382416,-0.10286626153592948,24.388538360595703,4.8793768882751465,4,7.432656764984131,descriptive model-only metrics; phase absent for inactive limbs
B1_novel_hand_cpg_s07,5.093974427809749,0.19506247341632843,4,8.620689655172413,8.666904932094353,0.04621527692193972,24.918094635009766,5.114495754241943,3,7.283669471740723,descriptive model-only metrics; phase absent for inactive limbs
B1_novel_no_body_mapping_s00,4.319719305165413,0.2188914567232132,4,8.759733036707452,8.845604002859185,0.08587096615173273,26.3429012298584,5.519791603088379,2,3.9070608615875244,descriptive model-only metrics; phase absent for inactive limbs
B1_novel_no_body_mapping_s01,6.655384427214007,0.07930698990821838,5,8.898776418242491,9.006433166547534,0.10765674830504324,26.528593063354492,5.445065975189209,2,3.911513090133667,descriptive model-only metrics; phase absent for inactive limbs
B1_novel_no_body_mapping_s02,5.0920591547484975,0.15438486635684967,5,9.343715239154616,9.292351679771265,-0.05136355938335058,23.60651969909668,4.852449417114258,2,3.8545501232147217,descriptive model-only metrics; phase absent for inactive limbs
B1_novel_no_body_mapping_s03,4.181555257239391,0.12109173089265823,4,8.620689655172413,8.577555396711936,-0.04313425846047636,21.52123260498047,4.076860427856445,2,4.704807758331299,descriptive model-only metrics; phase absent for inactive limbs
B1_novel_no_body_mapping_s04,4.95130886866838,0.4284399449825287,4,8.898776418242491,8.9349535382416,0.036177119999109664,26.76820945739746,5.673360824584961,2,4.699162483215332,descriptive model-only metrics; phase absent for inactive limbs
B1_novel_no_body_mapping_s05,4.705957587305716,0.08595776557922363,3,8.898776418242491,8.9349535382416,0.036177119999109664,22.87179946899414,4.283823013305664,2,3.765836000442505,descriptive model-only metrics; phase absent for inactive limbs
B1_novel_no_body_mapping_s06,4.870464632196412,0.25831139087677,4,9.03781979977753,8.9349535382416,-0.10286626153592948,24.388423919677734,4.876720905303955,1,3.338648796081543,descriptive model-only metrics; phase absent for inactive limbs
B1_novel_no_body_mapping_s07,5.0931127371264475,0.1946149468421936,4,8.620689655172413,8.666904932094353,0.04621527692193972,24.917984008789062,5.112625598907471,2,3.911513090133667,descriptive model-only metrics; phase absent for inactive limbs
B1_novel_no_cpg_s00,1.0007087086798512,,0,,,,26.177139282226562,0.0,1,3.338648796081543,descriptive model-only metrics; phase absent for inactive limbs
B1_novel_no_cpg_s01,1.0017014086868492,,0,,,,26.377979278564453,0.0,1,3.267091751098633,descriptive model-only metrics; phase absent for inactive limbs
B1_novel_no_cpg_s02,1.000550957951924,,0,,,,23.4742488861084,0.0,1,3.6177918910980225,descriptive model-only metrics; phase absent for inactive limbs
B1_novel_no_cpg_s03,1.0006105168426265,,0,,,,21.426237106323242,0.0,1,3.338648796081543,descriptive model-only metrics; phase absent for inactive limbs
B1_novel_no_cpg_s04,1.0026454876418096,,0,,,,26.58977699279785,0.0,2,3.911513090133667,descriptive model-only metrics; phase absent for inactive limbs
B1_novel_no_cpg_s05,1.000458350582497,,0,,,,22.763614654541016,0.0,1,3.6177918910980225,descriptive model-only metrics; phase absent for inactive limbs
B1_novel_no_cpg_s06,1.0013542453444453,,0,,,,24.25904083251953,0.0,0,0.0,descriptive model-only metrics; phase absent for inactive limbs
B1_novel_no_cpg_s07,1.0001249323343568,,0,,,,24.765052795410156,0.0,0,0.0,descriptive model-only metrics; phase absent for inactive limbs
B1_novel_no_delay_s00,1.6745009327403828,,1,15.016685205784203,15.010721944245889,-0.0059632615383140575,26.35524559020996,5.49766731262207,2,3.9070608615875244,descriptive model-only metrics; phase absent for inactive limbs
B1_novel_no_delay_s01,1.9302311882734993,,1,12.79199110122358,12.866333095067905,0.0743419938443246,26.5393123626709,5.305142402648926,2,3.911513090133667,descriptive model-only metrics; phase absent for inactive limbs
B1_novel_no_delay_s02,1.6521763059447807,0.20021601021289825,2,16.129032258064516,9.113652609006433,-7.015379649058083,23.611881256103516,4.768458843231201,2,3.6177918910980225,descriptive model-only metrics; phase absent for inactive limbs
B1_novel_no_delay_s03,1.8244555222508338,0.1577957719564438,2,15.016685205784203,13.402430307362401,-1.6142548984218017,21.52608871459961,4.071877479553223,2,3.9070608615875244,descriptive model-only metrics; phase absent for inactive limbs
B1_novel_no_delay_s04,1.63165092592002,,1,8.342602892102335,14.653323802716226,6.310720910613892,26.7747802734375,5.632585525512695,2,4.294299602508545,descriptive model-only metrics; phase absent for inactive limbs
B1_novel_no_delay_s05,1.5456457971056892,0.1852143257856369,2,9.17686318131257,8.9349535382416,-0.24190964307096863,22.877216339111328,4.309475898742676,2,3.6177918910980225,descriptive model-only metrics; phase absent for inactive limbs
B1_novel_no_delay_s06,1.8614773417026595,,1,14.460511679644048,14.295925661186562,-0.1645860184574861,24.401691436767578,4.742939472198486,1,3.338648796081543,descriptive model-only metrics; phase absent for inactive limbs
B1_novel_no_delay_s07,1.5768428838794983,,1,13.904338153503893,13.938527519656898,0.034189366153004386,24.927013397216797,5.096401691436768,2,3.911513090133667,descriptive model-only metrics; phase absent for inactive limbs
B1_novel_no_dn_s00,0.0,,0,,,,0.0,0.0,0,0.0,descriptive model-only metrics; phase absent for inactive limbs
B1_novel_no_dn_s01,0.0,,0,,,,0.0,0.0,0,0.0,descriptive model-only metrics; phase absent for inactive limbs
B1_novel_no_dn_s02,0.0,,0,,,,0.0,0.0,0,0.0,descriptive model-only metrics; phase absent for inactive limbs
B1_novel_no_dn_s03,0.0,,0,,,,0.0,0.0,0,0.0,descriptive model-only metrics; phase absent for inactive limbs
B1_novel_no_dn_s04,0.0,,0,,,,0.0,0.0,0,0.0,descriptive model-only metrics; phase absent for inactive limbs
B1_novel_no_dn_s05,0.0,,0,,,,0.0,0.0,0,0.0,descriptive model-only metrics; phase absent for inactive limbs
B1_novel_no_dn_s06,0.0,,0,,,,0.0,0.0,0,0.0,descriptive model-only metrics; phase absent for inactive limbs
B1_novel_no_dn_s07,0.0,,0,,,,0.0,0.0,0,0.0,descriptive model-only metrics; phase absent for inactive limbs
B1_novel_no_feedback_s00,4.3108154563779735,0.24190278351306915,4,8.759733036707452,8.845604002859185,0.08587096615173273,26.3431396484375,5.523714065551758,2,3.9070608615875244,descriptive model-only metrics; phase absent for inactive limbs
B1_novel_no_feedback_s01,6.650979012112078,0.0770980566740036,5,8.898776418242491,9.006433166547534,0.10765674830504324,26.528640747070312,5.446048736572266,2,3.911513090133667,descriptive model-only metrics; phase absent for inactive limbs
B1_novel_no_feedback_s02,5.084957724827055,0.15355609357357025,5,9.343715239154616,9.292351679771265,-0.05136355938335058,23.606548309326172,4.853221893310547,2,3.8246278762817383,descriptive model-only metrics; phase absent for inactive limbs
B1_novel_no_feedback_s03,4.20398815305664,0.10947290807962418,4,8.620689655172413,8.577555396711936,-0.04313425846047636,21.521286010742188,4.077940940856934,2,4.647876262664795,descriptive model-only metrics; phase absent for inactive limbs
B1_novel_no_feedback_s04,4.916623279418117,0.4330746829509735,4,8.898776418242491,8.9349535382416,0.036177119999109664,26.768203735351562,5.673061847686768,2,4.663288593292236,descriptive model-only metrics; phase absent for inactive limbs
B1_novel_no_feedback_s05,4.751893387735858,0.058191750198602676,3,8.898776418242491,8.9349535382416,0.036177119999109664,22.871810913085938,4.283235549926758,2,3.7522921562194824,descriptive model-only metrics; phase absent for inactive limbs
B1_novel_no_feedback_s06,4.86539759106847,0.2928808033466339,4,9.03781979977753,8.9349535382416,-0.10286626153592948,24.388416290283203,4.877472877502441,1,3.338648796081543,descriptive model-only metrics; phase absent for inactive limbs
B1_novel_no_feedback_s07,5.092061404930458,0.19866633415222168,4,8.481646273637374,8.666904932094353,0.18525865845697886,24.91819190979004,5.114600658416748,2,3.911513090133667,descriptive model-only metrics; phase absent for inactive limbs
B1_novel_no_inhibition_s00,1.0149951460037383,0.9401273727416992,3,1.668520578420467,2.382654276864427,0.7141336984439599,26.722938537597656,31.28022003173828,3,9.593487739562988,descriptive model-only metrics; phase absent for inactive limbs
B1_novel_no_inhibition_s01,1.0133654306210083,0.9334558248519897,2,1.1123470522803114,2.8591851322373123,1.746838079957001,27.001384735107422,38.97438049316406,2,7.595399379730225,descriptive model-only metrics; phase absent for inactive limbs
B1_novel_no_inhibition_s02,1.0221868587470764,,1,2.2246941045606228,2.144388849177984,-0.08030525538263866,23.86067008972168,25.056991577148438,3,9.593487739562988,descriptive model-only metrics; phase absent for inactive limbs
B1_novel_no_inhibition_s03,1.0112270884157217,0.8228080868721008,3,1.668520578420467,2.382654276864427,0.7141336984439599,21.92436981201172,27.09357452392578,3,7.495505332946777,descriptive model-only metrics; phase absent for inactive limbs
B1_novel_no_inhibition_s04,1.0154335446271743,0.9598469734191895,2,1.1123470522803114,2.8591851322373123,1.746838079957001,27.227745056152344,32.86189651489258,2,9.855690956115723,descriptive model-only metrics; phase absent for inactive limbs
B1_novel_no_inhibition_s05,1.0329910748382416,,1,2.2246941045606228,2.144388849177984,-0.08030525538263866,23.063079833984375,21.93476676940918,3,9.526714324951172,descriptive model-only metrics; phase absent for inactive limbs
B1_novel_no_inhibition_s06,1.0179989123424862,0.8401190042495728,2,,1.608291636883488,,24.663333892822266,30.712242126464844,2,9.593487739562988,descriptive model-only metrics; phase absent for inactive limbs
B1_novel_no_inhibition_s07,1.0262978768234028,0.9073204398155212,2,1.1123470522803114,2.8591851322373123,1.746838079957001,25.178569793701172,26.53398895263672,2,7.496618747711182,descriptive model-only metrics; phase absent for inactive limbs
B1_novel_no_interleg_s00,4.319719305165413,0.2188914567232132,4,8.759733036707452,8.845604002859185,0.08587096615173273,26.3429012298584,5.519791603088379,2,3.9070608615875244,descriptive model-only metrics; phase absent for inactive limbs
B1_novel_no_interleg_s01,6.655384427214007,0.07930698990821838,5,8.898776418242491,9.006433166547534,0.10765674830504324,26.528593063354492,5.445065975189209,2,3.911513090133667,descriptive model-only metrics; phase absent for inactive limbs
B1_novel_no_interleg_s02,5.0920591547484975,0.15438486635684967,5,9.343715239154616,9.292351679771265,-0.05136355938335058,23.60651969909668,4.852449417114258,2,3.8545501232147217,descriptive model-only metrics; phase absent for inactive limbs
B1_novel_no_interleg_s03,4.181555257239391,0.12109173089265823,4,8.620689655172413,8.577555396711936,-0.04313425846047636,21.52123260498047,4.076860427856445,2,4.704807758331299,descriptive model-only metrics; phase absent for inactive limbs
B1_novel_no_interleg_s04,4.95130886866838,0.4284399449825287,4,8.898776418242491,8.9349535382416,0.036177119999109664,26.76820945739746,5.673360824584961,2,4.699162483215332,descriptive model-only metrics; phase absent for inactive limbs
B1_novel_no_interleg_s05,4.705957587305716,0.08595776557922363,3,8.898776418242491,8.9349535382416,0.036177119999109664,22.87179946899414,4.283823013305664,2,3.765836000442505,descriptive model-only metrics; phase absent for inactive limbs
B1_novel_no_interleg_s06,4.870464632196412,0.25831139087677,4,9.03781979977753,8.9349535382416,-0.10286626153592948,24.388423919677734,4.876720905303955,1,3.338648796081543,descriptive model-only metrics; phase absent for inactive limbs
B1_novel_no_interleg_s07,5.0931127371264475,0.1946149468421936,4,8.620689655172413,8.666904932094353,0.04621527692193972,24.917984008789062,5.112625598907471,2,3.911513090133667,descriptive model-only metrics; phase absent for inactive limbs
B1_novel_no_intraleg_s00,1.023061905536394,,0,,,,26.248077392578125,2.917067527770996,1,3.338648796081543,descriptive model-only metrics; phase absent for inactive limbs
B1_novel_no_intraleg_s01,1.0246228293272708,,0,,,,26.465858459472656,3.155782699584961,1,3.267091751098633,descriptive model-only metrics; phase absent for inactive limbs
B1_novel_no_intraleg_s02,1.0222016777357337,,0,,,,23.538183212280273,2.5322184562683105,1,3.6177918910980225,descriptive model-only metrics; phase absent for inactive limbs
B1_novel_no_intraleg_s03,1.0255027309018063,,0,,,,21.467620849609375,2.2824440002441406,1,3.338648796081543,descriptive model-only metrics; phase absent for inactive limbs
B1_novel_no_intraleg_s04,1.0225745224384342,,0,,,,26.6717529296875,3.0900049209594727,2,3.911513090133667,descriptive model-only metrics; phase absent for inactive limbs
B1_novel_no_intraleg_s05,1.0243623539871682,,0,,,,22.821182250976562,2.3449161052703857,1,3.6177918910980225,descriptive model-only metrics; phase absent for inactive limbs
B1_novel_no_intraleg_s06,1.0247528630126008,,0,,,,24.353944778442383,2.694883108139038,0,0.0,descriptive model-only metrics; phase absent for inactive limbs
B1_novel_no_intraleg_s07,1.023329409708255,,0,,,,24.841947555541992,2.737778663635254,0,0.0,descriptive model-only metrics; phase absent for inactive limbs
B1_novel_no_memory_s00,4.322750870163063,0.25022757053375244,4,8.759733036707452,8.845604002859185,0.08587096615173273,26.343128204345703,5.522817611694336,3,4.222879886627197,descriptive model-only metrics; phase absent for inactive limbs
B1_novel_no_memory_s01,6.657022646317732,0.07376671582460403,5,8.898776418242491,9.006433166547534,0.10765674830504324,26.528602600097656,5.4455413818359375,3,4.532394886016846,descriptive model-only metrics; phase absent for inactive limbs
B1_novel_no_memory_s02,5.093608933907061,0.15686652064323425,5,9.343715239154616,9.292351679771265,-0.05136355938335058,23.606531143188477,4.853696823120117,3,4.619274139404297,descriptive model-only metrics; phase absent for inactive limbs
B1_novel_no_memory_s03,4.1991302101266905,0.1114312931895256,4,8.620689655172413,8.577555396711936,-0.04313425846047636,21.52130889892578,4.077569961547852,3,4.7191057205200195,descriptive model-only metrics; phase absent for inactive limbs
B1_novel_no_memory_s04,4.926503509665164,0.4144202768802643,4,8.898776418242491,8.9349535382416,0.036177119999109664,26.76821517944336,5.673646926879883,3,4.532265663146973,descriptive model-only metrics; phase absent for inactive limbs
B1_novel_no_memory_s05,4.76162463302056,0.06712017208337784,3,8.898776418242491,8.9349535382416,0.036177119999109664,22.871795654296875,4.283169746398926,2,3.9205329418182373,descriptive model-only metrics; phase absent for inactive limbs
B1_novel_no_memory_s06,4.872682935285193,0.2571457326412201,4,9.03781979977753,8.9349535382416,-0.10286626153592948,24.38831329345703,4.876519203186035,2,3.8673887252807617,descriptive model-only metrics; phase absent for inactive limbs
B1_novel_no_memory_s07,5.111045460006048,0.1947106122970581,4,8.481646273637374,8.666904932094353,0.18525865845697886,24.917980194091797,5.112468242645264,3,4.0550856590271,descriptive model-only metrics; phase absent for inactive limbs
B1_novel_randomized_s00,1.0080670435766292,,0,,,,26.19795799255371,0.04113408550620079,4,9.842785835266113,descriptive model-only metrics; phase absent for inactive limbs
B1_novel_randomized_s01,1.0040122649958312,,0,,,,26.386268615722656,0.0,3,9.855690956115723,descriptive model-only metrics; phase absent for inactive limbs
B1_novel_randomized_s02,1.004469522813758,,0,,,,23.559354782104492,0.02323724888265133,4,9.712440490722656,descriptive model-only metrics; phase absent for inactive limbs
B1_novel_randomized_s03,1.0059196111317934,,0,,,,21.576602935791016,1.5059260129928589,4,9.712440490722656,descriptive model-only metrics; phase absent for inactive limbs
B1_novel_randomized_s04,1.0036587805223938,,0,,,,26.458200454711914,0.0,3,9.855690956115723,descriptive model-only metrics; phase absent for inactive limbs
B1_novel_randomized_s05,1.0082394180404368,,0,,,,23.027381896972656,0.0,4,9.712440490722656,descriptive model-only metrics; phase absent for inactive limbs
B1_novel_randomized_s06,1.0024356532911878,,0,,,,24.25904083251953,0.0,4,9.712440490722656,descriptive model-only metrics; phase absent for inactive limbs
B1_novel_randomized_s07,1.0039234686195315,,0,,,,24.75774383544922,0.06900808215141296,3,9.712440490722656,descriptive model-only metrics; phase absent for inactive limbs
B1_novel_rnn_s00,1.0279019664663647,,0,1.1123470522803114,1.072194424588992,-0.04015262769131933,95.20933532714844,3.7746191024780273,4,9.842785835266113,descriptive model-only metrics; phase absent for inactive limbs
B1_novel_rnn_s01,1.0266296545081213,0.9999684691429138,3,1.853911753800519,,,95.39120483398438,4.409109115600586,3,9.855690956115723,descriptive model-only metrics; phase absent for inactive limbs
B1_novel_rnn_s02,1.0280192853060286,0.9986966252326965,3,2.780867630700778,2.144388849177984,-0.6364787815227939,95.2588119506836,3.4615912437438965,4,9.712440490722656,descriptive model-only metrics; phase absent for inactive limbs
B1_novel_rnn_s03,1.0316261001522151,0.9999509453773499,2,2.4471635150166846,3.5739814152966405,1.1268179002799559,95.39140319824219,2.9679784774780273,4,9.842785835266113,descriptive model-only metrics; phase absent for inactive limbs
B1_novel_rnn_s04,1.0248875605907133,,1,2.0022246941045605,2.8591851322373123,0.8569604381327518,95.19157409667969,2.6557445526123047,3,9.855690956115723,descriptive model-only metrics; phase absent for inactive limbs
B1_novel_rnn_s05,1.034173652448388,0.9995558857917786,3,2.780867630700779,2.0252561353347627,-0.7556114953660162,95.24871826171875,3.959674835205078,4,9.712440490722656,descriptive model-only metrics; phase absent for inactive limbs
B1_novel_rnn_s06,1.0282417058144695,0.9997991919517517,2,1.946607341490545,2.6804860614724806,0.7338787199819357,95.4013442993164,3.2672650814056396,4,9.842785835266113,descriptive model-only metrics; phase absent for inactive limbs
B1_novel_rnn_s07,1.02432774648331,0.9992456436157227,4,2.6696329254727473,2.3230879199428163,-0.34654500552993106,95.25813293457031,2.2125139236450195,3,9.855690956115723,descriptive model-only metrics; phase absent for inactive limbs
B1_novel_sequence_specific_s00,4.308000592280755,0.24047482013702393,4,8.759733036707452,8.756254467476769,-0.0034785692306833482,26.342981338500977,5.521631240844727,6,10.863838195800781,descriptive model-only metrics; phase absent for inactive limbs
B1_novel_sequence_specific_s01,6.664926944740486,0.07540252804756165,5,8.898776418242491,9.006433166547534,0.10765674830504324,26.528409957885742,5.444318771362305,6,29.99993133544922,descriptive model-only metrics; phase absent for inactive limbs
B1_novel_sequence_specific_s02,5.09751790588282,0.1751675307750702,5,9.343715239154616,9.292351679771265,-0.05136355938335058,23.606534957885742,4.854498386383057,3,10.863839149475098,descriptive model-only metrics; phase absent for inactive limbs
B1_novel_sequence_specific_s03,4.1719375151392635,0.11495792120695114,4,8.620689655172413,8.577555396711936,-0.04313425846047636,21.521265029907227,4.078458309173584,6,10.863838195800781,descriptive model-only metrics; phase absent for inactive limbs
B1_novel_sequence_specific_s04,4.965976164266547,0.44821664690971375,4,8.898776418242491,8.9349535382416,0.036177119999109664,26.768226623535156,5.673940181732178,6,29.99993133544922,descriptive model-only metrics; phase absent for inactive limbs
B1_novel_sequence_specific_s05,4.794175167159237,0.05977020040154457,3,8.898776418242491,8.9349535382416,0.036177119999109664,22.871885299682617,4.285247802734375,3,10.863839149475098,descriptive model-only metrics; phase absent for inactive limbs
B1_novel_sequence_specific_s06,4.900570659089604,0.33403030037879944,4,9.03781979977753,8.9349535382416,-0.10286626153592948,24.388452529907227,4.878695964813232,6,10.863838195800781,descriptive model-only metrics; phase absent for inactive limbs
B1_novel_sequence_specific_s07,5.062749177114357,0.21295566856861115,4,8.481646273637374,8.577555396711936,0.09590912307456279,24.91771697998047,5.110393524169922,6,29.99993133544922,descriptive model-only metrics; phase absent for inactive limbs
B2_height_direct_s00,4.306198964468103,0.2356906682252884,4,8.759733036707452,8.845604002859185,0.08587096615173273,26.342971801757812,5.523118019104004,6,17.545555114746094,descriptive model-only metrics; phase absent for inactive limbs
B2_height_direct_s01,6.662388096299233,0.07589942961931229,5,8.898776418242491,9.006433166547534,0.10765674830504324,26.528762817382812,5.449462413787842,6,17.508136749267578,descriptive model-only metrics; phase absent for inactive limbs
B2_height_direct_s02,5.093190681548249,0.15441522002220154,5,9.343715239154616,9.292351679771265,-0.05136355938335058,23.60655975341797,4.854763984680176,3,32.477088928222656,descriptive model-only metrics; phase absent for inactive limbs
B2_height_direct_s03,4.201412533516448,0.11840749531984329,4,8.620689655172413,8.577555396711936,-0.04313425846047636,21.521305084228516,4.078303813934326,6,17.545555114746094,descriptive model-only metrics; phase absent for inactive limbs
B2_height_direct_s04,4.953745445318342,0.4306374788284302,4,8.898776418242491,8.9349535382416,0.036177119999109664,26.768367767333984,5.676761150360107,6,17.508136749267578,descriptive model-only metrics; phase absent for inactive limbs
B2_height_direct_s05,4.8644190880097815,0.09122965484857559,3,8.898776418242491,8.9349535382416,0.036177119999109664,22.871864318847656,4.285377502441406,3,32.477088928222656,descriptive model-only metrics; phase absent for inactive limbs
B2_height_direct_s06,4.867184419866097,0.3418087661266327,4,9.03781979977753,8.9349535382416,-0.10286626153592948,24.388671875,4.882950305938721,6,17.545555114746094,descriptive model-only metrics; phase absent for inactive limbs
B2_height_direct_s07,5.092790033961739,0.19095192849636078,4,8.481646273637374,8.666904932094353,0.18525865845697886,24.918062210083008,5.116398811340332,6,17.508136749267578,descriptive model-only metrics; phase absent for inactive limbs
B2_height_full_s00,4.323154774237874,0.21781475841999054,4,8.759733036707452,8.845604002859185,0.08587096615173273,26.343036651611328,5.521597385406494,4,4.32055139541626,descriptive model-only metrics; phase absent for inactive limbs
B2_height_full_s01,6.64940285695842,0.07731828838586807,5,8.898776418242491,9.006433166547534,0.10765674830504324,26.52865982055664,5.446057319641113,4,4.248593330383301,descriptive model-only metrics; phase absent for inactive limbs
B2_height_full_s02,5.093752457189874,0.16718216240406036,5,9.343715239154616,9.292351679771265,-0.05136355938335058,23.60649871826172,4.852953910827637,3,4.093151092529297,descriptive model-only metrics; phase absent for inactive limbs
B2_height_full_s03,4.197698610469742,0.12165208905935287,4,8.620689655172413,8.577555396711936,-0.04313425846047636,21.52118682861328,4.074436187744141,4,4.814568042755127,descriptive model-only metrics; phase absent for inactive limbs
B2_height_full_s04,4.901784473796269,0.43394458293914795,4,8.898776418242491,8.9349535382416,0.036177119999109664,26.768226623535156,5.673479080200195,4,4.813764572143555,descriptive model-only metrics; phase absent for inactive limbs
B2_height_full_s05,4.761614029635243,0.0913032814860344,3,8.898776418242491,8.9349535382416,0.036177119999109664,22.87177848815918,4.283442497253418,2,3.9888620376586914,descriptive model-only metrics; phase absent for inactive limbs
B2_height_full_s06,4.835431201356517,0.2666598856449127,4,8.898776418242491,8.9349535382416,0.036177119999109664,24.388273239135742,4.874689102172852,2,5.19539213180542,descriptive model-only metrics; phase absent for inactive limbs
B2_height_full_s07,5.119552694033195,0.2049296349287033,4,8.481646273637374,8.666904932094353,0.18525865845697886,24.918209075927734,5.114821434020996,4,4.53849983215332,descriptive model-only metrics; phase absent for inactive limbs
B2_height_no_body_mapping_s00,4.316212732684906,0.22532396018505096,4,8.759733036707452,8.845604002859185,0.08587096615173273,26.343055725097656,5.522707462310791,3,13.110295295715332,descriptive model-only metrics; phase absent for inactive limbs
B2_height_no_body_mapping_s01,6.6552087408575575,0.0802827924489975,5,8.898776418242491,9.006433166547534,0.10765674830504324,26.528663635253906,5.446889877319336,4,13.109397888183594,descriptive model-only metrics; phase absent for inactive limbs
B2_height_no_body_mapping_s02,5.096866572866372,0.15721739828586578,5,9.343715239154616,9.292351679771265,-0.05136355938335058,23.6065616607666,4.8543381690979,3,13.073196411132812,descriptive model-only metrics; phase absent for inactive limbs
B2_height_no_body_mapping_s03,4.198532137708509,0.11111976951360703,4,8.620689655172413,8.577555396711936,-0.04313425846047636,21.521202087402344,4.075250625610352,3,12.559396743774414,descriptive model-only metrics; phase absent for inactive limbs
B2_height_no_body_mapping_s04,4.93986002132902,0.42848458886146545,4,8.898776418242491,8.9349535382416,0.036177119999109664,26.768226623535156,5.6742353439331055,3,12.892556190490723,descriptive model-only metrics; phase absent for inactive limbs
B2_height_no_body_mapping_s05,4.764856558890781,0.08008688688278198,3,8.898776418242491,8.9349535382416,0.036177119999109664,22.871803283691406,4.284818649291992,2,13.023784637451172,descriptive model-only metrics; phase absent for inactive limbs
B2_height_no_body_mapping_s06,4.86509492073503,0.2676917016506195,4,9.03781979977753,8.9349535382416,-0.10286626153592948,24.388347625732422,4.876376628875732,3,14.02353286743164,descriptive model-only metrics; phase absent for inactive limbs
B2_height_no_body_mapping_s07,5.106785706619627,0.201593816280365,4,8.481646273637374,8.666904932094353,0.18525865845697886,24.918212890625,5.115415573120117,3,13.337672233581543,descriptive model-only metrics; phase absent for inactive limbs
B2_height_no_memory_s00,4.306667918056432,0.24917839467525482,4,8.759733036707452,8.845604002859185,0.08587096615173273,26.34320068359375,5.5243024826049805,4,6.861935615539551,descriptive model-only metrics; phase absent for inactive limbs
B2_height_no_memory_s01,6.655947722127654,0.0762062668800354,5,8.898776418242491,9.006433166547534,0.10765674830504324,26.528682708740234,5.445949554443359,3,3.6187222003936768,descriptive model-only metrics; phase absent for inactive limbs
B2_height_no_memory_s02,5.079139005755381,0.15599744021892548,5,9.343715239154616,9.292351679771265,-0.05136355938335058,23.60654067993164,4.8537092208862305,4,7.670627117156982,descriptive model-only metrics; phase absent for inactive limbs
B2_height_no_memory_s03,4.2333491032316015,0.10109887272119522,4,8.620689655172413,8.577555396711936,-0.04313425846047636,21.521259307861328,4.075002193450928,4,8.08371639251709,descriptive model-only metrics; phase absent for inactive limbs
B2_height_no_memory_s04,4.904278761707907,0.43034660816192627,4,8.898776418242491,8.9349535382416,0.036177119999109664,26.768205642700195,5.673311233520508,3,4.167309761047363,descriptive model-only metrics; phase absent for inactive limbs
B2_height_no_memory_s05,4.766033337482682,0.07466746121644974,3,8.898776418242491,8.9349535382416,0.036177119999109664,22.87177276611328,4.283146381378174,3,7.33937406539917,descriptive model-only metrics; phase absent for inactive limbs
B2_height_no_memory_s06,4.85706189779363,0.24994255602359772,4,9.03781979977753,8.9349535382416,-0.10286626153592948,24.388410568237305,4.877354145050049,2,6.829999923706055,descriptive model-only metrics; phase absent for inactive limbs
B2_height_no_memory_s07,5.077611669565813,0.1940596103668213,4,8.481646273637374,8.666904932094353,0.18525865845697886,24.918149948120117,5.113987922668457,3,3.748506546020508,descriptive model-only metrics; phase absent for inactive limbs
B2_mirrored_direct_s00,4.300419384615116,0.22723768651485443,4,8.759733036707452,8.845604002859185,0.08587096615173273,26.342960357666016,5.521650791168213,6,9.896000862121582,descriptive model-only metrics; phase absent for inactive limbs
B2_mirrored_direct_s01,6.661101479243982,0.07570800185203552,5,8.898776418242491,9.006433166547534,0.10765674830504324,26.528675079345703,5.446826934814453,6,9.895819664001465,descriptive model-only metrics; phase absent for inactive limbs
B2_mirrored_direct_s02,5.093166921703606,0.15520593523979187,5,9.343715239154616,9.292351679771265,-0.05136355938335058,23.606515884399414,4.853000164031982,3,22.425052642822266,descriptive model-only metrics; phase absent for inactive limbs
B2_mirrored_direct_s03,4.193142500935163,0.11654607206583023,4,8.620689655172413,8.577555396711936,-0.04313425846047636,21.52129364013672,4.077237606048584,6,9.896000862121582,descriptive model-only metrics; phase absent for inactive limbs
B2_mirrored_direct_s04,4.92094124953121,0.4317237436771393,4,8.898776418242491,8.9349535382416,0.036177119999109664,26.76824951171875,5.674180030822754,6,9.895819664001465,descriptive model-only metrics; phase absent for inactive limbs
B2_mirrored_direct_s05,4.845087179905057,0.09368827193975449,3,8.898776418242491,8.9349535382416,0.036177119999109664,22.871784210205078,4.283565521240234,3,22.425052642822266,descriptive model-only metrics; phase absent for inactive limbs
B2_mirrored_direct_s06,4.865576409562563,0.3415561616420746,4,9.03781979977753,8.9349535382416,-0.10286626153592948,24.388513565063477,4.878756046295166,6,9.896000862121582,descriptive model-only metrics; phase absent for inactive limbs
B2_mirrored_direct_s07,5.090366695216713,0.1917845457792282,4,8.481646273637374,8.666904932094353,0.18525865845697886,24.917903900146484,5.11327600479126,6,9.895819664001465,descriptive model-only metrics; phase absent for inactive limbs
B2_mirrored_full_s00,4.314103088044306,0.253557026386261,4,8.759733036707452,8.845604002859185,0.08587096615173273,26.342926025390625,5.520796298980713,2,3.907508611679077,descriptive model-only metrics; phase absent for inactive limbs
B2_mirrored_full_s01,6.655810481108696,0.07766076922416687,5,8.898776418242491,9.006433166547534,0.10765674830504324,26.528636932373047,5.4462432861328125,2,3.862236738204956,descriptive model-only metrics; phase absent for inactive limbs
B2_mirrored_full_s02,5.10098976554892,0.15276232361793518,5,9.343715239154616,9.292351679771265,-0.05136355938335058,23.606544494628906,4.853555679321289,2,3.5809359550476074,descriptive model-only metrics; phase absent for inactive limbs
B2_mirrored_full_s03,4.216621291291904,0.10897485166788101,4,8.620689655172413,8.577555396711936,-0.04313425846047636,21.521286010742188,4.078714370727539,2,4.342056751251221,descriptive model-only metrics; phase absent for inactive limbs
B2_mirrored_full_s04,4.8935767406533355,0.409115195274353,4,8.898776418242491,8.9349535382416,0.036177119999109664,26.76830291748047,5.67448616027832,2,4.346001148223877,descriptive model-only metrics; phase absent for inactive limbs
B2_mirrored_full_s05,4.722399776132783,0.048185233026742935,3,8.898776418242491,8.9349535382416,0.036177119999109664,22.871788024902344,4.284370422363281,2,3.466813802719116,descriptive model-only metrics; phase absent for inactive limbs
B2_mirrored_full_s06,4.863958037003967,0.28513601422309875,4,9.03781979977753,8.9349535382416,-0.10286626153592948,24.388456344604492,4.878336429595947,1,3.338648796081543,descriptive model-only metrics; phase absent for inactive limbs
B2_mirrored_full_s07,5.096593824007955,0.19504137337207794,4,8.481646273637374,8.577555396711936,0.09590912307456279,24.918087005615234,5.113517761230469,2,3.8059520721435547,descriptive model-only metrics; phase absent for inactive limbs
B2_mirrored_no_body_mapping_s00,4.395637181320703,0.3274935483932495,4,8.759733036707452,8.756254467476769,-0.0034785692306833482,26.342164993286133,5.513704776763916,6,38.32257843017578,descriptive model-only metrics; phase absent for inactive limbs
B2_mirrored_no_body_mapping_s01,6.690640923287644,0.07362952083349228,5,8.898776418242491,9.006433166547534,0.10765674830504324,26.528106689453125,5.442076683044434,6,21.500146865844727,descriptive model-only metrics; phase absent for inactive limbs
B2_mirrored_no_body_mapping_s02,5.340428746793193,0.1905052363872528,5,9.343715239154616,9.292351679771265,-0.05136355938335058,23.606918334960938,4.863795280456543,5,43.58000564575195,descriptive model-only metrics; phase absent for inactive limbs
B2_mirrored_no_body_mapping_s03,4.257893435496346,0.07616341859102249,4,8.620689655172413,8.577555396711936,-0.04313425846047636,21.521081924438477,4.077189922332764,6,42.3304328918457,descriptive model-only metrics; phase absent for inactive limbs
B2_mirrored_no_body_mapping_s04,4.526855160461876,0.4256574213504791,4,8.898776418242491,8.9349535382416,0.036177119999109664,26.768138885498047,5.673974990844727,6,21.262704849243164,descriptive model-only metrics; phase absent for inactive limbs
B2_mirrored_no_body_mapping_s05,4.941179226245345,0.2801447808742523,3,8.898776418242491,8.9349535382416,0.036177119999109664,22.872915267944336,4.305746078491211,5,43.58000564575195,descriptive model-only metrics; phase absent for inactive limbs
B2_mirrored_no_body_mapping_s06,4.916555437921078,0.23933625221252441,4,9.17686318131257,8.9349535382416,-0.24190964307096863,24.388601303100586,4.880990982055664,5,41.377830505371094,descriptive model-only metrics; phase absent for inactive limbs
B2_mirrored_no_body_mapping_s07,5.197970096430539,0.22464579343795776,4,8.481646273637374,8.666904932094353,0.18525865845697886,24.916852951049805,5.104304790496826,6,21.262704849243164,descriptive model-only metrics; phase absent for inactive limbs
B2_mirrored_no_memory_s00,4.309673257315518,0.2430577278137207,4,8.759733036707452,8.845604002859185,0.08587096615173273,26.343162536621094,5.524135589599609,4,4.058394432067871,descriptive model-only metrics; phase absent for inactive limbs
B2_mirrored_no_memory_s01,6.659138835171573,0.07828710228204727,5,8.898776418242491,9.006433166547534,0.10765674830504324,26.52862548828125,5.4463276863098145,2,4.443453311920166,descriptive model-only metrics; phase absent for inactive limbs
B2_mirrored_no_memory_s02,5.095444272750577,0.15247780084609985,5,9.343715239154616,9.292351679771265,-0.05136355938335058,23.606571197509766,4.854251861572266,2,4.620760440826416,descriptive model-only metrics; phase absent for inactive limbs
B2_mirrored_no_memory_s03,4.212706327171106,0.09901696443557739,4,8.620689655172413,8.577555396711936,-0.04313425846047636,21.521259307861328,4.077467918395996,3,3.987416982650757,descriptive model-only metrics; phase absent for inactive limbs
B2_mirrored_no_memory_s04,4.940277424236258,0.4163718521595001,4,8.898776418242491,8.9349535382416,0.036177119999109664,26.768310546875,5.674806594848633,2,4.621787071228027,descriptive model-only metrics; phase absent for inactive limbs
B2_mirrored_no_memory_s05,4.753520965498981,0.06424642354249954,3,8.898776418242491,8.9349535382416,0.036177119999109664,22.87181854248047,4.283957481384277,2,3.8823142051696777,descriptive model-only metrics; phase absent for inactive limbs
B2_mirrored_no_memory_s06,4.866072251551922,0.2976955771446228,4,9.03781979977753,8.9349535382416,-0.10286626153592948,24.388446807861328,4.87816047668457,2,3.8823142051696777,descriptive model-only metrics; phase absent for inactive limbs
B2_mirrored_no_memory_s07,5.102787119136709,0.20146985352039337,4,8.481646273637374,8.666904932094353,0.18525865845697886,24.918087005615234,5.113898754119873,2,4.149681091308594,descriptive model-only metrics; phase absent for inactive limbs
B2_shifted_direct_s00,4.299413110512089,0.2239447832107544,4,8.759733036707452,8.845604002859185,0.08587096615173273,26.342945098876953,5.521300792694092,6,10.6715726852417,descriptive model-only metrics; phase absent for inactive limbs
B2_shifted_direct_s01,6.660508504795933,0.07558714598417282,5,8.898776418242491,9.006433166547534,0.10765674830504324,26.528640747070312,5.446411609649658,6,9.895819664001465,descriptive model-only metrics; phase absent for inactive limbs
B2_shifted_direct_s02,5.093064763350925,0.15534064173698425,5,9.343715239154616,9.292351679771265,-0.05136355938335058,23.606529235839844,4.852833271026611,3,22.225515365600586,descriptive model-only metrics; phase absent for inactive limbs
B2_shifted_direct_s03,4.192761946887464,0.11757532507181168,4,8.620689655172413,8.577555396711936,-0.04313425846047636,21.521291732788086,4.076986312866211,6,10.6715726852417,descriptive model-only metrics; phase absent for inactive limbs
B2_shifted_direct_s04,4.921422043728784,0.43313416838645935,4,8.898776418242491,8.9349535382416,0.036177119999109664,26.768230438232422,5.673783302307129,6,9.895819664001465,descriptive model-only metrics; phase absent for inactive limbs
B2_shifted_direct_s05,4.8459217009509965,0.09387192130088806,3,8.898776418242491,8.9349535382416,0.036177119999109664,22.871784210205078,4.283288478851318,3,22.225515365600586,descriptive model-only metrics; phase absent for inactive limbs
B2_shifted_direct_s06,4.865240682998179,0.3394981920719147,4,9.03781979977753,8.9349535382416,-0.10286626153592948,24.38849639892578,4.878026962280273,6,10.6715726852417,descriptive model-only metrics; phase absent for inactive limbs
B2_shifted_direct_s07,5.090757463385671,0.19195567071437836,4,8.481646273637374,8.666904932094353,0.18525865845697886,24.91787338256836,5.112685680389404,6,9.895819664001465,descriptive model-only metrics; phase absent for inactive limbs
B2_shifted_full_s00,4.357642100867718,0.2530033588409424,4,8.759733036707452,8.845604002859185,0.08587096615173273,26.342979431152344,5.521867752075195,3,4.134312629699707,descriptive model-only metrics; phase absent for inactive limbs
B2_shifted_full_s01,6.653093631265959,0.07649534940719604,5,8.898776418242491,9.006433166547534,0.10765674830504324,26.528614044189453,5.445642471313477,3,4.179640293121338,descriptive model-only metrics; phase absent for inactive limbs
B2_shifted_full_s02,5.095916870046754,0.1568741798400879,5,9.343715239154616,9.292351679771265,-0.05136355938335058,23.606517791748047,4.852447032928467,1,3.7414262294769287,descriptive model-only metrics; phase absent for inactive limbs
B2_shifted_full_s03,4.200533844765841,0.1070604920387268,4,8.620689655172413,8.577555396711936,-0.04313425846047636,21.521297454833984,4.077786922454834,3,4.442454814910889,descriptive model-only metrics; phase absent for inactive limbs
B2_shifted_full_s04,4.937757624445633,0.4157077968120575,4,8.898776418242491,8.9349535382416,0.036177119999109664,26.768199920654297,5.673497676849365,3,4.437424659729004,descriptive model-only metrics; phase absent for inactive limbs
B2_shifted_full_s05,4.770701687471668,0.07937063276767731,3,8.898776418242491,8.9349535382416,0.036177119999109664,22.871784210205078,4.283158302307129,1,3.687619924545288,descriptive model-only metrics; phase absent for inactive limbs
B2_shifted_full_s06,4.868996537492241,0.26235491037368774,4,9.03781979977753,8.9349535382416,-0.10286626153592948,24.38833999633789,4.875638008117676,1,3.0898051261901855,descriptive model-only metrics; phase absent for inactive limbs
B2_shifted_full_s07,5.101208063706815,0.18721644580364227,4,8.481646273637374,8.666904932094353,0.18525865845697886,24.918148040771484,5.113986968994141,3,3.776905059814453,descriptive model-only metrics; phase absent for inactive limbs
B2_shifted_no_body_mapping_s00,4.354213891030333,0.2540338635444641,4,8.759733036707452,8.845604002859185,0.08587096615173273,26.342803955078125,5.519628524780273,3,4.195467472076416,descriptive model-only metrics; phase absent for inactive limbs
B2_shifted_no_body_mapping_s01,6.653991437143081,0.07985185831785202,5,8.898776418242491,9.006433166547534,0.10765674830504324,26.528562545776367,5.444929122924805,3,4.364285469055176,descriptive model-only metrics; phase absent for inactive limbs
B2_shifted_no_body_mapping_s02,5.105876754325681,0.15704753994941711,5,9.343715239154616,9.292351679771265,-0.05136355938335058,23.60649299621582,4.852406024932861,1,3.854607582092285,descriptive model-only metrics; phase absent for inactive limbs
B2_shifted_no_body_mapping_s03,4.201421224518581,0.10836953669786453,4,8.620689655172413,8.577555396711936,-0.04313425846047636,21.521312713623047,4.077673435211182,3,4.703800678253174,descriptive model-only metrics; phase absent for inactive limbs
B2_shifted_no_body_mapping_s04,4.8687984058091525,0.42791590094566345,4,8.898776418242491,8.9349535382416,0.036177119999109664,26.76820945739746,5.673340797424316,3,4.698189735412598,descriptive model-only metrics; phase absent for inactive limbs
B2_shifted_no_body_mapping_s05,4.748565632818595,0.08211147040128708,3,8.898776418242491,8.9349535382416,0.036177119999109664,22.871780395507812,4.283166885375977,1,3.754770517349243,descriptive model-only metrics; phase absent for inactive limbs
B2_shifted_no_body_mapping_s06,4.864565013864535,0.2576211392879486,4,9.03781979977753,8.9349535382416,-0.10286626153592948,24.388402938842773,4.876236438751221,1,3.338648796081543,descriptive model-only metrics; phase absent for inactive limbs
B2_shifted_no_body_mapping_s07,5.082495075613705,0.1854226142168045,4,8.481646273637374,8.666904932094353,0.18525865845697886,24.918025970458984,5.112676620483398,3,3.911513090133667,descriptive model-only metrics; phase absent for inactive limbs
B2_shifted_no_memory_s00,4.325606068440153,0.23311875760555267,4,8.759733036707452,8.845604002859185,0.08587096615173273,26.343042373657227,5.521951675415039,3,6.850457668304443,descriptive model-only metrics; phase absent for inactive limbs
B2_shifted_no_memory_s01,6.655125670527872,0.0720980167388916,5,8.898776418242491,9.006433166547534,0.10765674830504324,26.52867317199707,5.446237564086914,3,4.214169979095459,descriptive model-only metrics; phase absent for inactive limbs
B2_shifted_no_memory_s02,5.0932122355681875,0.1525765359401703,5,9.343715239154616,9.292351679771265,-0.05136355938335058,23.606536865234375,4.853874206542969,3,7.898036956787109,descriptive model-only metrics; phase absent for inactive limbs
B2_shifted_no_memory_s03,4.1986087632591245,0.11243041604757309,4,8.620689655172413,8.577555396711936,-0.04313425846047636,21.521270751953125,4.077422618865967,3,7.2969160079956055,descriptive model-only metrics; phase absent for inactive limbs
B2_shifted_no_memory_s04,4.902550708616317,0.42782869935035706,4,8.898776418242491,8.9349535382416,0.036177119999109664,26.768226623535156,5.673214912414551,3,4.921398162841797,descriptive model-only metrics; phase absent for inactive limbs
B2_shifted_no_memory_s05,4.771464630336841,0.06655082106590271,3,8.898776418242491,8.9349535382416,0.036177119999109664,22.871755599975586,4.28309440612793,2,7.139594554901123,descriptive model-only metrics; phase absent for inactive limbs
B2_shifted_no_memory_s06,4.864448942577134,0.252817839384079,4,9.03781979977753,8.9349535382416,-0.10286626153592948,24.38833236694336,4.876653671264648,1,6.644535541534424,descriptive model-only metrics; phase absent for inactive limbs
B2_shifted_no_memory_s07,5.1063163710083215,0.19205226004123688,4,8.620689655172413,8.666904932094353,0.04621527692193972,24.91811752319336,5.113675117492676,3,4.214169979095459,descriptive model-only metrics; phase absent for inactive limbs
B2_spacing_direct_s00,4.300419384615116,0.22723768651485443,4,8.759733036707452,8.845604002859185,0.08587096615173273,26.342960357666016,5.521650791168213,6,9.896000862121582,descriptive model-only metrics; phase absent for inactive limbs
B2_spacing_direct_s01,6.661101479243982,0.07570800185203552,5,8.898776418242491,9.006433166547534,0.10765674830504324,26.528675079345703,5.446826934814453,6,9.895819664001465,descriptive model-only metrics; phase absent for inactive limbs
B2_spacing_direct_s02,5.093089332634227,0.1552274227142334,5,9.343715239154616,9.292351679771265,-0.05136355938335058,23.606517791748047,4.853006839752197,3,22.227746963500977,descriptive model-only metrics; phase absent for inactive limbs
B2_spacing_direct_s03,4.193142500935163,0.11654607206583023,4,8.620689655172413,8.577555396711936,-0.04313425846047636,21.52129364013672,4.077237606048584,6,9.896000862121582,descriptive model-only metrics; phase absent for inactive limbs
B2_spacing_direct_s04,4.92094124953121,0.4317237436771393,4,8.898776418242491,8.9349535382416,0.036177119999109664,26.76824951171875,5.674180030822754,6,9.895819664001465,descriptive model-only metrics; phase absent for inactive limbs
B2_spacing_direct_s05,4.845060759041408,0.09369060397148132,3,8.898776418242491,8.9349535382416,0.036177119999109664,22.871782302856445,4.283572196960449,3,22.227746963500977,descriptive model-only metrics; phase absent for inactive limbs
B2_spacing_direct_s06,4.865576409562563,0.3415561616420746,4,9.03781979977753,8.9349535382416,-0.10286626153592948,24.388513565063477,4.878756046295166,6,9.896000862121582,descriptive model-only metrics; phase absent for inactive limbs
B2_spacing_direct_s07,5.090366695216713,0.1917845457792282,4,8.481646273637374,8.666904932094353,0.18525865845697886,24.917903900146484,5.11327600479126,6,9.895819664001465,descriptive model-only metrics; phase absent for inactive limbs
B2_spacing_full_s00,4.326150477632964,0.22635437548160553,4,8.759733036707452,8.845604002859185,0.08587096615173273,26.342819213867188,5.51840877532959,2,3.9300029277801514,descriptive model-only metrics; phase absent for inactive limbs
B2_spacing_full_s01,6.656512257826616,0.0796092227101326,5,8.898776418242491,9.006433166547534,0.10765674830504324,26.52852439880371,5.445210933685303,3,4.331113338470459,descriptive model-only metrics; phase absent for inactive limbs
B2_spacing_full_s02,5.0977537600357845,0.15427491068840027,5,9.343715239154616,9.292351679771265,-0.05136355938335058,23.606531143188477,4.852301120758057,1,3.970541477203369,descriptive model-only metrics; phase absent for inactive limbs
B2_spacing_full_s03,4.172728273175385,0.11818654090166092,4,8.620689655172413,8.577555396711936,-0.04313425846047636,21.521203994750977,4.076504230499268,2,4.570616722106934,descriptive model-only metrics; phase absent for inactive limbs
B2_spacing_full_s04,4.936436565281101,0.4248662292957306,4,8.898776418242491,8.9349535382416,0.036177119999109664,26.76820182800293,5.673363208770752,3,4.562713623046875,descriptive model-only metrics; phase absent for inactive limbs
B2_spacing_full_s05,4.738800395683621,0.08268768340349197,3,8.898776418242491,8.9349535382416,0.036177119999109664,22.871782302856445,4.283526420593262,1,3.9101645946502686,descriptive model-only metrics; phase absent for inactive limbs
B2_spacing_full_s06,4.86839330896301,0.255769282579422,4,9.03781979977753,8.9349535382416,-0.10286626153592948,24.388423919677734,4.876611709594727,1,3.2227044105529785,descriptive model-only metrics; phase absent for inactive limbs
B2_spacing_full_s07,5.052741928197539,0.20073582231998444,4,8.481646273637374,8.666904932094353,0.18525865845697886,24.917888641357422,5.1111979484558105,3,3.791505813598633,descriptive model-only metrics; phase absent for inactive limbs
B2_spacing_no_body_mapping_s00,4.3227591718313745,0.22444607317447662,4,8.759733036707452,8.845604002859185,0.08587096615173273,26.342870712280273,5.519084930419922,2,3.906799077987671,descriptive model-only metrics; phase absent for inactive limbs
B2_spacing_no_body_mapping_s01,6.656249620129299,0.07937353104352951,5,8.898776418242491,9.006433166547534,0.10765674830504324,26.528579711914062,5.445711612701416,3,4.321774959564209,descriptive model-only metrics; phase absent for inactive limbs
B2_spacing_no_body_mapping_s02,5.0949674331884856,0.15547041594982147,5,9.343715239154616,9.292351679771265,-0.05136355938335058,23.60651969909668,4.852381229400635,1,3.8555827140808105,descriptive model-only metrics; phase absent for inactive limbs
B2_spacing_no_body_mapping_s03,4.176736172249721,0.11749476194381714,4,8.620689655172413,8.577555396711936,-0.04313425846047636,21.521198272705078,4.076513290405273,2,4.705160140991211,descriptive model-only metrics; phase absent for inactive limbs
B2_spacing_no_body_mapping_s04,4.932746507828396,0.42600274085998535,4,8.898776418242491,8.9349535382416,0.036177119999109664,26.768217086791992,5.673427581787109,3,4.697314739227295,descriptive model-only metrics; phase absent for inactive limbs
B2_spacing_no_body_mapping_s05,4.737749059563656,0.08298182487487793,3,8.898776418242491,8.9349535382416,0.036177119999109664,22.871803283691406,4.283540725708008,1,3.7544305324554443,descriptive model-only metrics; phase absent for inactive limbs
B2_spacing_no_body_mapping_s06,4.868323933311737,0.25837185978889465,4,9.03781979977753,8.9349535382416,-0.10286626153592948,24.388416290283203,4.87657356262207,1,3.338648796081543,descriptive model-only metrics; phase absent for inactive limbs
B2_spacing_no_body_mapping_s07,5.066911879424151,0.2009308785200119,4,8.481646273637374,8.666904932094353,0.18525865845697886,24.918014526367188,5.112593650817871,3,3.7939538955688477,descriptive model-only metrics; phase absent for inactive limbs
B2_spacing_no_memory_s00,4.319219584699001,0.2506508529186249,4,8.759733036707452,8.845604002859185,0.08587096615173273,26.34307861328125,5.522427558898926,3,6.037037372589111,descriptive model-only metrics; phase absent for inactive limbs
B2_spacing_no_memory_s01,6.658065739267728,0.07279474288225174,5,8.898776418242491,9.006433166547534,0.10765674830504324,26.528587341308594,5.444775581359863,3,4.608166694641113,descriptive model-only metrics; phase absent for inactive limbs
B2_spacing_no_memory_s02,5.099329905171693,0.155064657330513,5,9.343715239154616,9.292351679771265,-0.05136355938335058,23.606525421142578,4.853898525238037,3,7.262339115142822,descriptive model-only metrics; phase absent for inactive limbs
B2_spacing_no_memory_s03,4.209716010427145,0.10401082038879395,4,8.620689655172413,8.577555396711936,-0.04313425846047636,21.52127456665039,4.077692031860352,3,6.26589822769165,descriptive model-only metrics; phase absent for inactive limbs
B2_spacing_no_memory_s04,4.915795022843737,0.4136679172515869,4,8.898776418242491,8.9349535382416,0.036177119999109664,26.76820182800293,5.673279762268066,3,4.582268238067627,descriptive model-only metrics; phase absent for inactive limbs
B2_spacing_no_memory_s05,4.766944350473471,0.06747589260339737,3,8.898776418242491,8.9349535382416,0.036177119999109664,22.87175750732422,4.283356189727783,2,6.639025688171387,descriptive model-only metrics; phase absent for inactive limbs
B2_spacing_no_memory_s06,4.868959885655062,0.2573400139808655,4,9.03781979977753,8.9349535382416,-0.10286626153592948,24.38827133178711,4.876066207885742,1,5.832113265991211,descriptive model-only metrics; phase absent for inactive limbs
B2_spacing_no_memory_s07,5.109640704929887,0.1993817836046219,4,8.481646273637374,8.666904932094353,0.18525865845697886,24.917930603027344,5.1115570068359375,3,3.83378529548645,descriptive model-only metrics; phase absent for inactive limbs
B3_disable_LF_direct_s00,4.315057266941852,0.21642011404037476,4,8.759733036707452,8.845604002859185,0.08587096615173273,26.34300422668457,5.524094104766846,5,9.896000862121582,descriptive model-only metrics; phase absent for inactive limbs
B3_disable_LF_direct_s01,6.6619415544862095,0.07497046142816544,5,8.898776418242491,8.9349535382416,0.036177119999109664,26.528589248657227,5.442682266235352,5,9.895819664001465,descriptive model-only metrics; phase absent for inactive limbs
B3_disable_LF_direct_s02,5.089412890577298,0.15623430907726288,5,9.343715239154616,9.292351679771265,-0.05136355938335058,23.606603622436523,4.856485843658447,2,17.30154800415039,descriptive model-only metrics; phase absent for inactive limbs
B3_disable_LF_direct_s03,4.193185128533911,0.1388280987739563,4,8.620689655172413,8.577555396711936,-0.04313425846047636,21.521265029907227,4.076807498931885,5,9.896000862121582,descriptive model-only metrics; phase absent for inactive limbs
B3_disable_LF_direct_s04,4.912979817265713,0.4371889531612396,4,8.898776418242491,8.9349535382416,0.036177119999109664,26.768165588378906,5.670137405395508,5,9.895819664001465,descriptive model-only metrics; phase absent for inactive limbs
B3_disable_LF_direct_s05,4.846297834725188,0.0922505334019661,3,8.898776418242491,8.9349535382416,0.036177119999109664,22.871849060058594,4.286709785461426,2,17.30154800415039,descriptive model-only metrics; phase absent for inactive limbs
B3_disable_LF_direct_s06,4.86651836891969,0.33926519751548767,4,9.03781979977753,8.9349535382416,-0.10286626153592948,24.38858413696289,4.8811726570129395,5,9.896000862121582,descriptive model-only metrics; phase absent for inactive limbs
B3_disable_LF_direct_s07,5.098454056481254,0.1918935775756836,4,8.481646273637374,8.666904932094353,0.18525865845697886,24.917800903320312,5.109158039093018,5,9.895819664001465,descriptive model-only metrics; phase absent for inactive limbs
B3_disable_LF_full_s00,4.319719305165413,0.2188914567232132,4,8.759733036707452,8.845604002859185,0.08587096615173273,26.3429012298584,5.519791603088379,2,3.9070608615875244,descriptive model-only metrics; phase absent for inactive limbs
B3_disable_LF_full_s01,6.655384427214007,0.07930698990821838,5,8.898776418242491,9.006433166547534,0.10765674830504324,26.528593063354492,5.445065975189209,2,3.911513090133667,descriptive model-only metrics; phase absent for inactive limbs
B3_disable_LF_full_s02,5.0920591547484975,0.15438486635684967,5,9.343715239154616,9.292351679771265,-0.05136355938335058,23.60651969909668,4.852449417114258,2,3.8545501232147217,descriptive model-only metrics; phase absent for inactive limbs
B3_disable_LF_full_s03,4.181555257239391,0.12109173089265823,4,8.620689655172413,8.577555396711936,-0.04313425846047636,21.52123260498047,4.076860427856445,2,4.704807758331299,descriptive model-only metrics; phase absent for inactive limbs
B3_disable_LF_full_s04,4.95130886866838,0.4284399449825287,4,8.898776418242491,8.9349535382416,0.036177119999109664,26.76820945739746,5.673360824584961,2,4.699162483215332,descriptive model-only metrics; phase absent for inactive limbs
B3_disable_LF_full_s05,4.705957587305716,0.08595776557922363,3,8.898776418242491,8.9349535382416,0.036177119999109664,22.87179946899414,4.283823013305664,2,3.765836000442505,descriptive model-only metrics; phase absent for inactive limbs
B3_disable_LF_full_s06,4.870464632196412,0.25831139087677,4,9.03781979977753,8.9349535382416,-0.10286626153592948,24.388423919677734,4.876720905303955,1,3.338648796081543,descriptive model-only metrics; phase absent for inactive limbs
B3_disable_LF_full_s07,5.0931127371264475,0.1946149468421936,4,8.620689655172413,8.666904932094353,0.04621527692193972,24.917984008789062,5.112625598907471,2,3.911513090133667,descriptive model-only metrics; phase absent for inactive limbs
B3_disable_LF_no_memory_s00,4.322750870163063,0.25022757053375244,4,8.759733036707452,8.845604002859185,0.08587096615173273,26.343128204345703,5.522817611694336,3,4.222879886627197,descriptive model-only metrics; phase absent for inactive limbs
B3_disable_LF_no_memory_s01,6.657022646317732,0.07376671582460403,5,8.898776418242491,9.006433166547534,0.10765674830504324,26.528602600097656,5.4455413818359375,3,4.532394886016846,descriptive model-only metrics; phase absent for inactive limbs
B3_disable_LF_no_memory_s02,5.093608933907061,0.15686652064323425,5,9.343715239154616,9.292351679771265,-0.05136355938335058,23.606531143188477,4.853696823120117,3,4.619274139404297,descriptive model-only metrics; phase absent for inactive limbs
B3_disable_LF_no_memory_s03,4.1991302101266905,0.1114312931895256,4,8.620689655172413,8.577555396711936,-0.04313425846047636,21.52130889892578,4.077569961547852,3,4.7191057205200195,descriptive model-only metrics; phase absent for inactive limbs
B3_disable_LF_no_memory_s04,4.926503509665164,0.4144202768802643,4,8.898776418242491,8.9349535382416,0.036177119999109664,26.76821517944336,5.673646926879883,3,4.532265663146973,descriptive model-only metrics; phase absent for inactive limbs
B3_disable_LF_no_memory_s05,4.76162463302056,0.06712017208337784,3,8.898776418242491,8.9349535382416,0.036177119999109664,22.871795654296875,4.283169746398926,2,3.9205329418182373,descriptive model-only metrics; phase absent for inactive limbs
B3_disable_LF_no_memory_s06,4.872682935285193,0.2571457326412201,4,9.03781979977753,8.9349535382416,-0.10286626153592948,24.38831329345703,4.876519203186035,2,3.8673887252807617,descriptive model-only metrics; phase absent for inactive limbs
B3_disable_LF_no_memory_s07,5.111045460006048,0.1947106122970581,4,8.481646273637374,8.666904932094353,0.18525865845697886,24.917980194091797,5.112468242645264,3,4.0550856590271,descriptive model-only metrics; phase absent for inactive limbs
B3_disable_LM_direct_s00,4.302679671567253,0.22732609510421753,4,8.759733036707452,8.845604002859185,0.08587096615173273,26.342920303344727,5.522763252258301,5,9.896000862121582,descriptive model-only metrics; phase absent for inactive limbs
B3_disable_LM_direct_s01,6.6672926440908435,0.07422073185443878,5,8.898776418242491,9.006433166547534,0.10765674830504324,26.52859878540039,5.450318813323975,5,9.895819664001465,descriptive model-only metrics; phase absent for inactive limbs
B3_disable_LM_direct_s02,5.093166921703606,0.15520593523979187,5,9.343715239154616,9.292351679771265,-0.05136355938335058,23.606515884399414,4.853000164031982,3,22.425052642822266,descriptive model-only metrics; phase absent for inactive limbs
B3_disable_LM_direct_s03,4.214483649658374,0.11730632930994034,4,8.620689655172413,8.577555396711936,-0.04313425846047636,21.52126693725586,4.077994346618652,5,9.896000862121582,descriptive model-only metrics; phase absent for inactive limbs
B3_disable_LM_direct_s04,4.926975066621478,0.43165895342826843,4,8.898776418242491,8.9349535382416,0.036177119999109664,26.768138885498047,5.677093029022217,5,9.895819664001465,descriptive model-only metrics; phase absent for inactive limbs
B3_disable_LM_direct_s05,4.845087179905057,0.09368827193975449,3,8.898776418242491,8.9349535382416,0.036177119999109664,22.871784210205078,4.283565521240234,3,22.425052642822266,descriptive model-only metrics; phase absent for inactive limbs
B3_disable_LM_direct_s06,4.867302960796596,0.34167447686195374,4,9.03781979977753,8.9349535382416,-0.10286626153592948,24.388465881347656,4.8798394203186035,5,9.896000862121582,descriptive model-only metrics; phase absent for inactive limbs
B3_disable_LM_direct_s07,5.099497202284447,0.1918126791715622,4,8.481646273637374,8.666904932094353,0.18525865845697886,24.917835235595703,5.116640090942383,5,9.895819664001465,descriptive model-only metrics; phase absent for inactive limbs
B3_disable_LM_full_s00,4.315502703060807,0.21632301807403564,4,8.759733036707452,8.845604002859185,0.08587096615173273,26.342914581298828,5.519861698150635,3,4.327091693878174,descriptive model-only metrics; phase absent for inactive limbs
B3_disable_LM_full_s01,6.655384427214007,0.07930698990821838,5,8.898776418242491,9.006433166547534,0.10765674830504324,26.528593063354492,5.445065975189209,2,3.911513090133667,descriptive model-only metrics; phase absent for inactive limbs
B3_disable_LM_full_s02,5.093933302981986,0.1549358069896698,5,9.343715239154616,9.292351679771265,-0.05136355938335058,23.606525421142578,4.852864742279053,3,4.077513694763184,descriptive model-only metrics; phase absent for inactive limbs
B3_disable_LM_full_s03,4.185519395994996,0.13042081892490387,4,8.620689655172413,8.577555396711936,-0.04313425846047636,21.52128791809082,4.0779948234558105,3,4.704807758331299,descriptive model-only metrics; phase absent for inactive limbs
B3_disable_LM_full_s04,4.95130886866838,0.4284399449825287,4,8.898776418242491,8.9349535382416,0.036177119999109664,26.76820945739746,5.673360824584961,2,4.699162483215332,descriptive model-only metrics; phase absent for inactive limbs
B3_disable_LM_full_s05,4.730776868300874,0.08504891395568848,3,8.898776418242491,8.9349535382416,0.036177119999109664,22.87179946899414,4.283502578735352,3,3.986541986465454,descriptive model-only metrics; phase absent for inactive limbs
B3_disable_LM_full_s06,4.868454970929679,0.2621736228466034,4,9.03781979977753,8.9349535382416,-0.10286626153592948,24.388425827026367,4.876932144165039,2,5.210433006286621,descriptive model-only metrics; phase absent for inactive limbs
B3_disable_LM_full_s07,5.0931127371264475,0.1946149468421936,4,8.620689655172413,8.666904932094353,0.04621527692193972,24.917984008789062,5.112625598907471,2,3.911513090133667,descriptive model-only metrics; phase absent for inactive limbs
B3_disable_LM_no_memory_s00,4.312286362075439,0.2558631896972656,4,8.759733036707452,8.845604002859185,0.08587096615173273,26.343109130859375,5.5229668617248535,4,4.222879886627197,descriptive model-only metrics; phase absent for inactive limbs
B3_disable_LM_no_memory_s01,6.657022646317732,0.07376671582460403,5,8.898776418242491,9.006433166547534,0.10765674830504324,26.528602600097656,5.4455413818359375,3,4.532394886016846,descriptive model-only metrics; phase absent for inactive limbs
B3_disable_LM_no_memory_s02,5.072921973923787,0.15779516100883484,5,9.343715239154616,9.292351679771265,-0.05136355938335058,23.60655975341797,4.85389518737793,4,4.619274139404297,descriptive model-only metrics; phase absent for inactive limbs
B3_disable_LM_no_memory_s03,4.201134307635565,0.10670942813158035,4,8.620689655172413,8.577555396711936,-0.04313425846047636,21.521286010742188,4.07534646987915,3,4.7191057205200195,descriptive model-only metrics; phase absent for inactive limbs
B3_disable_LM_no_memory_s04,4.926503509665164,0.4144202768802643,4,8.898776418242491,8.9349535382416,0.036177119999109664,26.76821517944336,5.673646926879883,3,4.532265663146973,descriptive model-only metrics; phase absent for inactive limbs
B3_disable_LM_no_memory_s05,4.766086495635964,0.07118288427591324,3,8.898776418242491,8.9349535382416,0.036177119999109664,22.871793746948242,4.283396244049072,2,3.9205329418182373,descriptive model-only metrics; phase absent for inactive limbs
B3_disable_LM_no_memory_s06,4.872232349960437,0.2554546296596527,4,9.03781979977753,8.9349535382416,-0.10286626153592948,24.388324737548828,4.876366138458252,3,3.8673887252807617,descriptive model-only metrics; phase absent for inactive limbs
B3_disable_LM_no_memory_s07,5.111045460006048,0.1947106122970581,4,8.481646273637374,8.666904932094353,0.18525865845697886,24.917980194091797,5.112468242645264,3,4.0550856590271,descriptive model-only metrics; phase absent for inactive limbs
B3_forced_RF_direct_s00,4.311207808150996,0.27825063467025757,4,8.759733036707452,8.845604002859185,0.08587096615173273,26.343177795410156,5.523766040802002,1,11.885516166687012,descriptive model-only metrics; phase absent for inactive limbs
B3_forced_RF_direct_s01,6.642331458337489,0.08283127099275589,5,8.898776418242491,9.006433166547534,0.10765674830504324,26.528661727905273,5.446194648742676,1,9.909193992614746,descriptive model-only metrics; phase absent for inactive limbs
B3_forced_RF_direct_s02,5.090669625708308,0.1639706790447235,5,9.343715239154616,9.292351679771265,-0.05136355938335058,23.606523513793945,4.851998329162598,1,17.302515029907227,descriptive model-only metrics; phase absent for inactive limbs
B3_forced_RF_direct_s03,4.184139427747824,0.11072244495153427,4,8.620689655172413,8.577555396711936,-0.04313425846047636,21.521270751953125,4.077645778656006,1,11.885516166687012,descriptive model-only metrics; phase absent for inactive limbs
B3_forced_RF_direct_s04,5.126718965931449,0.4246651232242584,4,8.898776418242491,8.9349535382416,0.036177119999109664,26.768203735351562,5.673643112182617,1,9.909193992614746,descriptive model-only metrics; phase absent for inactive limbs
B3_forced_RF_direct_s05,4.87968334979446,0.09906283020973206,3,8.898776418242491,8.9349535382416,0.036177119999109664,22.871749877929688,4.2828168869018555,1,17.302515029907227,descriptive model-only metrics; phase absent for inactive limbs
B3_forced_RF_direct_s06,4.858293794517787,0.27540943026542664,4,9.03781979977753,8.9349535382416,-0.10286626153592948,24.388347625732422,4.87485933303833,1,11.885516166687012,descriptive model-only metrics; phase absent for inactive limbs
B3_forced_RF_direct_s07,5.09574501522737,0.19343161582946777,4,8.620689655172413,8.666904932094353,0.04621527692193972,24.918197631835938,5.1153411865234375,1,9.909193992614746,descriptive model-only metrics; phase absent for inactive limbs
B3_forced_RF_full_s00,4.310989499337744,0.27732381224632263,4,8.759733036707452,8.845604002859185,0.08587096615173273,26.343162536621094,5.523512840270996,1,11.85023021697998,descriptive model-only metrics; phase absent for inactive limbs
B3_forced_RF_full_s01,6.641922042249629,0.08260120451450348,5,8.898776418242491,9.006433166547534,0.10765674830504324,26.528648376464844,5.44606351852417,1,4.505108833312988,descriptive model-only metrics; phase absent for inactive limbs
B3_forced_RF_full_s02,5.089383915922627,0.1623333990573883,5,9.343715239154616,9.292351679771265,-0.05136355938335058,23.606521606445312,4.852103233337402,1,17.36598777770996,descriptive model-only metrics; phase absent for inactive limbs
B3_forced_RF_full_s03,4.184759775395226,0.1106099858880043,4,8.620689655172413,8.577555396711936,-0.04313425846047636,21.52124786376953,4.077332019805908,1,11.860906600952148,descriptive model-only metrics; phase absent for inactive limbs
B3_forced_RF_full_s04,5.108793104462811,0.42450395226478577,4,8.898776418242491,8.9349535382416,0.036177119999109664,26.768213272094727,5.6735992431640625,1,5.450401782989502,descriptive model-only metrics; phase absent for inactive limbs
B3_forced_RF_full_s05,4.875496640611554,0.09624025970697403,3,8.898776418242491,8.9349535382416,0.036177119999109664,22.871761322021484,4.2828497886657715,1,17.363733291625977,descriptive model-only metrics; phase absent for inactive limbs
B3_forced_RF_full_s06,4.866181680188693,0.29411131143569946,4,9.03781979977753,8.9349535382416,-0.10286626153592948,24.388324737548828,4.8735198974609375,1,11.850764274597168,descriptive model-only metrics; phase absent for inactive limbs
B3_forced_RF_full_s07,5.095353173135877,0.19329488277435303,4,8.620689655172413,8.666904932094353,0.04621527692193972,24.918195724487305,5.11527681350708,1,3.9674131870269775,descriptive model-only metrics; phase absent for inactive limbs
B3_forced_RF_no_memory_s00,4.316832794336169,0.2587668001651764,4,8.759733036707452,8.845604002859185,0.08587096615173273,26.343162536621094,5.524511337280273,1,12.076361656188965,descriptive model-only metrics; phase absent for inactive limbs
B3_forced_RF_no_memory_s01,6.654735211291898,0.07952367514371872,5,8.898776418242491,9.006433166547534,0.10765674830504324,26.528667449951172,5.447473049163818,1,4.977479934692383,descriptive model-only metrics; phase absent for inactive limbs
B3_forced_RF_no_memory_s02,5.108339124819493,0.1641017496585846,5,9.343715239154616,9.292351679771265,-0.05136355938335058,23.606529235839844,4.853554725646973,1,12.03539752960205,descriptive model-only metrics; phase absent for inactive limbs
B3_forced_RF_no_memory_s03,4.2122156906480965,0.10854218155145645,4,8.620689655172413,8.577555396711936,-0.04313425846047636,21.52130126953125,4.079480171203613,1,12.904288291931152,descriptive model-only metrics; phase absent for inactive limbs
B3_forced_RF_no_memory_s04,5.055602023336186,0.42805978655815125,4,8.898776418242491,8.9349535382416,0.036177119999109664,26.76822280883789,5.674844741821289,1,6.140124320983887,descriptive model-only metrics; phase absent for inactive limbs
B3_forced_RF_no_memory_s05,4.8149511437968,0.07387638837099075,3,8.898776418242491,8.9349535382416,0.036177119999109664,22.871822357177734,4.285090923309326,1,11.799203872680664,descriptive model-only metrics; phase absent for inactive limbs
B3_forced_RF_no_memory_s06,4.8541243000669905,0.249522864818573,4,9.03781979977753,8.9349535382416,-0.10286626153592948,24.388355255126953,4.875478744506836,1,11.594340324401855,descriptive model-only metrics; phase absent for inactive limbs
B3_forced_RF_no_memory_s07,5.103164418315746,0.1999691128730774,4,8.481646273637374,8.666904932094353,0.18525865845697886,24.918182373046875,5.114595890045166,1,4.349512100219727,descriptive model-only metrics; phase absent for inactive limbs
B4_alternating_full_s00,4.309325649032128,0.2549692988395691,4,8.759733036707452,8.845604002859185,0.08587096615173273,26.343154907226562,5.523960113525391,1,3.1509511470794678,descriptive model-only metrics; phase absent for inactive limbs
B4_alternating_full_s01,6.647932175628055,0.07800871133804321,5,8.898776418242491,9.006433166547534,0.10765674830504324,26.528667449951172,5.44578218460083,1,3.4344775676727295,descriptive model-only metrics; phase absent for inactive limbs
B4_alternating_full_s02,5.094546662500587,0.15698742866516113,5,9.343715239154616,9.292351679771265,-0.05136355938335058,23.60651969909668,4.852270126342773,1,3.042912006378174,descriptive model-only metrics; phase absent for inactive limbs
B4_alternating_full_s03,4.348700158944815,0.1115858182311058,4,8.620689655172413,8.577555396711936,-0.04313425846047636,21.521224975585938,4.077035427093506,1,4.156301975250244,descriptive model-only metrics; phase absent for inactive limbs
B4_alternating_full_s04,4.897495911094734,0.4343999922275543,4,8.898776418242491,8.9349535382416,0.036177119999109664,26.768177032470703,5.673523902893066,1,4.145229339599609,descriptive model-only metrics; phase absent for inactive limbs
B4_alternating_full_s05,4.7738316723628405,0.0721767395734787,3,8.898776418242491,8.9349535382416,0.036177119999109664,22.87179946899414,4.283237457275391,1,3.0577077865600586,descriptive model-only metrics; phase absent for inactive limbs
B4_alternating_full_s06,4.854251374468964,0.2510773837566376,4,9.17686318131257,8.9349535382416,-0.24190964307096863,24.388408660888672,4.877441883087158,1,2.8466506004333496,descriptive model-only metrics; phase absent for inactive limbs
B4_alternating_full_s07,5.093288441711831,0.2029961496591568,4,8.481646273637374,8.666904932094353,0.18525865845697886,24.91815948486328,5.113952159881592,1,3.0200605392456055,descriptive model-only metrics; phase absent for inactive limbs
B4_alternating_no_memory_s00,4.309439975976552,0.24631907045841217,4,8.759733036707452,8.845604002859185,0.08587096615173273,26.343151092529297,5.523803234100342,1,4.161783218383789,descriptive model-only metrics; phase absent for inactive limbs
B4_alternating_no_memory_s01,6.649653085145227,0.07597187161445618,5,8.898776418242491,9.006433166547534,0.10765674830504324,26.5286922454834,5.445405960083008,1,4.492331027984619,descriptive model-only metrics; phase absent for inactive limbs
B4_alternating_no_memory_s02,5.089209117167296,0.15770094096660614,5,9.343715239154616,9.292351679771265,-0.05136355938335058,23.606523513793945,4.8535943031311035,1,4.014853000640869,descriptive model-only metrics; phase absent for inactive limbs
B4_alternating_no_memory_s03,4.307463440015679,0.10960548371076584,4,8.620689655172413,8.577555396711936,-0.04313425846047636,21.521297454833984,4.078128814697266,1,5.232332229614258,descriptive model-only metrics; phase absent for inactive limbs
B4_alternating_no_memory_s04,4.905250529488123,0.4315520226955414,4,8.898776418242491,8.9349535382416,0.036177119999109664,26.768198013305664,5.6728925704956055,1,5.29196834564209,descriptive model-only metrics; phase absent for inactive limbs
B4_alternating_no_memory_s05,4.7393346911079535,0.07005936652421951,3,8.898776418242491,8.9349535382416,0.036177119999109664,22.87179946899414,4.283685684204102,1,4.037513732910156,descriptive model-only metrics; phase absent for inactive limbs
B4_alternating_no_memory_s06,4.862230496802966,0.2643618583679199,4,9.03781979977753,8.9349535382416,-0.10286626153592948,24.38836669921875,4.877882957458496,1,3.8823142051696777,descriptive model-only metrics; phase absent for inactive limbs
B4_alternating_no_memory_s07,5.084183630519022,0.19931159913539886,4,8.481646273637374,8.666904932094353,0.18525865845697886,24.918193817138672,5.115335464477539,1,3.9939732551574707,descriptive model-only metrics; phase absent for inactive limbs
B4_alternating_sequence_specific_s00,4.311240090420003,0.2762013077735901,4,8.759733036707452,8.845604002859185,0.08587096615173273,26.343120574951172,5.523943901062012,2,9.926802635192871,descriptive model-only metrics; phase absent for inactive limbs
B4_alternating_sequence_specific_s01,6.643686862599181,0.0771445482969284,5,8.898776418242491,9.006433166547534,0.10765674830504324,26.5286808013916,5.447290420532227,2,9.926802635192871,descriptive model-only metrics; phase absent for inactive limbs
B4_alternating_sequence_specific_s02,5.097734624599054,0.15669742226600647,5,9.343715239154616,9.292351679771265,-0.05136355938335058,23.606544494628906,4.853389739990234,2,9.926802635192871,descriptive model-only metrics; phase absent for inactive limbs
B4_alternating_sequence_specific_s03,4.223863078192943,0.10811889916658401,4,8.620689655172413,8.577555396711936,-0.04313425846047636,21.521305084228516,4.078054428100586,2,9.926802635192871,descriptive model-only metrics; phase absent for inactive limbs
B4_alternating_sequence_specific_s04,4.972960073852472,0.43437930941581726,4,8.898776418242491,8.9349535382416,0.036177119999109664,26.768247604370117,5.674741268157959,2,9.926802635192871,descriptive model-only metrics; phase absent for inactive limbs
B4_alternating_sequence_specific_s05,4.812283632102781,0.05157564952969551,3,8.898776418242491,8.9349535382416,0.036177119999109664,22.871793746948242,4.283604621887207,2,9.926802635192871,descriptive model-only metrics; phase absent for inactive limbs
B4_alternating_sequence_specific_s06,4.845453669327197,0.2803299129009247,4,8.898776418242491,8.9349535382416,0.036177119999109664,24.38833236694336,4.874992370605469,2,9.926802635192871,descriptive model-only metrics; phase absent for inactive limbs
B4_alternating_sequence_specific_s07,5.114902259365462,0.18250377476215363,4,8.620689655172413,8.666904932094353,0.04621527692193972,24.918262481689453,5.1184868812561035,2,9.926802635192871,descriptive model-only metrics; phase absent for inactive limbs
B4_long_full_s00,4.3108954506824,0.24031133949756622,4,8.759733036707452,8.845604002859185,0.08587096615173273,26.343158721923828,5.524010181427002,3,3.3456320762634277,descriptive model-only metrics; phase absent for inactive limbs
B4_long_full_s01,6.634066611722317,0.08786710351705551,5,8.898776418242491,9.006433166547534,0.10765674830504324,26.528594970703125,5.445352077484131,3,3.9631035327911377,descriptive model-only metrics; phase absent for inactive limbs
B4_long_full_s02,5.092454821540968,0.1548279970884323,5,9.343715239154616,9.292351679771265,-0.05136355938335058,23.606571197509766,4.8536272048950195,2,3.436445713043213,descriptive model-only metrics; phase absent for inactive limbs
B4_long_full_s03,4.235875512697089,0.09511348605155945,4,8.620689655172413,8.577555396711936,-0.04313425846047636,21.52129364013672,4.079521656036377,3,3.860908031463623,descriptive model-only metrics; phase absent for inactive limbs
B4_long_full_s04,5.012990369469863,0.4364445209503174,4,8.898776418242491,8.9349535382416,0.036177119999109664,26.76818084716797,5.673067092895508,3,4.17294454574585,descriptive model-only metrics; phase absent for inactive limbs
B4_long_full_s05,4.82584988724674,0.06581494212150574,3,8.898776418242491,8.9349535382416,0.036177119999109664,22.871803283691406,4.283365726470947,2,3.428431987762451,descriptive model-only metrics; phase absent for inactive limbs
B4_long_full_s06,4.866090191525282,0.24069857597351074,4,9.03781979977753,8.9349535382416,-0.10286626153592948,24.388214111328125,4.8747782707214355,2,2.8005528450012207,descriptive model-only metrics; phase absent for inactive limbs
B4_long_full_s07,5.074534138666547,0.20949089527130127,4,8.620689655172413,8.577555396711936,-0.04313425846047636,24.917991638183594,5.111806392669678,3,3.1570327281951904,descriptive model-only metrics; phase absent for inactive limbs
B4_long_no_memory_s00,4.325059206977074,0.2464868575334549,4,8.759733036707452,8.845604002859185,0.08587096615173273,26.343015670776367,5.522429466247559,3,4.668882369995117,descriptive model-only metrics; phase absent for inactive limbs
B4_long_no_memory_s01,6.656008636122827,0.0781041830778122,5,8.898776418242491,9.006433166547534,0.10765674830504324,26.52859115600586,5.443929672241211,4,3.9053404331207275,descriptive model-only metrics; phase absent for inactive limbs
B4_long_no_memory_s02,5.097916661196516,0.15361268818378448,5,9.343715239154616,9.292351679771265,-0.05136355938335058,23.606586456298828,4.853323459625244,3,3.845071315765381,descriptive model-only metrics; phase absent for inactive limbs
B4_long_no_memory_s03,4.189124853712325,0.10011962801218033,4,8.620689655172413,8.577555396711936,-0.04313425846047636,21.521324157714844,4.079894065856934,3,5.125462055206299,descriptive model-only metrics; phase absent for inactive limbs
B4_long_no_memory_s04,4.912711228532437,0.4180818498134613,4,8.898776418242491,8.9349535382416,0.036177119999109664,26.76821517944336,5.67259407043457,3,4.348100662231445,descriptive model-only metrics; phase absent for inactive limbs
B4_long_no_memory_s05,4.756744695763823,0.06554698944091797,3,8.898776418242491,8.9349535382416,0.036177119999109664,22.87181854248047,4.283612251281738,2,3.6135034561157227,descriptive model-only metrics; phase absent for inactive limbs
B4_long_no_memory_s06,4.873014218742629,0.31153932213783264,4,9.03781979977753,8.9349535382416,-0.10286626153592948,24.388309478759766,4.876098155975342,3,3.7552154064178467,descriptive model-only metrics; phase absent for inactive limbs
B4_long_no_memory_s07,5.0939320083564095,0.19515873491764069,4,8.481646273637374,8.577555396711936,0.09590912307456279,24.918010711669922,5.111352920532227,3,3.96244478225708,descriptive model-only metrics; phase absent for inactive limbs
B4_long_sequence_specific_s00,4.317688257516397,0.23529398441314697,4,8.759733036707452,8.845604002859185,0.08587096615173273,26.343120574951172,5.522635459899902,6,13.1320161819458,descriptive model-only metrics; phase absent for inactive limbs
B4_long_sequence_specific_s01,6.640805576116032,0.07714036852121353,5,8.898776418242491,9.006433166547534,0.10765674830504324,26.528663635253906,5.448562145233154,6,23.510499954223633,descriptive model-only metrics; phase absent for inactive limbs
B4_long_sequence_specific_s02,5.112602726242748,0.16184893250465393,5,9.343715239154616,9.292351679771265,-0.05136355938335058,23.60676383972168,4.8573102951049805,5,10.865100860595703,descriptive model-only metrics; phase absent for inactive limbs
B4_long_sequence_specific_s03,4.305250246761668,0.095085509121418,4,8.620689655172413,8.577555396711936,-0.04313425846047636,21.52115249633789,4.072031021118164,6,13.1320161819458,descriptive model-only metrics; phase absent for inactive limbs
B4_long_sequence_specific_s04,4.9702761247130445,0.40266069769859314,4,8.898776418242491,8.9349535382416,0.036177119999109664,26.768287658691406,5.676553249359131,6,23.510499954223633,descriptive model-only metrics; phase absent for inactive limbs
B4_long_sequence_specific_s05,4.793324359571471,0.048324454575777054,3,8.898776418242491,8.9349535382416,0.036177119999109664,22.87192726135254,4.286435127258301,5,10.865100860595703,descriptive model-only metrics; phase absent for inactive limbs
B4_long_sequence_specific_s06,4.887998060475157,0.28178754448890686,4,9.03781979977753,8.9349535382416,-0.10286626153592948,24.388561248779297,4.878568172454834,6,13.1320161819458,descriptive model-only metrics; phase absent for inactive limbs
B4_long_sequence_specific_s07,5.057348470157473,0.20913411676883698,4,8.481646273637374,8.666904932094353,0.18525865845697886,24.91799545288086,5.115461826324463,6,23.510499954223633,descriptive model-only metrics; phase absent for inactive limbs
B4_nonrepeating_full_s00,4.319719305165413,0.2188914567232132,4,8.759733036707452,8.845604002859185,0.08587096615173273,26.3429012298584,5.519791603088379,2,3.9070608615875244,descriptive model-only metrics; phase absent for inactive limbs
B4_nonrepeating_full_s01,6.655384427214007,0.07930698990821838,5,8.898776418242491,9.006433166547534,0.10765674830504324,26.528593063354492,5.445065975189209,2,3.911513090133667,descriptive model-only metrics; phase absent for inactive limbs
B4_nonrepeating_full_s02,5.0920591547484975,0.15438486635684967,5,9.343715239154616,9.292351679771265,-0.05136355938335058,23.60651969909668,4.852449417114258,2,3.8545501232147217,descriptive model-only metrics; phase absent for inactive limbs
B4_nonrepeating_full_s03,4.181555257239391,0.12109173089265823,4,8.620689655172413,8.577555396711936,-0.04313425846047636,21.52123260498047,4.076860427856445,2,4.704807758331299,descriptive model-only metrics; phase absent for inactive limbs
B4_nonrepeating_full_s04,4.95130886866838,0.4284399449825287,4,8.898776418242491,8.9349535382416,0.036177119999109664,26.76820945739746,5.673360824584961,2,4.699162483215332,descriptive model-only metrics; phase absent for inactive limbs
B4_nonrepeating_full_s05,4.705957587305716,0.08595776557922363,3,8.898776418242491,8.9349535382416,0.036177119999109664,22.87179946899414,4.283823013305664,2,3.765836000442505,descriptive model-only metrics; phase absent for inactive limbs
B4_nonrepeating_full_s06,4.870464632196412,0.25831139087677,4,9.03781979977753,8.9349535382416,-0.10286626153592948,24.388423919677734,4.876720905303955,1,3.338648796081543,descriptive model-only metrics; phase absent for inactive limbs
B4_nonrepeating_full_s07,5.0931127371264475,0.1946149468421936,4,8.620689655172413,8.666904932094353,0.04621527692193972,24.917984008789062,5.112625598907471,2,3.911513090133667,descriptive model-only metrics; phase absent for inactive limbs
B4_nonrepeating_no_memory_s00,4.322750870163063,0.25022757053375244,4,8.759733036707452,8.845604002859185,0.08587096615173273,26.343128204345703,5.522817611694336,3,4.222879886627197,descriptive model-only metrics; phase absent for inactive limbs
B4_nonrepeating_no_memory_s01,6.657022646317732,0.07376671582460403,5,8.898776418242491,9.006433166547534,0.10765674830504324,26.528602600097656,5.4455413818359375,3,4.532394886016846,descriptive model-only metrics; phase absent for inactive limbs
B4_nonrepeating_no_memory_s02,5.093608933907061,0.15686652064323425,5,9.343715239154616,9.292351679771265,-0.05136355938335058,23.606531143188477,4.853696823120117,3,4.619274139404297,descriptive model-only metrics; phase absent for inactive limbs
B4_nonrepeating_no_memory_s03,4.1991302101266905,0.1114312931895256,4,8.620689655172413,8.577555396711936,-0.04313425846047636,21.52130889892578,4.077569961547852,3,4.7191057205200195,descriptive model-only metrics; phase absent for inactive limbs
B4_nonrepeating_no_memory_s04,4.926503509665164,0.4144202768802643,4,8.898776418242491,8.9349535382416,0.036177119999109664,26.76821517944336,5.673646926879883,3,4.532265663146973,descriptive model-only metrics; phase absent for inactive limbs
B4_nonrepeating_no_memory_s05,4.76162463302056,0.06712017208337784,3,8.898776418242491,8.9349535382416,0.036177119999109664,22.871795654296875,4.283169746398926,2,3.9205329418182373,descriptive model-only metrics; phase absent for inactive limbs
B4_nonrepeating_no_memory_s06,4.872682935285193,0.2571457326412201,4,9.03781979977753,8.9349535382416,-0.10286626153592948,24.38831329345703,4.876519203186035,2,3.8673887252807617,descriptive model-only metrics; phase absent for inactive limbs
B4_nonrepeating_no_memory_s07,5.111045460006048,0.1947106122970581,4,8.481646273637374,8.666904932094353,0.18525865845697886,24.917980194091797,5.112468242645264,3,4.0550856590271,descriptive model-only metrics; phase absent for inactive limbs
B4_nonrepeating_sequence_specific_s00,4.308000592280755,0.24047482013702393,4,8.759733036707452,8.756254467476769,-0.0034785692306833482,26.342981338500977,5.521631240844727,6,10.863838195800781,descriptive model-only metrics; phase absent for inactive limbs
B4_nonrepeating_sequence_specific_s01,6.664926944740486,0.07540252804756165,5,8.898776418242491,9.006433166547534,0.10765674830504324,26.528409957885742,5.444318771362305,6,29.99993133544922,descriptive model-only metrics; phase absent for inactive limbs
B4_nonrepeating_sequence_specific_s02,5.09751790588282,0.1751675307750702,5,9.343715239154616,9.292351679771265,-0.05136355938335058,23.606534957885742,4.854498386383057,3,10.863839149475098,descriptive model-only metrics; phase absent for inactive limbs
B4_nonrepeating_sequence_specific_s03,4.1719375151392635,0.11495792120695114,4,8.620689655172413,8.577555396711936,-0.04313425846047636,21.521265029907227,4.078458309173584,6,10.863838195800781,descriptive model-only metrics; phase absent for inactive limbs
B4_nonrepeating_sequence_specific_s04,4.965976164266547,0.44821664690971375,4,8.898776418242491,8.9349535382416,0.036177119999109664,26.768226623535156,5.673940181732178,6,29.99993133544922,descriptive model-only metrics; phase absent for inactive limbs
B4_nonrepeating_sequence_specific_s05,4.794175167159237,0.05977020040154457,3,8.898776418242491,8.9349535382416,0.036177119999109664,22.871885299682617,4.285247802734375,3,10.863839149475098,descriptive model-only metrics; phase absent for inactive limbs
B4_nonrepeating_sequence_specific_s06,4.900570659089604,0.33403030037879944,4,9.03781979977753,8.9349535382416,-0.10286626153592948,24.388452529907227,4.878695964813232,6,10.863838195800781,descriptive model-only metrics; phase absent for inactive limbs
B4_nonrepeating_sequence_specific_s07,5.062749177114357,0.21295566856861115,4,8.481646273637374,8.577555396711936,0.09590912307456279,24.91771697998047,5.110393524169922,6,29.99993133544922,descriptive model-only metrics; phase absent for inactive limbs
B4_repeated_full_s00,4.3147877617508374,0.2642906904220581,4,8.759733036707452,8.845604002859185,0.08587096615173273,26.3428897857666,5.5202555656433105,1,3.911536931991577,descriptive model-only metrics; phase absent for inactive limbs
B4_repeated_full_s01,6.659378664225159,0.06454219669103622,5,8.898776418242491,9.006433166547534,0.10765674830504324,26.52864646911621,5.445748329162598,1,3.911536931991577,descriptive model-only metrics; phase absent for inactive limbs
B4_repeated_full_s02,5.094491242624248,0.17225264012813568,5,9.343715239154616,9.292351679771265,-0.05136355938335058,23.606517791748047,4.853089332580566,1,3.911536931991577,descriptive model-only metrics; phase absent for inactive limbs
B4_repeated_full_s03,4.261002357544688,0.10942041128873825,4,8.620689655172413,8.577555396711936,-0.04313425846047636,21.521257400512695,4.078794002532959,1,3.911536931991577,descriptive model-only metrics; phase absent for inactive limbs
B4_repeated_full_s04,4.923475717285401,0.4155045747756958,4,8.898776418242491,8.9349535382416,0.036177119999109664,26.76815414428711,5.674227237701416,1,4.388426303863525,descriptive model-only metrics; phase absent for inactive limbs
B4_repeated_full_s05,4.837332887952551,0.05524914339184761,3,8.898776418242491,8.9349535382416,0.036177119999109664,22.87191390991211,4.283787250518799,0,0.0,descriptive model-only metrics; phase absent for inactive limbs
B4_repeated_full_s06,4.871199849826947,0.29124701023101807,4,9.03781979977753,8.9349535382416,-0.10286626153592948,24.38849639892578,4.879027843475342,0,0.0,descriptive model-only metrics; phase absent for inactive limbs
B4_repeated_full_s07,5.099533385573287,0.19377081096172333,4,8.481646273637374,8.666904932094353,0.18525865845697886,24.91796875,5.112831115722656,1,3.911536931991577,descriptive model-only metrics; phase absent for inactive limbs
B4_repeated_no_memory_s00,4.3181323301940795,0.21163290739059448,4,8.759733036707452,8.845604002859185,0.08587096615173273,26.343103408813477,5.523256778717041,1,1.8304287195205688,descriptive model-only metrics; phase absent for inactive limbs
B4_repeated_no_memory_s01,6.651738013724308,0.06941626220941544,5,8.898776418242491,9.006433166547534,0.10765674830504324,26.52865982055664,5.445136547088623,1,1.8304287195205688,descriptive model-only metrics; phase absent for inactive limbs
B4_repeated_no_memory_s02,5.0881731895104565,0.1687130630016327,5,9.343715239154616,9.292351679771265,-0.05136355938335058,23.60646629333496,4.852823257446289,1,1.8304287195205688,descriptive model-only metrics; phase absent for inactive limbs
B4_repeated_no_memory_s03,4.26612739141278,0.09497448801994324,4,8.620689655172413,8.577555396711936,-0.04313425846047636,21.52134132385254,4.080379486083984,1,1.8304287195205688,descriptive model-only metrics; phase absent for inactive limbs
B4_repeated_no_memory_s04,4.925764722794357,0.41093048453330994,4,8.898776418242491,8.9349535382416,0.036177119999109664,26.768211364746094,5.67369270324707,1,2.5201492309570312,descriptive model-only metrics; phase absent for inactive limbs
B4_repeated_no_memory_s05,4.736916176709888,0.0589931458234787,3,8.898776418242491,8.9349535382416,0.036177119999109664,22.871868133544922,4.284494400024414,0,0.0,descriptive model-only metrics; phase absent for inactive limbs
B4_repeated_no_memory_s06,4.874651783435432,0.29198479652404785,4,9.03781979977753,8.9349535382416,-0.10286626153592948,24.38844871520996,4.879148483276367,0,0.0,descriptive model-only metrics; phase absent for inactive limbs
B4_repeated_no_memory_s07,5.100209445951832,0.20029205083847046,4,8.620689655172413,8.666904932094353,0.04621527692193972,24.91817283630371,5.114410877227783,1,1.8304287195205688,descriptive model-only metrics; phase absent for inactive limbs
B4_repeated_sequence_specific_s00,4.316870816946301,0.24146008491516113,4,8.759733036707452,8.845604002859185,0.08587096615173273,26.34313201904297,5.524433612823486,4,9.84488582611084,descriptive model-only metrics; phase absent for inactive limbs
B4_repeated_sequence_specific_s01,6.641929605435266,0.0849049836397171,5,8.898776418242491,9.006433166547534,0.10765674830504324,26.528636932373047,5.446467399597168,4,9.84488582611084,descriptive model-only metrics; phase absent for inactive limbs
B4_repeated_sequence_specific_s02,5.111772714760806,0.1619919240474701,5,9.343715239154616,9.292351679771265,-0.05136355938335058,23.606557846069336,4.854097843170166,4,9.84488582611084,descriptive model-only metrics; phase absent for inactive limbs
B4_repeated_sequence_specific_s03,4.30146359270659,0.10553806275129318,4,8.620689655172413,8.577555396711936,-0.04313425846047636,21.521299362182617,4.078537464141846,4,9.84488582611084,descriptive model-only metrics; phase absent for inactive limbs
B4_repeated_sequence_specific_s04,5.066795663134137,0.43082404136657715,4,8.898776418242491,8.9349535382416,0.036177119999109664,26.768226623535156,5.6749796867370605,4,9.84488582611084,descriptive model-only metrics; phase absent for inactive limbs
B4_repeated_sequence_specific_s05,4.765323080520448,0.07391081005334854,3,8.898776418242491,8.9349535382416,0.036177119999109664,22.87178611755371,4.283946990966797,4,9.84488582611084,descriptive model-only metrics; phase absent for inactive limbs
B4_repeated_sequence_specific_s06,4.831795620965752,0.31886613368988037,4,9.03781979977753,9.113652609006433,0.07583280922890268,24.388355255126953,4.877536296844482,4,9.84488582611084,descriptive model-only metrics; phase absent for inactive limbs
B4_repeated_sequence_specific_s07,5.096558020326442,0.19601470232009888,4,8.481646273637374,8.666904932094353,0.18525865845697886,24.918182373046875,5.115555286407471,4,9.84488582611084,descriptive model-only metrics; phase absent for inactive limbs
B4_syncopated_full_s00,4.321526364758615,0.2588331997394562,4,8.759733036707452,8.845604002859185,0.08587096615173273,26.34317398071289,5.5240631103515625,3,4.30189323425293,descriptive model-only metrics; phase absent for inactive limbs
B4_syncopated_full_s01,6.655143173000249,0.07923915237188339,5,8.898776418242491,9.006433166547534,0.10765674830504324,26.528587341308594,5.445524215698242,3,4.375690937042236,descriptive model-only metrics; phase absent for inactive limbs
B4_syncopated_full_s02,5.084848898583263,0.16273967921733856,5,9.343715239154616,9.292351679771265,-0.05136355938335058,23.60654067993164,4.853583335876465,2,3.9198641777038574,descriptive model-only metrics; phase absent for inactive limbs
B4_syncopated_full_s03,4.2129946855456595,0.10998791456222534,4,8.620689655172413,8.577555396711936,-0.04313425846047636,21.52118492126465,4.076491355895996,3,4.30189323425293,descriptive model-only metrics; phase absent for inactive limbs
B4_syncopated_full_s04,4.9288801445367,0.45467719435691833,4,8.898776418242491,8.9349535382416,0.036177119999109664,26.768213272094727,5.673157215118408,3,4.761290073394775,descriptive model-only metrics; phase absent for inactive limbs
B4_syncopated_full_s05,4.705423265416761,0.0675818994641304,3,8.898776418242491,8.9349535382416,0.036177119999109664,22.871768951416016,4.2834625244140625,2,3.857947826385498,descriptive model-only metrics; phase absent for inactive limbs
B4_syncopated_full_s06,4.874505160564067,0.28280797600746155,4,9.03781979977753,8.9349535382416,-0.10286626153592948,24.38821792602539,4.874410629272461,1,3.2661633491516113,descriptive model-only metrics; phase absent for inactive limbs
B4_syncopated_full_s07,5.101019432428544,0.2132328301668167,4,8.481646273637374,8.666904932094353,0.18525865845697886,24.91800308227539,5.112313270568848,3,4.375690937042236,descriptive model-only metrics; phase absent for inactive limbs
B4_syncopated_no_memory_s00,4.324066233550147,0.23553813993930817,4,8.759733036707452,8.845604002859185,0.08587096615173273,26.343141555786133,5.523412704467773,3,4.227719783782959,descriptive model-only metrics; phase absent for inactive limbs
B4_syncopated_no_memory_s01,6.651874944867794,0.08468744158744812,5,8.898776418242491,9.006433166547534,0.10765674830504324,26.528593063354492,5.445629119873047,3,4.060977458953857,descriptive model-only metrics; phase absent for inactive limbs
B4_syncopated_no_memory_s02,5.104391631858426,0.14999787509441376,5,9.343715239154616,9.292351679771265,-0.05136355938335058,23.60652732849121,4.853903770446777,3,4.62083101272583,descriptive model-only metrics; phase absent for inactive limbs
B4_syncopated_no_memory_s03,4.202052569686879,0.11986901611089706,4,8.620689655172413,8.577555396711936,-0.04313425846047636,21.521163940429688,4.0759663581848145,3,4.9969000816345215,descriptive model-only metrics; phase absent for inactive limbs
B4_syncopated_no_memory_s04,4.847967204195838,0.43407177925109863,4,8.898776418242491,8.9349535382416,0.036177119999109664,26.76820182800293,5.672684192657471,3,4.5144548416137695,descriptive model-only metrics; phase absent for inactive limbs
B4_syncopated_no_memory_s05,4.771023958834698,0.05088678002357483,3,8.898776418242491,8.9349535382416,0.036177119999109664,22.871780395507812,4.283817768096924,2,4.046483516693115,descriptive model-only metrics; phase absent for inactive limbs
B4_syncopated_no_memory_s06,4.874852309795375,0.34840694069862366,4,9.03781979977753,8.9349535382416,-0.10286626153592948,24.388397216796875,4.8764472007751465,2,3.8823142051696777,descriptive model-only metrics; phase absent for inactive limbs
B4_syncopated_no_memory_s07,5.102047000595501,0.20262740552425385,4,8.481646273637374,8.666904932094353,0.18525865845697886,24.91805648803711,5.113512992858887,3,4.060977458953857,descriptive model-only metrics; phase absent for inactive limbs
B4_syncopated_sequence_specific_s00,4.385173655844102,0.283581405878067,4,8.759733036707452,8.845604002859185,0.08587096615173273,26.3432674407959,5.526309490203857,6,10.863838195800781,descriptive model-only metrics; phase absent for inactive limbs
B4_syncopated_sequence_specific_s01,6.664954865122041,0.0751010850071907,5,8.898776418242491,9.006433166547534,0.10765674830504324,26.528419494628906,5.444880485534668,6,26.14400291442871,descriptive model-only metrics; phase absent for inactive limbs
B4_syncopated_sequence_specific_s02,5.0871002795707065,0.15934129059314728,5,9.343715239154616,9.292351679771265,-0.05136355938335058,23.60655975341797,4.854037284851074,3,10.863837242126465,descriptive model-only metrics; phase absent for inactive limbs
B4_syncopated_sequence_specific_s03,4.212898430990615,0.1224265769124031,4,8.620689655172413,8.577555396711936,-0.04313425846047636,21.521324157714844,4.080446720123291,6,10.863838195800781,descriptive model-only metrics; phase absent for inactive limbs
B4_syncopated_sequence_specific_s04,4.743384148214328,0.4259572923183441,4,8.898776418242491,8.9349535382416,0.036177119999109664,26.768253326416016,5.674129486083984,6,26.14400291442871,descriptive model-only metrics; phase absent for inactive limbs
B4_syncopated_sequence_specific_s05,4.693004760961879,0.10752749443054199,3,8.898776418242491,8.9349535382416,0.036177119999109664,22.871864318847656,4.2852606773376465,3,10.863837242126465,descriptive model-only metrics; phase absent for inactive limbs
B4_syncopated_sequence_specific_s06,4.883145614588211,0.28042155504226685,4,9.03781979977753,8.9349535382416,-0.10286626153592948,24.388504028320312,4.879946708679199,6,10.863838195800781,descriptive model-only metrics; phase absent for inactive limbs
B4_syncopated_sequence_specific_s07,5.149439893554632,0.19240039587020874,4,8.481646273637374,8.666904932094353,0.18525865845697886,24.91769790649414,5.110104560852051,6,26.14400291442871,descriptive model-only metrics; phase absent for inactive limbs
B5_curved_reach_direct_s00,4.300285189365463,0.2225879281759262,4,8.759733036707452,8.845604002859185,0.08587096615173273,26.342971801757812,5.521435737609863,6,9.733607292175293,descriptive model-only metrics; phase absent for inactive limbs
B5_curved_reach_direct_s01,6.660888912958243,0.07576889544725418,5,8.898776418242491,9.006433166547534,0.10765674830504324,26.52865219116211,5.446383476257324,6,9.73317813873291,descriptive model-only metrics; phase absent for inactive limbs
B5_curved_reach_direct_s02,5.093443186201146,0.15556661784648895,5,9.343715239154616,9.292351679771265,-0.05136355938335058,23.606529235839844,4.852815628051758,3,30.09724235534668,descriptive model-only metrics; phase absent for inactive limbs
B5_curved_reach_direct_s03,4.191353804442552,0.11958196014165878,4,8.620689655172413,8.577555396711936,-0.04313425846047636,21.521305084228516,4.0768866539001465,6,9.733607292175293,descriptive model-only metrics; phase absent for inactive limbs
B5_curved_reach_direct_s04,4.924451512644227,0.4292481243610382,4,8.898776418242491,8.9349535382416,0.036177119999109664,26.768211364746094,5.673838138580322,6,9.73317813873291,descriptive model-only metrics; phase absent for inactive limbs
B5_curved_reach_direct_s05,4.846823253123191,0.09305956214666367,3,8.898776418242491,8.9349535382416,0.036177119999109664,22.87179183959961,4.283299922943115,3,30.09724235534668,descriptive model-only metrics; phase absent for inactive limbs
B5_curved_reach_direct_s06,4.864860063605411,0.3398265540599823,4,9.03781979977753,8.9349535382416,-0.10286626153592948,24.38854217529297,4.8786773681640625,6,9.733607292175293,descriptive model-only metrics; phase absent for inactive limbs
B5_curved_reach_direct_s07,5.0888163869654095,0.19120274484157562,4,8.481646273637374,8.666904932094353,0.18525865845697886,24.917831420898438,5.112227439880371,6,9.73317813873291,descriptive model-only metrics; phase absent for inactive limbs
B5_curved_reach_full_s00,4.319665260850474,0.21884143352508545,4,8.759733036707452,8.845604002859185,0.08587096615173273,26.342914581298828,5.519829273223877,2,3.749399185180664,descriptive model-only metrics; phase absent for inactive limbs
B5_curved_reach_full_s01,6.655065457092557,0.07976049184799194,5,8.898776418242491,9.006433166547534,0.10765674830504324,26.528640747070312,5.4454169273376465,2,3.7926723957061768,descriptive model-only metrics; phase absent for inactive limbs
B5_curved_reach_full_s02,5.0907968307401585,0.15464210510253906,5,9.343715239154616,9.292351679771265,-0.05136355938335058,23.606529235839844,4.852231025695801,2,3.8233304023742676,descriptive model-only metrics; phase absent for inactive limbs
B5_curved_reach_full_s03,4.180913960046546,0.12167780846357346,4,8.620689655172413,8.577555396711936,-0.04313425846047636,21.521224975585938,4.076648235321045,2,4.646280288696289,descriptive model-only metrics; phase absent for inactive limbs
B5_curved_reach_full_s04,4.955259247320874,0.4267836809158325,4,8.898776418242491,8.9349535382416,0.036177119999109664,26.76822280883789,5.673303604125977,2,4.646348476409912,descriptive model-only metrics; phase absent for inactive limbs
B5_curved_reach_full_s05,4.7059277721525765,0.08575240522623062,3,8.898776418242491,8.9349535382416,0.036177119999109664,22.871795654296875,4.283636093139648,2,3.7270920276641846,descriptive model-only metrics; phase absent for inactive limbs
B5_curved_reach_full_s06,4.871709105676954,0.25594574213027954,4,9.03781979977753,8.9349535382416,-0.10286626153592948,24.38838768005371,4.876315116882324,1,3.237197160720825,descriptive model-only metrics; phase absent for inactive limbs
B5_curved_reach_full_s07,5.094122734102533,0.19312788546085358,4,8.620689655172413,8.666904932094353,0.04621527692193972,24.91800880432129,5.112961292266846,2,3.7926723957061768,descriptive model-only metrics; phase absent for inactive limbs
B5_direct_reach_direct_s00,4.300419384615116,0.22723768651485443,4,8.759733036707452,8.845604002859185,0.08587096615173273,26.342960357666016,5.521650791168213,6,9.896000862121582,descriptive model-only metrics; phase absent for inactive limbs
B5_direct_reach_direct_s01,6.661101479243982,0.07570800185203552,5,8.898776418242491,9.006433166547534,0.10765674830504324,26.528675079345703,5.446826934814453,6,9.895819664001465,descriptive model-only metrics; phase absent for inactive limbs
B5_direct_reach_direct_s02,5.093166921703606,0.15520593523979187,5,9.343715239154616,9.292351679771265,-0.05136355938335058,23.606515884399414,4.853000164031982,3,22.425052642822266,descriptive model-only metrics; phase absent for inactive limbs
B5_direct_reach_direct_s03,4.193142500935163,0.11654607206583023,4,8.620689655172413,8.577555396711936,-0.04313425846047636,21.52129364013672,4.077237606048584,6,9.896000862121582,descriptive model-only metrics; phase absent for inactive limbs
B5_direct_reach_direct_s04,4.92094124953121,0.4317237436771393,4,8.898776418242491,8.9349535382416,0.036177119999109664,26.76824951171875,5.674180030822754,6,9.895819664001465,descriptive model-only metrics; phase absent for inactive limbs
B5_direct_reach_direct_s05,4.845087179905057,0.09368827193975449,3,8.898776418242491,8.9349535382416,0.036177119999109664,22.871784210205078,4.283565521240234,3,22.425052642822266,descriptive model-only metrics; phase absent for inactive limbs
B5_direct_reach_direct_s06,4.865576409562563,0.3415561616420746,4,9.03781979977753,8.9349535382416,-0.10286626153592948,24.388513565063477,4.878756046295166,6,9.896000862121582,descriptive model-only metrics; phase absent for inactive limbs
B5_direct_reach_direct_s07,5.090366695216713,0.1917845457792282,4,8.481646273637374,8.666904932094353,0.18525865845697886,24.917903900146484,5.11327600479126,6,9.895819664001465,descriptive model-only metrics; phase absent for inactive limbs
B5_direct_reach_full_s00,4.319719305165413,0.2188914567232132,4,8.759733036707452,8.845604002859185,0.08587096615173273,26.3429012298584,5.519791603088379,2,3.9070608615875244,descriptive model-only metrics; phase absent for inactive limbs
B5_direct_reach_full_s01,6.655384427214007,0.07930698990821838,5,8.898776418242491,9.006433166547534,0.10765674830504324,26.528593063354492,5.445065975189209,2,3.911513090133667,descriptive model-only metrics; phase absent for inactive limbs
B5_direct_reach_full_s02,5.0920591547484975,0.15438486635684967,5,9.343715239154616,9.292351679771265,-0.05136355938335058,23.60651969909668,4.852449417114258,2,3.8545501232147217,descriptive model-only metrics; phase absent for inactive limbs
B5_direct_reach_full_s03,4.181555257239391,0.12109173089265823,4,8.620689655172413,8.577555396711936,-0.04313425846047636,21.52123260498047,4.076860427856445,2,4.704807758331299,descriptive model-only metrics; phase absent for inactive limbs
B5_direct_reach_full_s04,4.95130886866838,0.4284399449825287,4,8.898776418242491,8.9349535382416,0.036177119999109664,26.76820945739746,5.673360824584961,2,4.699162483215332,descriptive model-only metrics; phase absent for inactive limbs
B5_direct_reach_full_s05,4.705957587305716,0.08595776557922363,3,8.898776418242491,8.9349535382416,0.036177119999109664,22.87179946899414,4.283823013305664,2,3.765836000442505,descriptive model-only metrics; phase absent for inactive limbs
B5_direct_reach_full_s06,4.870464632196412,0.25831139087677,4,9.03781979977753,8.9349535382416,-0.10286626153592948,24.388423919677734,4.876720905303955,1,3.338648796081543,descriptive model-only metrics; phase absent for inactive limbs
B5_direct_reach_full_s07,5.0931127371264475,0.1946149468421936,4,8.620689655172413,8.666904932094353,0.04621527692193972,24.917984008789062,5.112625598907471,2,3.911513090133667,descriptive model-only metrics; phase absent for inactive limbs
B5_soft_force_direct_s00,4.304540848986402,0.2306256741285324,4,8.759733036707452,8.845604002859185,0.08587096615173273,26.34297752380371,5.521705150604248,6,5.624958038330078,descriptive model-only metrics; phase absent for inactive limbs
B5_soft_force_direct_s01,6.661264855434273,0.0759819969534874,5,8.898776418242491,9.006433166547534,0.10765674830504324,26.528644561767578,5.446498394012451,6,5.798091411590576,descriptive model-only metrics; phase absent for inactive limbs
B5_soft_force_direct_s02,5.09333972391088,0.15504321455955505,5,9.343715239154616,9.292351679771265,-0.05136355938335058,23.606536865234375,4.853239059448242,3,16.863656997680664,descriptive model-only metrics; phase absent for inactive limbs
B5_soft_force_direct_s03,4.192524505986256,0.11959842592477798,4,8.620689655172413,8.577555396711936,-0.04313425846047636,21.52130126953125,4.077029228210449,6,5.624958038330078,descriptive model-only metrics; phase absent for inactive limbs
B5_soft_force_direct_s04,4.925492432869512,0.43107807636260986,4,8.898776418242491,8.9349535382416,0.036177119999109664,26.768238067626953,5.673655033111572,6,5.798091411590576,descriptive model-only metrics; phase absent for inactive limbs
B5_soft_force_direct_s05,4.841203633488976,0.09008791297674179,3,8.898776418242491,8.9349535382416,0.036177119999109664,22.87179946899414,4.283572673797607,3,16.863656997680664,descriptive model-only metrics; phase absent for inactive limbs
B5_soft_force_direct_s06,4.864895507214796,0.34554994106292725,4,9.03781979977753,8.9349535382416,-0.10286626153592948,24.388500213623047,4.878443717956543,6,5.624958038330078,descriptive model-only metrics; phase absent for inactive limbs
B5_soft_force_direct_s07,5.087255754225453,0.19252397119998932,4,8.481646273637374,8.666904932094353,0.18525865845697886,24.917892456054688,5.11293363571167,6,5.798091411590576,descriptive model-only metrics; phase absent for inactive limbs
B5_soft_force_full_s00,4.319317575972462,0.21712340414524078,4,8.759733036707452,8.845604002859185,0.08587096615173273,26.342884063720703,5.519571304321289,0,0.0,descriptive model-only metrics; phase absent for inactive limbs
B5_soft_force_full_s01,6.6546865694567305,0.07894068956375122,5,8.898776418242491,9.006433166547534,0.10765674830504324,26.528562545776367,5.4447922706604,0,0.0,descriptive model-only metrics; phase absent for inactive limbs
B5_soft_force_full_s02,5.097323400827268,0.1545329988002777,5,9.343715239154616,9.292351679771265,-0.05136355938335058,23.606534957885742,4.852384567260742,0,0.0,descriptive model-only metrics; phase absent for inactive limbs
B5_soft_force_full_s03,4.1810084176078695,0.12015077471733093,4,8.620689655172413,8.577555396711936,-0.04313425846047636,21.521259307861328,4.076814651489258,1,0.9548212289810181,descriptive model-only metrics; phase absent for inactive limbs
B5_soft_force_full_s04,4.946636223508264,0.43106770515441895,4,8.898776418242491,8.9349535382416,0.036177119999109664,26.76820945739746,5.67318058013916,1,0.8840560913085938,descriptive model-only metrics; phase absent for inactive limbs
B5_soft_force_full_s05,4.743411492567468,0.08301341533660889,3,8.898776418242491,8.9349535382416,0.036177119999109664,22.871795654296875,4.283315181732178,0,0.0,descriptive model-only metrics; phase absent for inactive limbs
B5_soft_force_full_s06,4.87151597977444,0.26086440682411194,4,9.03781979977753,8.9349535382416,-0.10286626153592948,24.388408660888672,4.876516819000244,0,0.0,descriptive model-only metrics; phase absent for inactive limbs
B5_soft_force_full_s07,5.091841266878271,0.19547812640666962,4,8.620689655172413,8.666904932094353,0.04621527692193972,24.917980194091797,5.112314224243164,0,0.0,descriptive model-only metrics; phase absent for inactive limbs
