run_id,experiment_id,condition,variant,seed,sequence_id,motor_rhythm_power,motor_frequency_hz,oscillating_mn_fraction,key_accuracy,precision,timing_mae_s,timing_jitter_s,misses,extra_contacts,energy_proxy,joint_velocity_rms
A1_tonic_full_s00,A1,tonic,full,0,tonic,0.8413451313972473,8.770833333333334,0.030612244897959183,,0.0,,,0,0,10.29531478881836,0.19712156057357788
A1_tonic_full_s01,A1,tonic,full,1,tonic,0.7462985515594482,8.76923076923077,0.03316326530612245,,0.0,,,0,0,17.400602340698242,0.2595100700855255
A1_tonic_full_s02,A1,tonic,full,2,tonic,0.7712901830673218,9.375,0.02040816326530612,,0.0,,,0,0,4.588249206542969,0.13065822422504425
A1_tonic_full_s03,A1,tonic,full,3,tonic,0.7539552450180054,8.65,0.025510204081632654,,0.0,,,0,0,23.595430374145508,0.2993338108062744
A1_tonic_full_s04,A1,tonic,full,4,tonic,0.7214270234107971,8.839285714285714,0.03571428571428571,,0.0,,,0,0,22.44900894165039,0.28977906703948975
A1_tonic_full_s05,A1,tonic,full,5,tonic,0.7022345066070557,8.75,0.02040816326530612,,0.0,,,0,0,4.563292980194092,0.13301293551921844
A1_tonic_full_s06,A1,tonic,full,6,tonic,0.7433818578720093,8.95,0.012755102040816327,,0.0,,,0,0,5.481156349182129,0.14750173687934875
A1_tonic_full_s07,A1,tonic,full,7,tonic,0.55275559425354,8.277777777777779,0.02295918367346939,,0.0,,,0,0,9.167080879211426,0.1903625875711441
A1_tonic_no_cpg_s00,A1,tonic,no_cpg,0,tonic,0.0,,0.0,,0.0,,,0,0,0.09027040004730225,0.031008882448077202
A1_tonic_no_cpg_s01,A1,tonic,no_cpg,1,tonic,0.0,,0.0,,0.0,,,0,0,0.0898478776216507,0.030946670100092888
A1_tonic_no_cpg_s02,A1,tonic,no_cpg,2,tonic,0.0,,0.0,,0.0,,,0,0,0.0865836814045906,0.030320102348923683
A1_tonic_no_cpg_s03,A1,tonic,no_cpg,3,tonic,0.0,,0.0,,0.0,,,0,0,0.08686865121126175,0.03037285804748535
A1_tonic_no_cpg_s04,A1,tonic,no_cpg,4,tonic,0.0,,0.0,,0.0,,,0,0,0.11270222067832947,0.03502483665943146
A1_tonic_no_cpg_s05,A1,tonic,no_cpg,5,tonic,0.0,,0.0,,0.0,,,0,0,0.08613783866167068,0.030234795063734055
A1_tonic_no_cpg_s06,A1,tonic,no_cpg,6,tonic,0.0,,0.0,,0.0,,,0,0,0.10712917149066925,0.03403541445732117
A1_tonic_no_cpg_s07,A1,tonic,no_cpg,7,tonic,0.0,,0.0,,0.0,,,0,0,0.08460944145917892,0.029948407784104347
A1_tonic_no_delay_s00,A1,tonic,no_delay,0,tonic,0.5038983821868896,15.25,0.007653061224489796,,0.0,,,0,0,0.5267746448516846,0.06112748757004738
A1_tonic_no_delay_s01,A1,tonic,no_delay,1,tonic,0.5960254073143005,12.75,0.007653061224489796,,0.0,,,0,0,0.8003216981887817,0.06432313472032547
A1_tonic_no_delay_s02,A1,tonic,no_delay,2,tonic,0.0,,0.0,,0.0,,,0,0,0.2668980360031128,0.04920676723122597
A1_tonic_no_delay_s03,A1,tonic,no_delay,3,tonic,0.6019196510314941,15.0,0.00510204081632653,,0.0,,,0,0,0.7017379403114319,0.06239231675863266
A1_tonic_no_delay_s04,A1,tonic,no_delay,4,tonic,0.580685019493103,14.5,0.007653061224489796,,0.0,,,0,0,1.064367651939392,0.08330918848514557
A1_tonic_no_delay_s05,A1,tonic,no_delay,5,tonic,0.0,,0.0,,0.0,,,0,0,0.2300022691488266,0.042974721640348434
A1_tonic_no_delay_s06,A1,tonic,no_delay,6,tonic,0.0,,0.0,,0.0,,,0,0,0.3661641776561737,0.060107190161943436
A1_tonic_no_delay_s07,A1,tonic,no_delay,7,tonic,0.0,,0.0,,0.0,,,0,0,0.37651240825653076,0.052506688982248306
A1_tonic_no_dn_s00,A1,tonic,no_dn,0,tonic,0.0,,0.0,,0.0,,,0,0,0.08412132412195206,0.029856404289603233
A1_tonic_no_dn_s01,A1,tonic,no_dn,1,tonic,0.0,,0.0,,0.0,,,0,0,0.08412132412195206,0.029856404289603233
A1_tonic_no_dn_s02,A1,tonic,no_dn,2,tonic,0.0,,0.0,,0.0,,,0,0,0.08412132412195206,0.029856404289603233
A1_tonic_no_dn_s03,A1,tonic,no_dn,3,tonic,0.0,,0.0,,0.0,,,0,0,0.08412132412195206,0.029856404289603233
A1_tonic_no_dn_s04,A1,tonic,no_dn,4,tonic,0.0,,0.0,,0.0,,,0,0,0.08412132412195206,0.029856404289603233
A1_tonic_no_dn_s05,A1,tonic,no_dn,5,tonic,0.0,,0.0,,0.0,,,0,0,0.08412132412195206,0.029856404289603233
A1_tonic_no_dn_s06,A1,tonic,no_dn,6,tonic,0.0,,0.0,,0.0,,,0,0,0.08412132412195206,0.029856404289603233
A1_tonic_no_dn_s07,A1,tonic,no_dn,7,tonic,0.0,,0.0,,0.0,,,0,0,0.08412132412195206,0.029856404289603233
A1_tonic_no_inhibition_s00,A1,tonic,no_inhibition,0,tonic,0.0,,0.0,,0.0,,,0,7,7.55094575881958,0.30587708950042725
A1_tonic_no_inhibition_s01,A1,tonic,no_inhibition,1,tonic,0.0,,0.0,,0.0,,,0,6,9.072745323181152,0.3190135359764099
A1_tonic_no_inhibition_s02,A1,tonic,no_inhibition,2,tonic,0.0,,0.0,,0.0,,,0,7,5.058305740356445,0.2542998790740967
A1_tonic_no_inhibition_s03,A1,tonic,no_inhibition,3,tonic,0.0,,0.0,,0.0,,,0,2,5.0750041007995605,0.2376329004764557
A1_tonic_no_inhibition_s04,A1,tonic,no_inhibition,4,tonic,0.0,,0.0,,0.0,,,0,7,8.086019515991211,0.31156185269355774
A1_tonic_no_inhibition_s05,A1,tonic,no_inhibition,5,tonic,0.0,,0.0,,0.0,,,0,3,5.000504493713379,0.25197547674179077
A1_tonic_no_inhibition_s06,A1,tonic,no_inhibition,6,tonic,0.0,,0.0,,0.0,,,0,5,6.583094596862793,0.26921457052230835
A1_tonic_no_inhibition_s07,A1,tonic,no_inhibition,7,tonic,0.0,,0.0,,0.0,,,0,6,7.629675388336182,0.2998764216899872
A1_tonic_randomized_s00,A1,tonic,randomized,0,tonic,0.0,,0.0,,0.0,,,0,5,9.40352725982666,0.32312244176864624
A1_tonic_randomized_s01,A1,tonic,randomized,1,tonic,0.0,,0.0,,0.0,,,0,8,9.148568153381348,0.32016247510910034
A1_tonic_randomized_s02,A1,tonic,randomized,2,tonic,0.0,,0.0,,0.0,,,0,6,8.39545726776123,0.30520832538604736
A1_tonic_randomized_s03,A1,tonic,randomized,3,tonic,0.0,,0.0,,0.0,,,0,8,10.074539184570312,0.33571657538414
A1_tonic_randomized_s04,A1,tonic,randomized,4,tonic,0.0,,0.0,,0.0,,,0,10,11.69919490814209,0.3579459488391876
A1_tonic_randomized_s05,A1,tonic,randomized,5,tonic,0.0,,0.0,,0.0,,,0,9,10.96626091003418,0.34668317437171936
A1_tonic_randomized_s06,A1,tonic,randomized,6,tonic,0.0,,0.0,,0.0,,,0,7,8.99113941192627,0.3134763836860657
A1_tonic_randomized_s07,A1,tonic,randomized,7,tonic,0.0,,0.0,,0.0,,,0,6,7.686944007873535,0.29218849539756775
A2_down_large_full_s00,A2,down_large,full,0,1d3eb94610b602b8,0.026077352464199066,1.0,0.01020408163265306,0.4166666666666667,1.0,0.11200000000000002,0.0014142135623730963,7,0,32.58585739135742,0.5910870432853699
A2_down_large_full_s01,A2,down_large,full,1,d4b5f24b166dfc13,0.03263835981488228,1.0,0.007653061224489796,0.3333333333333333,1.0,0.11100000000000004,0.0011547005383793166,8,0,23.322816848754883,0.498505175113678
A2_down_large_full_s02,A2,down_large,full,2,9c27d0905127f2eb,0.03081347420811653,1.0,0.00510204081632653,0.3333333333333333,1.0,0.11299999999999999,0.0038297084310252396,8,0,46.93961715698242,0.7111257910728455
A2_down_large_full_s03,A2,down_large,full,3,1d3eb94610b602b8,0.0,,0.0,0.4166666666666667,1.0,0.11200000000000002,0.0014142135623730963,7,0,32.58585739135742,0.5910870432853699
A2_down_large_full_s04,A2,down_large,full,4,d4b5f24b166dfc13,0.019023574888706207,1.0,0.002551020408163265,0.3333333333333333,1.0,0.10899999999999999,0.0011547005383791243,8,0,23.52406120300293,0.5015299916267395
A2_down_large_full_s05,A2,down_large,full,5,9c27d0905127f2eb,0.02236919291317463,1.0,0.002551020408163265,0.3333333333333333,1.0,0.11649999999999999,0.006608075867199508,8,0,46.19208526611328,0.70838463306427
A2_down_large_full_s06,A2,down_large,full,6,1d3eb94610b602b8,0.03855603188276291,1.0,0.00510204081632653,0.0,0.0,,,12,0,23.03765296936035,0.49715474247932434
A2_down_large_full_s07,A2,down_large,full,7,d4b5f24b166dfc13,0.019739914685487747,1.0,0.00510204081632653,0.3333333333333333,1.0,0.11100000000000004,0.0011547005383793166,8,0,23.322816848754883,0.498505175113678
A2_down_large_no_cpg_s00,A2,down_large,no_cpg,0,1d3eb94610b602b8,0.0,,0.0,0.0,0.0,,,12,0,23.03765296936035,0.49715474247932434
A2_down_large_no_cpg_s01,A2,down_large,no_cpg,1,d4b5f24b166dfc13,0.0,,0.0,0.0,0.0,,,12,0,15.84249210357666,0.4103125035762787
A2_down_large_no_cpg_s02,A2,down_large,no_cpg,2,9c27d0905127f2eb,0.0,,0.0,0.25,1.0,0.11466666666666676,0.004618802153517011,9,0,45.1477165222168,0.7008123993873596
A2_down_large_no_cpg_s03,A2,down_large,no_cpg,3,1d3eb94610b602b8,0.0,,0.0,0.0,0.0,,,12,0,23.03765296936035,0.49715474247932434
A2_down_large_no_cpg_s04,A2,down_large,no_cpg,4,d4b5f24b166dfc13,0.0,,0.0,0.3333333333333333,1.0,0.11100000000000004,0.0011547005383793166,8,0,23.322816848754883,0.498505175113678
A2_down_large_no_cpg_s05,A2,down_large,no_cpg,5,9c27d0905127f2eb,0.0,,0.0,0.25,1.0,0.11466666666666676,0.004618802153517011,9,0,45.1477165222168,0.7008123993873596
A2_down_large_no_cpg_s06,A2,down_large,no_cpg,6,1d3eb94610b602b8,0.0,,0.0,0.0,0.0,,,12,0,23.03765296936035,0.49715474247932434
A2_down_large_no_cpg_s07,A2,down_large,no_cpg,7,d4b5f24b166dfc13,0.0,,0.0,0.0,0.0,,,12,0,15.84249210357666,0.4103125035762787
A2_down_large_no_feedback_s00,A2,down_large,no_feedback,0,1d3eb94610b602b8,0.02614290453493595,1.0,0.01020408163265306,0.4166666666666667,1.0,0.11200000000000002,0.0014142135623730963,7,0,32.58585739135742,0.5910870432853699
A2_down_large_no_feedback_s01,A2,down_large,no_feedback,1,d4b5f24b166dfc13,0.032645758241415024,1.0,0.007653061224489796,0.3333333333333333,1.0,0.11100000000000004,0.0011547005383793166,8,0,23.322816848754883,0.498505175113678
A2_down_large_no_feedback_s02,A2,down_large,no_feedback,2,9c27d0905127f2eb,0.030199818313121796,1.0,0.00510204081632653,0.3333333333333333,1.0,0.11299999999999999,0.0038297084310252396,8,0,46.992008209228516,0.7112351655960083
A2_down_large_no_feedback_s03,A2,down_large,no_feedback,3,1d3eb94610b602b8,0.0,,0.0,0.4166666666666667,1.0,0.11200000000000002,0.0014142135623730963,7,0,32.58585739135742,0.5910870432853699
A2_down_large_no_feedback_s04,A2,down_large,no_feedback,4,d4b5f24b166dfc13,0.019023634493350983,1.0,0.002551020408163265,0.3333333333333333,1.0,0.10899999999999999,0.0011547005383791243,8,0,23.53073501586914,0.5014791488647461
A2_down_large_no_feedback_s05,A2,down_large,no_feedback,5,9c27d0905127f2eb,0.02345706894993782,1.0,0.002551020408163265,0.3333333333333333,1.0,0.1175,0.008225975119501861,8,0,46.17530822753906,0.708116352558136
A2_down_large_no_feedback_s06,A2,down_large,no_feedback,6,1d3eb94610b602b8,0.03856431320309639,1.0,0.00510204081632653,0.0,0.0,,,12,0,23.03765296936035,0.49715474247932434
A2_down_large_no_feedback_s07,A2,down_large,no_feedback,7,d4b5f24b166dfc13,0.019745875149965286,1.0,0.00510204081632653,0.3333333333333333,1.0,0.11100000000000004,0.0011547005383793166,8,0,23.322816848754883,0.498505175113678
A2_down_small_full_s00,A2,down_small,full,0,1d3eb94610b602b8,0.30160456895828247,7.4,0.012755102040816327,0.4166666666666667,1.0,0.11200000000000002,0.0014142135623730963,7,0,32.58585739135742,0.5910870432853699
A2_down_small_full_s01,A2,down_small,full,1,d4b5f24b166dfc13,0.6381471753120422,8.333333333333334,0.015306122448979591,0.4166666666666667,1.0,0.1116,0.0016733200530681261,7,0,24.711894989013672,0.5127997398376465
A2_down_small_full_s02,A2,down_small,full,2,9c27d0905127f2eb,0.2789677679538727,6.5,0.007653061224489796,0.3333333333333333,1.0,0.11299999999999999,0.0038297084310252396,8,0,47.43001174926758,0.7124667167663574
A2_down_small_full_s03,A2,down_small,full,3,1d3eb94610b602b8,0.6256521940231323,8.25,0.01020408163265306,0.5,1.0,0.11433333333333325,0.005853773711603826,6,0,33.73741912841797,0.6009477376937866
A2_down_small_full_s04,A2,down_small,full,4,d4b5f24b166dfc13,0.5984221696853638,8.678571428571429,0.017857142857142856,0.4166666666666667,1.0,0.10999999999999996,0.00244948974278309,7,0,24.952903747558594,0.51664137840271
A2_down_small_full_s05,A2,down_small,full,5,9c27d0905127f2eb,0.4440951943397522,8.5,0.00510204081632653,0.3333333333333333,1.0,0.11649999999999999,0.006608075867199508,8,0,47.22407913208008,0.7141599655151367
A2_down_small_full_s06,A2,down_small,full,6,1d3eb94610b602b8,0.4278375506401062,8.5,0.00510204081632653,0.0,0.0,,,12,0,23.03765296936035,0.49715474247932434
A2_down_small_full_s07,A2,down_small,full,7,d4b5f24b166dfc13,0.765448272228241,8.0,0.007653061224489796,0.4166666666666667,1.0,0.1116,0.0016733200530681261,7,0,24.751657485961914,0.5137055516242981
A2_down_small_no_cpg_s00,A2,down_small,no_cpg,0,1d3eb94610b602b8,0.0,,0.0,0.0,0.0,,,12,0,23.03765296936035,0.49715474247932434
A2_down_small_no_cpg_s01,A2,down_small,no_cpg,1,d4b5f24b166dfc13,0.0,,0.0,0.0,0.0,,,12,0,15.84249210357666,0.4103125035762787
A2_down_small_no_cpg_s02,A2,down_small,no_cpg,2,9c27d0905127f2eb,0.0,,0.0,0.25,1.0,0.11466666666666676,0.004618802153517011,9,0,45.1477165222168,0.7008123993873596
A2_down_small_no_cpg_s03,A2,down_small,no_cpg,3,1d3eb94610b602b8,0.0,,0.0,0.0,0.0,,,12,0,23.03765296936035,0.49715474247932434
A2_down_small_no_cpg_s04,A2,down_small,no_cpg,4,d4b5f24b166dfc13,0.0,,0.0,0.4166666666666667,1.0,0.1116,0.0016733200530681261,7,0,24.751657485961914,0.5137055516242981
A2_down_small_no_cpg_s05,A2,down_small,no_cpg,5,9c27d0905127f2eb,0.0,,0.0,0.25,1.0,0.11466666666666676,0.004618802153517011,9,0,45.1477165222168,0.7008123993873596
A2_down_small_no_cpg_s06,A2,down_small,no_cpg,6,1d3eb94610b602b8,0.0,,0.0,0.0,0.0,,,12,0,23.03765296936035,0.49715474247932434
A2_down_small_no_cpg_s07,A2,down_small,no_cpg,7,d4b5f24b166dfc13,0.0,,0.0,0.0,0.0,,,12,0,15.84249210357666,0.4103125035762787
A2_down_small_no_feedback_s00,A2,down_small,no_feedback,0,1d3eb94610b602b8,0.29736554622650146,7.3,0.012755102040816327,0.4166666666666667,1.0,0.11200000000000002,0.0014142135623730963,7,0,32.58585739135742,0.5910870432853699
A2_down_small_no_feedback_s01,A2,down_small,no_feedback,1,d4b5f24b166dfc13,0.6369727253913879,8.333333333333334,0.015306122448979591,0.4166666666666667,1.0,0.11199999999999996,0.0024494897427830443,7,0,24.70602798461914,0.5126133561134338
A2_down_small_no_feedback_s02,A2,down_small,no_feedback,2,9c27d0905127f2eb,0.268640398979187,6.583333333333333,0.007653061224489796,0.3333333333333333,1.0,0.11299999999999999,0.0038297084310252396,8,0,46.992008209228516,0.7112351655960083
A2_down_small_no_feedback_s03,A2,down_small,no_feedback,3,1d3eb94610b602b8,0.6105840802192688,8.25,0.01020408163265306,0.5,1.0,0.11466666666666654,0.006653319973266165,6,0,33.748939514160156,0.6009426116943359
A2_down_small_no_feedback_s04,A2,down_small,no_feedback,4,d4b5f24b166dfc13,0.5975141525268555,8.678571428571429,0.017857142857142856,0.4166666666666667,1.0,0.10999999999999996,0.00244948974278309,7,0,24.959577560424805,0.5165919661521912
A2_down_small_no_feedback_s05,A2,down_small,no_feedback,5,9c27d0905127f2eb,0.45067039132118225,8.5,0.00510204081632653,0.3333333333333333,1.0,0.1175,0.008225975119501861,8,0,48.05028533935547,0.7128653526306152
A2_down_small_no_feedback_s06,A2,down_small,no_feedback,6,1d3eb94610b602b8,0.43498075008392334,8.5,0.00510204081632653,0.0,0.0,,,12,0,23.03765296936035,0.49715474247932434
A2_down_small_no_feedback_s07,A2,down_small,no_feedback,7,d4b5f24b166dfc13,0.8182821869850159,8.0,0.007653061224489796,0.3333333333333333,1.0,0.11100000000000004,0.0011547005383793166,8,0,24.619762420654297,0.5078442096710205
A2_up_large_full_s00,A2,up_large,full,0,1d3eb94610b602b8,0.510840892791748,8.95138888888889,0.09183673469387756,0.8333333333333334,1.0,0.10619999999999989,0.015562062131278776,2,0,42.890419006347656,0.6768627166748047
A2_up_large_full_s01,A2,up_large,full,1,d4b5f24b166dfc13,0.5721755623817444,8.757575757575758,0.08418367346938775,0.5,1.0,0.10466666666666657,0.010171856598805817,6,0,27.245546340942383,0.5424418449401855
A2_up_large_full_s02,A2,up_large,full,2,9c27d0905127f2eb,0.4954555630683899,9.233870967741936,0.07908163265306123,0.5833333333333334,1.0,0.10628571428571425,0.008976158898517111,5,0,54.02443313598633,0.7635742425918579
A2_up_large_full_s03,A2,up_large,full,3,1d3eb94610b602b8,0.6114977598190308,8.96875,0.08163265306122448,0.75,1.0,0.10266666666666666,0.011575836902790251,3,0,41.998939514160156,0.6674463748931885
A2_up_large_full_s04,A2,up_large,full,4,d4b5f24b166dfc13,0.5269609689712524,8.607142857142858,0.08928571428571429,0.5,1.0,0.10233333333333332,0.010538817137927097,6,0,27.82377815246582,0.5478556752204895
A2_up_large_full_s05,A2,up_large,full,5,9c27d0905127f2eb,0.5122796297073364,8.971153846153847,0.0663265306122449,0.5833333333333334,1.0,0.10828571428571425,0.011513966674062792,5,0,53.22709274291992,0.7596558332443237
A2_up_large_full_s06,A2,up_large,full,6,1d3eb94610b602b8,0.6731340289115906,8.5,0.07142857142857142,0.4166666666666667,1.0,0.10719999999999974,0.004381780460041252,7,0,32.742435455322266,0.5919730067253113
A2_up_large_full_s07,A2,up_large,full,7,d4b5f24b166dfc13,0.6809143424034119,8.443548387096774,0.07908163265306123,0.5,1.0,0.10533333333333332,0.009179687721631297,6,0,27.169618606567383,0.5401936769485474
A2_up_large_no_cpg_s00,A2,up_large,no_cpg,0,1d3eb94610b602b8,0.03214104846119881,1.0,0.012755102040816327,0.3333333333333333,1.0,0.10449999999999982,0.004434711565216502,8,0,29.269634246826172,0.5617120862007141
A2_up_large_no_cpg_s01,A2,up_large,no_cpg,1,d4b5f24b166dfc13,0.033406537026166916,1.0,0.012755102040816327,0.16666666666666666,1.0,0.10299999999999976,0.004242640687119446,10,0,18.989826202392578,0.45019301772117615
A2_up_large_no_cpg_s02,A2,up_large,no_cpg,2,9c27d0905127f2eb,0.030492708086967468,1.0,0.01020408163265306,0.5,1.0,0.11333333333333329,0.0041311822359544675,6,0,50.3836669921875,0.7398207187652588
A2_up_large_no_cpg_s03,A2,up_large,no_cpg,3,1d3eb94610b602b8,0.029765184968709946,1.0,0.01020408163265306,0.3333333333333333,1.0,0.1044999999999996,0.005259911279352869,8,0,29.250036239624023,0.5614824891090393
A2_up_large_no_cpg_s04,A2,up_large,no_cpg,4,d4b5f24b166dfc13,0.03226142004132271,1.0,0.015306122448979591,0.5,1.0,0.10633333333333335,0.007527726527090797,6,0,26.822940826416016,0.5358298420906067
A2_up_large_no_cpg_s05,A2,up_large,no_cpg,5,9c27d0905127f2eb,0.030878353863954544,1.0,0.01020408163265306,0.5,1.0,0.11333333333333329,0.0041311822359544675,6,0,50.33135223388672,0.7394136786460876
A2_up_large_no_cpg_s06,A2,up_large,no_cpg,6,1d3eb94610b602b8,0.0310378260910511,1.0,0.01020408163265306,0.4166666666666667,1.0,0.11319999999999979,0.0038987177379232246,7,0,30.758005142211914,0.5748017430305481
A2_up_large_no_cpg_s07,A2,up_large,no_cpg,7,d4b5f24b166dfc13,0.03254926577210426,1.0,0.015306122448979591,0.16666666666666666,1.0,0.10799999999999965,0.005656854249491757,10,0,18.766958236694336,0.44715896248817444
A2_up_large_no_feedback_s00,A2,up_large,no_feedback,0,1d3eb94610b602b8,0.509812593460083,8.95138888888889,0.09183673469387756,0.8333333333333334,1.0,0.10579999999999985,0.014680296696971467,2,0,42.89940643310547,0.677237331867218
A2_up_large_no_feedback_s01,A2,up_large,no_feedback,1,d4b5f24b166dfc13,0.5584967732429504,8.757575757575758,0.08418367346938775,0.5,1.0,0.10499999999999987,0.009528903399657498,6,0,27.25996208190918,0.5424850583076477
A2_up_large_no_feedback_s02,A2,up_large,no_feedback,2,9c27d0905127f2eb,0.4901478886604309,9.225806451612904,0.07908163265306123,0.5833333333333334,1.0,0.10714285714285714,0.00798808636717977,5,0,53.89908981323242,0.7634025812149048
A2_up_large_no_feedback_s03,A2,up_large,no_feedback,3,1d3eb94610b602b8,0.6111465692520142,8.96875,0.08163265306122448,0.75,1.0,0.10266666666666666,0.011575836902790251,3,0,41.990238189697266,0.667364239692688
A2_up_large_no_feedback_s04,A2,up_large,no_feedback,4,d4b5f24b166dfc13,0.5376039743423462,8.607142857142858,0.08928571428571429,0.5,1.0,0.10233333333333332,0.010538817137927097,6,0,27.825939178466797,0.5477790236473083
A2_up_large_no_feedback_s05,A2,up_large,no_feedback,5,9c27d0905127f2eb,0.5103047490119934,8.971153846153847,0.0663265306122449,0.5833333333333334,1.0,0.10885714285714283,0.012482368517614093,5,0,53.20005416870117,0.75933438539505
A2_up_large_no_feedback_s06,A2,up_large,no_feedback,6,1d3eb94610b602b8,0.6729742884635925,8.5,0.07142857142857142,0.4166666666666667,1.0,0.10719999999999974,0.004381780460041252,7,0,32.57765579223633,0.5894668698310852
A2_up_large_no_feedback_s07,A2,up_large,no_feedback,7,d4b5f24b166dfc13,0.6905215978622437,8.443548387096774,0.07908163265306123,0.5,1.0,0.10500000000000002,0.009859006035093007,6,0,27.28247833251953,0.5402477383613586
A2_up_small_full_s00,A2,up_small,full,0,1d3eb94610b602b8,0.5538132786750793,8.86111111111111,0.04591836734693878,0.75,1.0,0.10888888888888879,0.005206833117271082,3,0,40.123016357421875,0.6523131132125854
A2_up_small_full_s01,A2,up_small,full,1,d4b5f24b166dfc13,0.7286246418952942,8.852941176470589,0.04336734693877551,0.5,1.0,0.10699999999999994,0.0062928530890210554,6,0,26.851024627685547,0.533755362033844
A2_up_small_full_s02,A2,up_small,full,2,9c27d0905127f2eb,0.6875709891319275,9.392857142857142,0.03571428571428571,0.5833333333333334,1.0,0.10914285714285706,0.0059841059323447136,5,0,53.09358215332031,0.7535872459411621
A2_up_small_full_s03,A2,up_small,full,3,1d3eb94610b602b8,0.6684041619300842,8.86111111111111,0.04591836734693878,0.75,1.0,0.10866666666666659,0.006480740698408014,3,0,39.0484504699707,0.6475358009338379
A2_up_small_full_s04,A2,up_small,full,4,d4b5f24b166dfc13,0.7656791806221008,8.954545454545455,0.05612244897959184,0.5,1.0,0.10433333333333324,0.007312090444371466,6,0,27.2515869140625,0.5406305193901062
A2_up_small_full_s05,A2,up_small,full,5,9c27d0905127f2eb,0.689746081829071,9.041666666666666,0.030612244897959183,0.5833333333333334,1.0,0.11142857142857143,0.008618916073713321,5,0,52.17405700683594,0.7514213919639587
A2_up_small_full_s06,A2,up_small,full,6,1d3eb94610b602b8,0.7304247617721558,9.05,0.025510204081632654,0.3333333333333333,1.0,0.11299999999999977,0.004760952285694895,8,0,30.603927612304688,0.5695484280586243
A2_up_small_full_s07,A2,up_small,full,7,d4b5f24b166dfc13,0.6624808311462402,8.765625,0.04081632653061224,0.5,1.0,0.10999999999999992,0.0017888543820000322,6,0,26.21515655517578,0.5304859280586243
A2_up_small_no_cpg_s00,A2,up_small,no_cpg,0,1d3eb94610b602b8,0.0,,0.0,0.3333333333333333,1.0,0.11349999999999971,0.004434711565216302,8,0,28.548166275024414,0.5537789463996887
A2_up_small_no_cpg_s01,A2,up_small,no_cpg,1,d4b5f24b166dfc13,0.0,,0.0,0.16666666666666666,1.0,0.1120000000000001,0.0028284271247458787,10,0,18.626005172729492,0.4452432692050934
A2_up_small_no_cpg_s02,A2,up_small,no_cpg,2,9c27d0905127f2eb,0.0,,0.0,0.5,1.0,0.11533333333333336,0.003932768321000689,6,0,50.080841064453125,0.7374379634857178
A2_up_small_no_cpg_s03,A2,up_small,no_cpg,3,1d3eb94610b602b8,0.0,,0.0,0.3333333333333333,1.0,0.11349999999999971,0.004434711565216302,8,0,28.548166275024414,0.5537789463996887
A2_up_small_no_cpg_s04,A2,up_small,no_cpg,4,d4b5f24b166dfc13,0.0,,0.0,0.5,1.0,0.11099999999999995,0.001095445115010171,6,0,26.15630340576172,0.5281949639320374
A2_up_small_no_cpg_s05,A2,up_small,no_cpg,5,9c27d0905127f2eb,0.0,,0.0,0.5,1.0,0.11533333333333336,0.003932768321000689,6,0,50.080841064453125,0.7374379634857178
A2_up_small_no_cpg_s06,A2,up_small,no_cpg,6,1d3eb94610b602b8,0.0,,0.0,0.08333333333333333,1.0,0.11199999999999921,,11,0,24.260591506958008,0.5101575255393982
A2_up_small_no_cpg_s07,A2,up_small,no_cpg,7,d4b5f24b166dfc13,0.0,,0.0,0.16666666666666666,1.0,0.1120000000000001,0.0028284271247458787,10,0,18.626005172729492,0.4452432692050934
A2_up_small_no_feedback_s00,A2,up_small,no_feedback,0,1d3eb94610b602b8,0.5639435648918152,8.86111111111111,0.04591836734693878,0.75,1.0,0.10888888888888888,0.005395471352079551,3,0,40.14533233642578,0.6525639295578003
A2_up_small_no_feedback_s01,A2,up_small,no_feedback,1,d4b5f24b166dfc13,0.733219563961029,8.852941176470589,0.04336734693877551,0.5,1.0,0.10733333333333339,0.0058878405775519135,6,0,26.771329879760742,0.5335750579833984
A2_up_small_no_feedback_s02,A2,up_small,no_feedback,2,9c27d0905127f2eb,0.6737673878669739,9.392857142857142,0.03571428571428571,0.5833333333333334,1.0,0.11028571428571432,0.00495695759225631,5,0,52.78351974487305,0.7527543306350708
A2_up_small_no_feedback_s03,A2,up_small,no_feedback,3,1d3eb94610b602b8,0.6675980091094971,8.86111111111111,0.04591836734693878,0.75,1.0,0.10866666666666659,0.006480740698408014,3,0,39.02061080932617,0.6473401188850403
A2_up_small_no_feedback_s04,A2,up_small,no_feedback,4,d4b5f24b166dfc13,0.7783618569374084,8.954545454545455,0.05612244897959184,0.5,1.0,0.10433333333333324,0.007312090444371466,6,0,27.22886085510254,0.5404040813446045
A2_up_small_no_feedback_s05,A2,up_small,no_feedback,5,9c27d0905127f2eb,0.6817886233329773,9.041666666666666,0.030612244897959183,0.5833333333333334,1.0,0.112,0.009660917830792913,5,0,52.135990142822266,0.7510254979133606
A2_up_small_no_feedback_s06,A2,up_small,no_feedback,6,1d3eb94610b602b8,0.7452408671379089,9.05,0.025510204081632654,0.3333333333333333,1.0,0.11349999999999971,0.004434711565216302,8,0,30.62301254272461,0.5702534914016724
A2_up_small_no_feedback_s07,A2,up_small,no_feedback,7,d4b5f24b166dfc13,0.655437707901001,8.765625,0.04081632653061224,0.5,1.0,0.10999999999999992,0.0017888543820000322,6,0,26.202634811401367,0.5303702354431152
A3_interruption_full_s00,A3,interruption,full,0,1d3eb94610b602b8,0.8521361351013184,8.770833333333334,0.030612244897959183,0.5833333333333334,1.0,0.11314285714285711,0.0032366943748503916,5,0,31.97173500061035,0.5865983366966248
A3_interruption_full_s01,A3,interruption,full,1,d4b5f24b166dfc13,0.747734785079956,8.76923076923077,0.03316326530612245,0.4166666666666667,1.0,0.10919999999999982,0.0022803508501983557,7,0,24.693052291870117,0.512462854385376
A3_interruption_full_s02,A3,interruption,full,2,9c27d0905127f2eb,0.7593088150024414,9.375,0.02040816326530612,0.5,1.0,0.11266666666666676,0.0032659863237109073,6,0,39.345516204833984,0.644273042678833
A3_interruption_full_s03,A3,interruption,full,3,1d3eb94610b602b8,0.6897825002670288,8.625,0.025510204081632654,0.5833333333333334,1.0,0.11314285714285711,0.0032366943748503916,5,0,31.97173500061035,0.5865983366966248
A3_interruption_full_s04,A3,interruption,full,4,d4b5f24b166dfc13,0.6825079321861267,8.839285714285714,0.03571428571428571,0.4166666666666667,1.0,0.10839999999999979,0.0016733200530680463,7,0,24.836713790893555,0.5163207650184631
A3_interruption_full_s05,A3,interruption,full,5,9c27d0905127f2eb,0.7031086683273315,8.75,0.02040816326530612,0.5,1.0,0.11466666666666674,0.005465040408511633,6,0,37.864418029785156,0.6388556361198425
A3_interruption_full_s06,A3,interruption,full,6,1d3eb94610b602b8,0.7561362981796265,8.95,0.012755102040816327,0.0,0.0,,,12,0,21.18327522277832,0.4707289934158325
A3_interruption_full_s07,A3,interruption,full,7,d4b5f24b166dfc13,0.49666425585746765,8.277777777777779,0.02295918367346939,0.4166666666666667,1.0,0.11519999999999989,0.008438009243891615,7,0,24.437602996826172,0.5080518126487732
A3_interruption_no_cpg_s00,A3,interruption,no_cpg,0,1d3eb94610b602b8,0.0,,0.0,0.0,0.0,,,12,0,19.479955673217773,0.45805618166923523
A3_interruption_no_cpg_s01,A3,interruption,no_cpg,1,d4b5f24b166dfc13,0.0,,0.0,0.08333333333333333,1.0,0.11399999999999988,,11,0,16.824419021606445,0.42315781116485596
A3_interruption_no_cpg_s02,A3,interruption,no_cpg,2,9c27d0905127f2eb,0.0,,0.0,0.4166666666666667,1.0,0.11440000000000002,0.0035777087639996172,7,0,36.715572357177734,0.629436731338501
A3_interruption_no_cpg_s03,A3,interruption,no_cpg,3,1d3eb94610b602b8,0.0,,0.0,0.0,0.0,,,12,0,19.479955673217773,0.45805618166923523
A3_interruption_no_cpg_s04,A3,interruption,no_cpg,4,d4b5f24b166dfc13,0.0,,0.0,0.3333333333333333,1.0,0.11149999999999988,0.0019148542155127553,8,0,22.987337112426758,0.4950825870037079
A3_interruption_no_cpg_s05,A3,interruption,no_cpg,5,9c27d0905127f2eb,0.0,,0.0,0.4166666666666667,1.0,0.11440000000000002,0.0035777087639996172,7,0,36.715572357177734,0.629436731338501
A3_interruption_no_cpg_s06,A3,interruption,no_cpg,6,1d3eb94610b602b8,0.0,,0.0,0.0,0.0,,,12,0,19.479955673217773,0.45805618166923523
A3_interruption_no_cpg_s07,A3,interruption,no_cpg,7,d4b5f24b166dfc13,0.0,,0.0,0.0,0.0,,,12,0,15.395576477050781,0.4045696258544922
A3_interruption_no_feedback_s00,A3,interruption,no_feedback,0,1d3eb94610b602b8,0.8255721926689148,8.770833333333334,0.030612244897959183,0.5833333333333334,1.0,0.11314285714285711,0.0032366943748503916,5,0,31.97173500061035,0.5865983366966248
A3_interruption_no_feedback_s01,A3,interruption,no_feedback,1,d4b5f24b166dfc13,0.7588392496109009,8.76923076923077,0.03316326530612245,0.4166666666666667,1.0,0.10919999999999982,0.0022803508501983557,7,0,24.67971420288086,0.5123661160469055
A3_interruption_no_feedback_s02,A3,interruption,no_feedback,2,9c27d0905127f2eb,0.7558170557022095,9.375,0.02040816326530612,0.5,1.0,0.11266666666666676,0.0032659863237109073,6,0,39.44058609008789,0.6444950699806213
A3_interruption_no_feedback_s03,A3,interruption,no_feedback,3,1d3eb94610b602b8,0.7307218313217163,8.65,0.025510204081632654,0.5833333333333334,1.0,0.11314285714285711,0.0032366943748503916,5,0,31.97173500061035,0.5865983366966248
A3_interruption_no_feedback_s04,A3,interruption,no_feedback,4,d4b5f24b166dfc13,0.6910778880119324,8.839285714285714,0.03571428571428571,0.4166666666666667,1.0,0.10839999999999979,0.0016733200530680463,7,0,24.83481788635254,0.5162309408187866
A3_interruption_no_feedback_s05,A3,interruption,no_feedback,5,9c27d0905127f2eb,0.6777576208114624,8.75,0.02040816326530612,0.5,1.0,0.1156666666666667,0.0070898989179440505,6,0,37.83451843261719,0.6384781002998352
A3_interruption_no_feedback_s06,A3,interruption,no_feedback,6,1d3eb94610b602b8,0.7570655345916748,8.95,0.012755102040816327,0.0,0.0,,,12,0,21.18006706237793,0.47085127234458923
A3_interruption_no_feedback_s07,A3,interruption,no_feedback,7,d4b5f24b166dfc13,0.5129433870315552,8.277777777777779,0.02295918367346939,0.4166666666666667,1.0,0.11519999999999989,0.008438009243891615,7,0,24.43680191040039,0.5080304741859436
A4_delayed_full_s00,A4,delayed,full,0,1d3eb94610b602b8,0.8027753829956055,8.770833333333334,0.030612244897959183,0.75,1.0,0.11244444444444435,0.003126943839882072,3,0,38.10267639160156,0.6397229433059692
A4_delayed_full_s01,A4,delayed,full,1,d4b5f24b166dfc13,0.766205906867981,8.76923076923077,0.03316326530612245,0.5,1.0,0.11033333333333335,0.001505545305418301,6,0,26.234804153442383,0.5284884572029114
A4_delayed_full_s02,A4,delayed,full,2,9c27d0905127f2eb,0.7165752649307251,9.375,0.02040816326530612,0.5833333333333334,1.0,0.1134285714285715,0.0035989416433697056,5,0,52.009544372558594,0.747799813747406
A4_delayed_full_s03,A4,delayed,full,3,1d3eb94610b602b8,0.7315179109573364,8.65,0.025510204081632654,0.75,1.0,0.11222222222222215,0.003382963855030542,3,0,38.13395309448242,0.6407977938652039
A4_delayed_full_s04,A4,delayed,full,4,d4b5f24b166dfc13,0.6919351816177368,8.839285714285714,0.03571428571428571,0.5,1.0,0.10866666666666654,0.0010327955589886453,6,0,26.430158615112305,0.5329819917678833
A4_delayed_full_s05,A4,delayed,full,5,9c27d0905127f2eb,0.6568339467048645,8.75,0.02040816326530612,0.5833333333333334,1.0,0.11628571428571433,0.006676183683170096,5,0,51.151451110839844,0.7447932362556458
A4_delayed_full_s06,A4,delayed,full,6,1d3eb94610b602b8,0.7557059526443481,8.95,0.012755102040816327,0.08333333333333333,1.0,0.11199999999999921,,11,0,25.97825813293457,0.5220861434936523
A4_delayed_full_s07,A4,delayed,full,7,d4b5f24b166dfc13,0.5199452638626099,8.277777777777779,0.02295918367346939,0.5,1.0,0.1113333333333334,0.001632993161855381,6,0,26.110755920410156,0.5277605056762695
A4_delayed_no_feedback_s00,A4,delayed,no_feedback,0,1d3eb94610b602b8,0.8255721926689148,8.770833333333334,0.030612244897959183,0.75,1.0,0.11244444444444435,0.003126943839882072,3,0,38.1027717590332,0.6397247314453125
A4_delayed_no_feedback_s01,A4,delayed,no_feedback,1,d4b5f24b166dfc13,0.7588392496109009,8.76923076923077,0.03316326530612245,0.5,1.0,0.11033333333333335,0.001505545305418301,6,0,26.23630142211914,0.5284989476203918
A4_delayed_no_feedback_s02,A4,delayed,no_feedback,2,9c27d0905127f2eb,0.7558170557022095,9.375,0.02040816326530612,0.5833333333333334,1.0,0.1134285714285715,0.0035989416433697056,5,0,52.06588363647461,0.7480903267860413
A4_delayed_no_feedback_s03,A4,delayed,no_feedback,3,1d3eb94610b602b8,0.7307218313217163,8.65,0.025510204081632654,0.75,1.0,0.11222222222222215,0.003382963855030542,3,0,38.13465881347656,0.6407898664474487
A4_delayed_no_feedback_s04,A4,delayed,no_feedback,4,d4b5f24b166dfc13,0.6910778880119324,8.839285714285714,0.03571428571428571,0.5,1.0,0.10866666666666654,0.0010327955589886453,6,0,26.44532585144043,0.5330283045768738
A4_delayed_no_feedback_s05,A4,delayed,no_feedback,5,9c27d0905127f2eb,0.6777576208114624,8.75,0.02040816326530612,0.5833333333333334,1.0,0.11628571428571433,0.006676183683170096,5,0,51.16334533691406,0.7448777556419373
A4_delayed_no_feedback_s06,A4,delayed,no_feedback,6,1d3eb94610b602b8,0.7570655345916748,8.95,0.012755102040816327,0.08333333333333333,1.0,0.11199999999999921,,11,0,25.96070098876953,0.5216763019561768
A4_delayed_no_feedback_s07,A4,delayed,no_feedback,7,d4b5f24b166dfc13,0.5129433870315552,8.277777777777779,0.02295918367346939,0.5,1.0,0.1113333333333334,0.001632993161855381,6,0,26.11060905456543,0.5277554988861084
A4_noisy_full_s00,A4,noisy,full,0,1d3eb94610b602b8,0.8275997042655945,8.770833333333334,0.030612244897959183,0.75,1.0,0.11244444444444435,0.003126943839882072,3,0,38.105953216552734,0.6397600769996643
A4_noisy_full_s01,A4,noisy,full,1,d4b5f24b166dfc13,0.7739567160606384,8.76923076923077,0.03316326530612245,0.5,1.0,0.11033333333333335,0.001505545305418301,6,0,26.24581527709961,0.5285772085189819
A4_noisy_full_s02,A4,noisy,full,2,9c27d0905127f2eb,0.750322699546814,9.375,0.02040816326530612,0.5833333333333334,1.0,0.1134285714285715,0.0035989416433697056,5,0,52.09148025512695,0.7483346462249756
A4_noisy_full_s03,A4,noisy,full,3,1d3eb94610b602b8,0.698509156703949,8.65,0.025510204081632654,0.75,1.0,0.11222222222222215,0.003382963855030542,3,0,38.133522033691406,0.6408111453056335
A4_noisy_full_s04,A4,noisy,full,4,d4b5f24b166dfc13,0.6728267669677734,8.839285714285714,0.03571428571428571,0.5,1.0,0.10766666666666658,0.0015055453054181732,6,0,26.612112045288086,0.5333995223045349
A4_noisy_full_s05,A4,noisy,full,5,9c27d0905127f2eb,0.6768320798873901,8.75,0.02040816326530612,0.5833333333333334,1.0,0.11571428571428576,0.005589105048046043,5,0,51.20806121826172,0.7453237771987915
A4_noisy_full_s06,A4,noisy,full,6,1d3eb94610b602b8,0.7691206932067871,8.95,0.012755102040816327,0.08333333333333333,1.0,0.11199999999999921,,11,0,25.961376190185547,0.5216487050056458
A4_noisy_full_s07,A4,noisy,full,7,d4b5f24b166dfc13,0.5426705479621887,8.277777777777779,0.02295918367346939,0.5,1.0,0.1113333333333334,0.001632993161855381,6,0,26.110719680786133,0.527750551700592
A4_noisy_no_feedback_s00,A4,noisy,no_feedback,0,1d3eb94610b602b8,0.8255721926689148,8.770833333333334,0.030612244897959183,0.75,1.0,0.11244444444444435,0.003126943839882072,3,0,38.1027717590332,0.6397247314453125
A4_noisy_no_feedback_s01,A4,noisy,no_feedback,1,d4b5f24b166dfc13,0.7588392496109009,8.76923076923077,0.03316326530612245,0.5,1.0,0.11033333333333335,0.001505545305418301,6,0,26.23630142211914,0.5284989476203918
A4_noisy_no_feedback_s02,A4,noisy,no_feedback,2,9c27d0905127f2eb,0.7558170557022095,9.375,0.02040816326530612,0.5833333333333334,1.0,0.1134285714285715,0.0035989416433697056,5,0,52.06588363647461,0.7480903267860413
A4_noisy_no_feedback_s03,A4,noisy,no_feedback,3,1d3eb94610b602b8,0.7307218313217163,8.65,0.025510204081632654,0.75,1.0,0.11222222222222215,0.003382963855030542,3,0,38.13465881347656,0.6407898664474487
A4_noisy_no_feedback_s04,A4,noisy,no_feedback,4,d4b5f24b166dfc13,0.6910778880119324,8.839285714285714,0.03571428571428571,0.5,1.0,0.10866666666666654,0.0010327955589886453,6,0,26.44532585144043,0.5330283045768738
A4_noisy_no_feedback_s05,A4,noisy,no_feedback,5,9c27d0905127f2eb,0.6777576208114624,8.75,0.02040816326530612,0.5833333333333334,1.0,0.11628571428571433,0.006676183683170096,5,0,51.16334533691406,0.7448777556419373
A4_noisy_no_feedback_s06,A4,noisy,no_feedback,6,1d3eb94610b602b8,0.7570655345916748,8.95,0.012755102040816327,0.08333333333333333,1.0,0.11199999999999921,,11,0,25.96070098876953,0.5216763019561768
A4_noisy_no_feedback_s07,A4,noisy,no_feedback,7,d4b5f24b166dfc13,0.5129433870315552,8.277777777777779,0.02295918367346939,0.5,1.0,0.1113333333333334,0.001632993161855381,6,0,26.11060905456543,0.5277554988861084
A4_normal_full_s00,A4,normal,full,0,1d3eb94610b602b8,0.8489608764648438,8.770833333333334,0.030612244897959183,0.75,1.0,0.11244444444444435,0.003126943839882072,3,0,38.106109619140625,0.6397626996040344
A4_normal_full_s01,A4,normal,full,1,d4b5f24b166dfc13,0.7663645148277283,8.76923076923077,0.03316326530612245,0.5,1.0,0.11033333333333335,0.001505545305418301,6,0,26.246728897094727,0.5285724997520447
A4_normal_full_s02,A4,normal,full,2,9c27d0905127f2eb,0.7541923522949219,9.375,0.02040816326530612,0.5833333333333334,1.0,0.1134285714285715,0.0035989416433697056,5,0,52.01124572753906,0.7480987906455994
A4_normal_full_s03,A4,normal,full,3,1d3eb94610b602b8,0.6885367631912231,8.65,0.025510204081632654,0.75,1.0,0.11222222222222215,0.003382963855030542,3,0,38.15214538574219,0.6408835053443909
A4_normal_full_s04,A4,normal,full,4,d4b5f24b166dfc13,0.6816808581352234,8.839285714285714,0.03571428571428571,0.5,1.0,0.10866666666666654,0.0010327955589886453,6,0,26.458927154541016,0.5332122445106506
A4_normal_full_s05,A4,normal,full,5,9c27d0905127f2eb,0.7008326053619385,8.75,0.02040816326530612,0.5833333333333334,1.0,0.1154285714285715,0.0053807416730762715,5,0,51.19091796875,0.7451908588409424
A4_normal_full_s06,A4,normal,full,6,1d3eb94610b602b8,0.7559146285057068,8.95,0.012755102040816327,0.08333333333333333,1.0,0.11199999999999921,,11,0,25.96390724182129,0.5215659141540527
A4_normal_full_s07,A4,normal,full,7,d4b5f24b166dfc13,0.49818155169487,8.277777777777779,0.02295918367346939,0.5,1.0,0.1113333333333334,0.001632993161855381,6,0,26.111289978027344,0.527776837348938
A4_normal_no_feedback_s00,A4,normal,no_feedback,0,1d3eb94610b602b8,0.8255721926689148,8.770833333333334,0.030612244897959183,0.75,1.0,0.11244444444444435,0.003126943839882072,3,0,38.1027717590332,0.6397247314453125
A4_normal_no_feedback_s01,A4,normal,no_feedback,1,d4b5f24b166dfc13,0.7588392496109009,8.76923076923077,0.03316326530612245,0.5,1.0,0.11033333333333335,0.001505545305418301,6,0,26.23630142211914,0.5284989476203918
A4_normal_no_feedback_s02,A4,normal,no_feedback,2,9c27d0905127f2eb,0.7558170557022095,9.375,0.02040816326530612,0.5833333333333334,1.0,0.1134285714285715,0.0035989416433697056,5,0,52.06588363647461,0.7480903267860413
A4_normal_no_feedback_s03,A4,normal,no_feedback,3,1d3eb94610b602b8,0.7307218313217163,8.65,0.025510204081632654,0.75,1.0,0.11222222222222215,0.003382963855030542,3,0,38.13465881347656,0.6407898664474487
A4_normal_no_feedback_s04,A4,normal,no_feedback,4,d4b5f24b166dfc13,0.6910778880119324,8.839285714285714,0.03571428571428571,0.5,1.0,0.10866666666666654,0.0010327955589886453,6,0,26.44532585144043,0.5330283045768738
A4_normal_no_feedback_s05,A4,normal,no_feedback,5,9c27d0905127f2eb,0.6777576208114624,8.75,0.02040816326530612,0.5833333333333334,1.0,0.11628571428571433,0.006676183683170096,5,0,51.16334533691406,0.7448777556419373
A4_normal_no_feedback_s06,A4,normal,no_feedback,6,1d3eb94610b602b8,0.7570655345916748,8.95,0.012755102040816327,0.08333333333333333,1.0,0.11199999999999921,,11,0,25.96070098876953,0.5216763019561768
A4_normal_no_feedback_s07,A4,normal,no_feedback,7,d4b5f24b166dfc13,0.5129433870315552,8.277777777777779,0.02295918367346939,0.5,1.0,0.1113333333333334,0.001632993161855381,6,0,26.11060905456543,0.5277554988861084
A5_late_full_s00,A5,late,full,0,1d3eb94610b602b8,0.8036696910858154,8.770833333333334,0.030612244897959183,0.5833333333333334,1.0,0.11257142857142842,0.0035989416433695118,5,0,34.041683197021484,0.6047809720039368
A5_late_full_s01,A5,late,full,1,d4b5f24b166dfc13,0.7498140335083008,8.76923076923077,0.03316326530612245,0.4166666666666667,1.0,0.11079999999999997,0.0010954451150104547,7,0,24.335966110229492,0.5092161297798157
A5_late_full_s02,A5,late,full,2,9c27d0905127f2eb,0.78493732213974,9.375,0.02040816326530612,0.4166666666666667,1.0,0.11480000000000005,0.003346640106136252,7,0,49.11684036254883,0.7264831066131592
A5_late_full_s03,A5,late,full,3,1d3eb94610b602b8,0.747282862663269,8.65,0.025510204081632654,0.5833333333333334,1.0,0.11114285714285702,0.005984105932344671,5,0,34.331607818603516,0.6061952114105225
A5_late_full_s04,A5,late,full,4,d4b5f24b166dfc13,0.703551173210144,8.839285714285714,0.03571428571428571,0.4166666666666667,1.0,0.10679999999999978,0.003033150177620799,7,0,24.80388832092285,0.513447105884552
A5_late_full_s05,A5,late,full,5,9c27d0905127f2eb,0.7059583067893982,8.75,0.02040816326530612,0.4166666666666667,1.0,0.11720000000000005,0.005403702434442351,7,0,48.284996032714844,0.7234758138656616
A5_late_full_s06,A5,late,full,6,1d3eb94610b602b8,0.7632683515548706,8.95,0.012755102040816327,0.08333333333333333,1.0,0.11199999999999921,,11,0,25.925661087036133,0.5221614241600037
A5_late_full_s07,A5,late,full,7,d4b5f24b166dfc13,0.50595623254776,8.277777777777779,0.02295918367346939,0.4166666666666667,1.0,0.11119999999999992,0.001095445115010171,7,0,24.247854232788086,0.5085129141807556
A5_late_no_dn_s00,A5,late,no_dn,0,1d3eb94610b602b8,0.0,,0.0,0.0,0.0,,,12,0,23.03765296936035,0.49715474247932434
A5_late_no_dn_s01,A5,late,no_dn,1,d4b5f24b166dfc13,0.0,,0.0,0.0,0.0,,,12,0,15.84249210357666,0.4103125035762787
A5_late_no_dn_s02,A5,late,no_dn,2,9c27d0905127f2eb,0.0,,0.0,0.0,0.0,,,12,0,41.252471923828125,0.6704878211021423
A5_late_no_dn_s03,A5,late,no_dn,3,1d3eb94610b602b8,0.0,,0.0,0.0,0.0,,,12,0,23.03765296936035,0.49715474247932434
A5_late_no_dn_s04,A5,late,no_dn,4,d4b5f24b166dfc13,0.0,,0.0,0.0,0.0,,,12,0,15.84249210357666,0.4103125035762787
A5_late_no_dn_s05,A5,late,no_dn,5,9c27d0905127f2eb,0.0,,0.0,0.0,0.0,,,12,0,41.252471923828125,0.6704878211021423
A5_late_no_dn_s06,A5,late,no_dn,6,1d3eb94610b602b8,0.0,,0.0,0.0,0.0,,,12,0,23.03765296936035,0.49715474247932434
A5_late_no_dn_s07,A5,late,no_dn,7,d4b5f24b166dfc13,0.0,,0.0,0.0,0.0,,,12,0,15.84249210357666,0.4103125035762787
A5_left_bias_full_s00,A5,left_bias,full,0,1d3eb94610b602b8,0.8991051316261292,9.0,0.00510204081632653,0.0,0.0,,,12,0,23.03765296936035,0.49715474247932434
A5_left_bias_full_s01,A5,left_bias,full,1,d4b5f24b166dfc13,0.7651917338371277,9.333333333333334,0.007653061224489796,0.0,0.0,,,12,0,15.84249210357666,0.4103125035762787
A5_left_bias_full_s02,A5,left_bias,full,2,9c27d0905127f2eb,0.7544550895690918,9.75,0.00510204081632653,0.0,0.0,,,12,0,41.82703399658203,0.6720848679542542
A5_left_bias_full_s03,A5,left_bias,full,3,1d3eb94610b602b8,0.5474510788917542,8.0,0.002551020408163265,0.0,0.0,,,12,0,23.03765296936035,0.49715474247932434
A5_left_bias_full_s04,A5,left_bias,full,4,d4b5f24b166dfc13,0.6138200163841248,9.0,0.00510204081632653,0.0,0.0,,,12,0,15.84249210357666,0.4103125035762787
A5_left_bias_full_s05,A5,left_bias,full,5,9c27d0905127f2eb,0.6241514682769775,8.75,0.00510204081632653,0.0,0.0,,,12,0,41.252471923828125,0.6704878211021423
A5_left_bias_full_s06,A5,left_bias,full,6,1d3eb94610b602b8,0.7592241764068604,9.083333333333334,0.007653061224489796,0.0,0.0,,,12,0,24.740970611572266,0.5088547468185425
A5_left_bias_full_s07,A5,left_bias,full,7,d4b5f24b166dfc13,0.9389438629150391,8.5,0.00510204081632653,0.0,0.0,,,12,0,15.84249210357666,0.4103125035762787
A5_left_bias_no_dn_s00,A5,left_bias,no_dn,0,1d3eb94610b602b8,0.0,,0.0,0.0,0.0,,,12,0,23.03765296936035,0.49715474247932434
A5_left_bias_no_dn_s01,A5,left_bias,no_dn,1,d4b5f24b166dfc13,0.0,,0.0,0.0,0.0,,,12,0,15.84249210357666,0.4103125035762787
A5_left_bias_no_dn_s02,A5,left_bias,no_dn,2,9c27d0905127f2eb,0.0,,0.0,0.0,0.0,,,12,0,41.252471923828125,0.6704878211021423
A5_left_bias_no_dn_s03,A5,left_bias,no_dn,3,1d3eb94610b602b8,0.0,,0.0,0.0,0.0,,,12,0,23.03765296936035,0.49715474247932434
A5_left_bias_no_dn_s04,A5,left_bias,no_dn,4,d4b5f24b166dfc13,0.0,,0.0,0.0,0.0,,,12,0,15.84249210357666,0.4103125035762787
A5_left_bias_no_dn_s05,A5,left_bias,no_dn,5,9c27d0905127f2eb,0.0,,0.0,0.0,0.0,,,12,0,41.252471923828125,0.6704878211021423
A5_left_bias_no_dn_s06,A5,left_bias,no_dn,6,1d3eb94610b602b8,0.0,,0.0,0.0,0.0,,,12,0,23.03765296936035,0.49715474247932434
A5_left_bias_no_dn_s07,A5,left_bias,no_dn,7,d4b5f24b166dfc13,0.0,,0.0,0.0,0.0,,,12,0,15.84249210357666,0.4103125035762787
A5_strong_full_s00,A5,strong,full,0,1d3eb94610b602b8,0.6088122129440308,9.17741935483871,0.07908163265306123,0.75,1.0,0.09155555555555556,0.0031269438398822237,3,0,46.006839752197266,0.7099454402923584
A5_strong_full_s01,A5,strong,full,1,d4b5f24b166dfc13,0.6784669160842896,9.21551724137931,0.07397959183673469,0.5,1.0,0.08833333333333333,0.002338090388900039,6,0,30.88782501220703,0.5774361491203308
A5_strong_full_s02,A5,strong,full,2,9c27d0905127f2eb,0.5474951267242432,9.444444444444445,0.06887755102040816,0.5833333333333334,1.0,0.09999999999999994,0.00416333199893218,5,0,56.320953369140625,0.7835860252380371
A5_strong_full_s03,A5,strong,full,3,1d3eb94610b602b8,0.7002230882644653,9.1875,0.07142857142857142,0.75,1.0,0.09177777777777757,0.004055175020198799,3,0,45.3301887512207,0.7003988027572632
A5_strong_full_s04,A5,strong,full,4,d4b5f24b166dfc13,0.5914033651351929,9.066666666666666,0.07653061224489796,0.5,1.0,0.08733333333333337,0.001632993161855381,6,0,31.257665634155273,0.5851998925209045
A5_strong_full_s05,A5,strong,full,5,9c27d0905127f2eb,0.5997423529624939,9.2625,0.05102040816326531,0.5833333333333334,1.0,0.09771428571428557,0.005219012860502804,5,0,56.92180252075195,0.7836268544197083
A5_strong_full_s06,A5,strong,full,6,1d3eb94610b602b8,0.7597667574882507,9.072916666666666,0.061224489795918366,0.8333333333333334,1.0,0.10479999999999981,0.005094659513211459,2,0,45.162376403808594,0.6913015842437744
A5_strong_full_s07,A5,strong,full,7,d4b5f24b166dfc13,0.8261139392852783,8.98,0.06377551020408163,0.5,1.0,0.09266666666666656,0.0020655911179774055,6,0,29.69439125061035,0.5688725709915161
A5_strong_no_dn_s00,A5,strong,no_dn,0,1d3eb94610b602b8,0.0,,0.0,0.0,0.0,,,12,0,23.03765296936035,0.49715474247932434
A5_strong_no_dn_s01,A5,strong,no_dn,1,d4b5f24b166dfc13,0.0,,0.0,0.0,0.0,,,12,0,15.84249210357666,0.4103125035762787
A5_strong_no_dn_s02,A5,strong,no_dn,2,9c27d0905127f2eb,0.0,,0.0,0.0,0.0,,,12,0,41.252471923828125,0.6704878211021423
A5_strong_no_dn_s03,A5,strong,no_dn,3,1d3eb94610b602b8,0.0,,0.0,0.0,0.0,,,12,0,23.03765296936035,0.49715474247932434
A5_strong_no_dn_s04,A5,strong,no_dn,4,d4b5f24b166dfc13,0.0,,0.0,0.0,0.0,,,12,0,15.84249210357666,0.4103125035762787
A5_strong_no_dn_s05,A5,strong,no_dn,5,9c27d0905127f2eb,0.0,,0.0,0.0,0.0,,,12,0,41.252471923828125,0.6704878211021423
A5_strong_no_dn_s06,A5,strong,no_dn,6,1d3eb94610b602b8,0.0,,0.0,0.0,0.0,,,12,0,23.03765296936035,0.49715474247932434
A5_strong_no_dn_s07,A5,strong,no_dn,7,d4b5f24b166dfc13,0.0,,0.0,0.0,0.0,,,12,0,15.84249210357666,0.4103125035762787
A5_weak_full_s00,A5,weak,full,0,1d3eb94610b602b8,0.0,,0.0,0.0,0.0,,,12,0,23.03765296936035,0.49715474247932434
A5_weak_full_s01,A5,weak,full,1,d4b5f24b166dfc13,0.0,,0.0,0.0,0.0,,,12,0,15.84249210357666,0.4103125035762787
A5_weak_full_s02,A5,weak,full,2,9c27d0905127f2eb,0.0,,0.0,0.0,0.0,,,12,0,41.252471923828125,0.6704878211021423
A5_weak_full_s03,A5,weak,full,3,1d3eb94610b602b8,0.0,,0.0,0.0,0.0,,,12,0,23.03765296936035,0.49715474247932434
A5_weak_full_s04,A5,weak,full,4,d4b5f24b166dfc13,0.0,,0.0,0.0,0.0,,,12,0,15.84249210357666,0.4103125035762787
A5_weak_full_s05,A5,weak,full,5,9c27d0905127f2eb,0.0,,0.0,0.0,0.0,,,12,0,41.252471923828125,0.6704878211021423
A5_weak_full_s06,A5,weak,full,6,1d3eb94610b602b8,0.0,,0.0,0.0,0.0,,,12,0,23.03765296936035,0.49715474247932434
A5_weak_full_s07,A5,weak,full,7,d4b5f24b166dfc13,0.0,,0.0,0.0,0.0,,,12,0,15.84249210357666,0.4103125035762787
A5_weak_no_dn_s00,A5,weak,no_dn,0,1d3eb94610b602b8,0.0,,0.0,0.0,0.0,,,12,0,23.03765296936035,0.49715474247932434
A5_weak_no_dn_s01,A5,weak,no_dn,1,d4b5f24b166dfc13,0.0,,0.0,0.0,0.0,,,12,0,15.84249210357666,0.4103125035762787
A5_weak_no_dn_s02,A5,weak,no_dn,2,9c27d0905127f2eb,0.0,,0.0,0.0,0.0,,,12,0,41.252471923828125,0.6704878211021423
A5_weak_no_dn_s03,A5,weak,no_dn,3,1d3eb94610b602b8,0.0,,0.0,0.0,0.0,,,12,0,23.03765296936035,0.49715474247932434
A5_weak_no_dn_s04,A5,weak,no_dn,4,d4b5f24b166dfc13,0.0,,0.0,0.0,0.0,,,12,0,15.84249210357666,0.4103125035762787
A5_weak_no_dn_s05,A5,weak,no_dn,5,9c27d0905127f2eb,0.0,,0.0,0.0,0.0,,,12,0,41.252471923828125,0.6704878211021423
A5_weak_no_dn_s06,A5,weak,no_dn,6,1d3eb94610b602b8,0.0,,0.0,0.0,0.0,,,12,0,23.03765296936035,0.49715474247932434
A5_weak_no_dn_s07,A5,weak,no_dn,7,d4b5f24b166dfc13,0.0,,0.0,0.0,0.0,,,12,0,15.84249210357666,0.4103125035762787
B1_novel_direct_s00,B1,novel,direct,0,1d3eb94610b602b8,0.8354341387748718,8.770833333333334,0.030612244897959183,0.9166666666666666,0.9166666666666666,0.09163636363636347,0.0076324665380558794,1,1,98.93209838867188,1.05612051486969
B1_novel_direct_s01,B1,novel,direct,1,d4b5f24b166dfc13,0.7641048431396484,8.76923076923077,0.03316326530612245,1.0,0.9230769230769231,0.09049999999999982,0.007821880731756013,0,1,80.28240966796875,0.9500788450241089
B1_novel_direct_s02,B1,novel,direct,2,9c27d0905127f2eb,0.7573995590209961,9.375,0.02040816326530612,0.8333333333333334,0.5263157894736842,0.10499999999999984,0.018956089610817312,2,9,141.089599609375,1.2738510370254517
B1_novel_direct_s03,B1,novel,direct,3,1d3eb94610b602b8,0.7432919144630432,8.65,0.025510204081632654,0.9166666666666666,0.9166666666666666,0.09163636363636347,0.0076324665380558794,1,1,98.93209838867188,1.05612051486969
B1_novel_direct_s04,B1,novel,direct,4,d4b5f24b166dfc13,0.6938747763633728,8.839285714285714,0.03571428571428571,1.0,0.9230769230769231,0.09049999999999982,0.007821880731756013,0,1,80.28240966796875,0.9500788450241089
B1_novel_direct_s05,B1,novel,direct,5,9c27d0905127f2eb,0.6987781524658203,8.75,0.02040816326530612,0.8333333333333334,0.5263157894736842,0.10499999999999984,0.018956089610817312,2,9,141.089599609375,1.2738510370254517
B1_novel_direct_s06,B1,novel,direct,6,1d3eb94610b602b8,0.7585718631744385,8.95,0.012755102040816327,0.9166666666666666,0.9166666666666666,0.09163636363636347,0.0076324665380558794,1,1,98.93209838867188,1.05612051486969
B1_novel_direct_s07,B1,novel,direct,7,d4b5f24b166dfc13,0.507215142250061,8.36111111111111,0.02295918367346939,1.0,0.9230769230769231,0.09049999999999982,0.007821880731756013,0,1,80.28240966796875,0.9500788450241089
B1_novel_full_s00,B1,novel,full,0,1d3eb94610b602b8,0.8489608764648438,8.770833333333334,0.030612244897959183,0.75,1.0,0.11244444444444435,0.003126943839882072,3,0,38.106109619140625,0.6397626996040344
B1_novel_full_s01,B1,novel,full,1,d4b5f24b166dfc13,0.7663645148277283,8.76923076923077,0.03316326530612245,0.5,1.0,0.11033333333333335,0.001505545305418301,6,0,26.246728897094727,0.5285724997520447
B1_novel_full_s02,B1,novel,full,2,9c27d0905127f2eb,0.7541923522949219,9.375,0.02040816326530612,0.5833333333333334,1.0,0.1134285714285715,0.0035989416433697056,5,0,52.01124572753906,0.7480987906455994
B1_novel_full_s03,B1,novel,full,3,1d3eb94610b602b8,0.6885367631912231,8.65,0.025510204081632654,0.75,1.0,0.11222222222222215,0.003382963855030542,3,0,38.15214538574219,0.6408835053443909
B1_novel_full_s04,B1,novel,full,4,d4b5f24b166dfc13,0.6816808581352234,8.839285714285714,0.03571428571428571,0.5,1.0,0.10866666666666654,0.0010327955589886453,6,0,26.458927154541016,0.5332122445106506
B1_novel_full_s05,B1,novel,full,5,9c27d0905127f2eb,0.7008326053619385,8.75,0.02040816326530612,0.5833333333333334,1.0,0.1154285714285715,0.0053807416730762715,5,0,51.19091796875,0.7451908588409424
B1_novel_full_s06,B1,novel,full,6,1d3eb94610b602b8,0.7559146285057068,8.95,0.012755102040816327,0.08333333333333333,1.0,0.11199999999999921,,11,0,25.96390724182129,0.5215659141540527
B1_novel_full_s07,B1,novel,full,7,d4b5f24b166dfc13,0.49818155169487,8.277777777777779,0.02295918367346939,0.5,1.0,0.1113333333333334,0.001632993161855381,6,0,26.111289978027344,0.527776837348938
B1_novel_hand_cpg_s00,B1,novel,hand_cpg,0,1d3eb94610b602b8,0.8471629023551941,8.770833333333334,0.030612244897959183,1.0,1.0,0.09949999999999982,0.004188729466730213,0,0,49.18610382080078,0.7320300340652466
B1_novel_hand_cpg_s01,B1,novel,hand_cpg,1,d4b5f24b166dfc13,0.7720217108726501,8.76923076923077,0.03316326530612245,1.0,1.0,0.09766666666666642,0.005581354239923719,0,0,40.76457595825195,0.6644481420516968
B1_novel_hand_cpg_s02,B1,novel,hand_cpg,2,9c27d0905127f2eb,0.75596022605896,9.375,0.02040816326530612,1.0,1.0,0.1011666666666665,0.004783177592227587,0,0,67.14351654052734,0.8542608022689819
B1_novel_hand_cpg_s03,B1,novel,hand_cpg,3,1d3eb94610b602b8,0.6871690154075623,8.625,0.025510204081632654,1.0,1.0,0.09949999999999982,0.004188729466730213,0,0,49.18610382080078,0.7320300340652466
B1_novel_hand_cpg_s04,B1,novel,hand_cpg,4,d4b5f24b166dfc13,0.6803811192512512,8.839285714285714,0.03571428571428571,1.0,1.0,0.09766666666666642,0.005581354239923719,0,0,40.76457595825195,0.6644481420516968
B1_novel_hand_cpg_s05,B1,novel,hand_cpg,5,9c27d0905127f2eb,0.7016158699989319,8.75,0.02040816326530612,1.0,1.0,0.1011666666666665,0.004783177592227587,0,0,67.14351654052734,0.8542608022689819
B1_novel_hand_cpg_s06,B1,novel,hand_cpg,6,1d3eb94610b602b8,0.7555416822433472,8.95,0.012755102040816327,1.0,1.0,0.09949999999999982,0.004188729466730213,0,0,49.18610382080078,0.7320300340652466
B1_novel_hand_cpg_s07,B1,novel,hand_cpg,7,d4b5f24b166dfc13,0.49647220969200134,8.277777777777779,0.02295918367346939,1.0,1.0,0.09766666666666642,0.005581354239923719,0,0,40.76457595825195,0.6644481420516968
B1_novel_no_body_mapping_s00,B1,novel,no_body_mapping,0,1d3eb94610b602b8,0.8489608764648438,8.770833333333334,0.030612244897959183,0.75,1.0,0.11244444444444435,0.003126943839882072,3,0,38.106109619140625,0.6397626996040344
B1_novel_no_body_mapping_s01,B1,novel,no_body_mapping,1,d4b5f24b166dfc13,0.7663645148277283,8.76923076923077,0.03316326530612245,0.5,1.0,0.11033333333333335,0.001505545305418301,6,0,26.246728897094727,0.5285724997520447
B1_novel_no_body_mapping_s02,B1,novel,no_body_mapping,2,9c27d0905127f2eb,0.7541923522949219,9.375,0.02040816326530612,0.5833333333333334,1.0,0.1134285714285715,0.0035989416433697056,5,0,52.01124572753906,0.7480987906455994
B1_novel_no_body_mapping_s03,B1,novel,no_body_mapping,3,1d3eb94610b602b8,0.6885367631912231,8.65,0.025510204081632654,0.75,1.0,0.11222222222222215,0.003382963855030542,3,0,38.15214538574219,0.6408835053443909
B1_novel_no_body_mapping_s04,B1,novel,no_body_mapping,4,d4b5f24b166dfc13,0.6816808581352234,8.839285714285714,0.03571428571428571,0.5,1.0,0.10866666666666654,0.0010327955589886453,6,0,26.458927154541016,0.5332122445106506
B1_novel_no_body_mapping_s05,B1,novel,no_body_mapping,5,9c27d0905127f2eb,0.7008326053619385,8.75,0.02040816326530612,0.5833333333333334,1.0,0.1154285714285715,0.0053807416730762715,5,0,51.19091796875,0.7451908588409424
B1_novel_no_body_mapping_s06,B1,novel,no_body_mapping,6,1d3eb94610b602b8,0.7559146285057068,8.95,0.012755102040816327,0.08333333333333333,1.0,0.11199999999999921,,11,0,25.96390724182129,0.5215659141540527
B1_novel_no_body_mapping_s07,B1,novel,no_body_mapping,7,d4b5f24b166dfc13,0.49818155169487,8.277777777777779,0.02295918367346939,0.5,1.0,0.1113333333333334,0.001632993161855381,6,0,26.111289978027344,0.527776837348938
B1_novel_no_cpg_s00,B1,novel,no_cpg,0,1d3eb94610b602b8,0.0,,0.0,0.08333333333333333,1.0,0.11199999999999921,,11,0,24.260591506958008,0.5101575255393982
B1_novel_no_cpg_s01,B1,novel,no_cpg,1,d4b5f24b166dfc13,0.0,,0.0,0.08333333333333333,1.0,0.11399999999999988,,11,0,17.271333694458008,0.42865175008773804
B1_novel_no_cpg_s02,B1,novel,no_cpg,2,9c27d0905127f2eb,0.0,,0.0,0.5,1.0,0.11533333333333336,0.003932768321000689,6,0,50.080841064453125,0.7374379634857178
B1_novel_no_cpg_s03,B1,novel,no_cpg,3,1d3eb94610b602b8,0.0,,0.0,0.08333333333333333,1.0,0.11199999999999921,,11,0,24.260591506958008,0.5101575255393982
B1_novel_no_cpg_s04,B1,novel,no_cpg,4,d4b5f24b166dfc13,0.0,,0.0,0.5,1.0,0.1113333333333334,0.001632993161855381,6,0,26.1063289642334,0.5276293158531189
B1_novel_no_cpg_s05,B1,novel,no_cpg,5,9c27d0905127f2eb,0.0,,0.0,0.5,1.0,0.11533333333333336,0.003932768321000689,6,0,50.080841064453125,0.7374379634857178
B1_novel_no_cpg_s06,B1,novel,no_cpg,6,1d3eb94610b602b8,0.0,,0.0,0.0,0.0,,,12,0,23.03765296936035,0.49715474247932434
B1_novel_no_cpg_s07,B1,novel,no_cpg,7,d4b5f24b166dfc13,0.0,,0.0,0.0,0.0,,,12,0,15.84249210357666,0.4103125035762787
B1_novel_no_delay_s00,B1,novel,no_delay,0,1d3eb94610b602b8,0.5038923025131226,15.25,0.007653061224489796,0.75,1.0,0.11266666666666654,0.0029999999999997438,3,0,38.096370697021484,0.6394467949867249
B1_novel_no_delay_s01,B1,novel,no_delay,1,d4b5f24b166dfc13,0.5479097366333008,12.75,0.007653061224489796,0.5,1.0,0.1113333333333334,0.001632993161855381,6,0,26.116195678710938,0.5277225971221924
B1_novel_no_delay_s02,B1,novel,no_delay,2,9c27d0905127f2eb,0.0,,0.0,0.5833333333333334,1.0,0.11514285714285714,0.0036253078686998607,5,0,51.13554382324219,0.7450352311134338
B1_novel_no_delay_s03,B1,novel,no_delay,3,1d3eb94610b602b8,0.6025984883308411,15.0,0.00510204081632653,0.75,1.0,0.11222222222222215,0.003382963855030542,3,0,38.15102767944336,0.6399371027946472
B1_novel_no_delay_s04,B1,novel,no_delay,4,d4b5f24b166dfc13,0.5671893358230591,14.5,0.007653061224489796,0.5,1.0,0.10866666666666654,0.0010327955589886453,6,0,26.500537872314453,0.5320587158203125
B1_novel_no_delay_s05,B1,novel,no_delay,5,9c27d0905127f2eb,0.0,,0.0,0.5833333333333334,1.0,0.11800000000000001,0.00791622805802523,5,0,51.09111785888672,0.743516743183136
B1_novel_no_delay_s06,B1,novel,no_delay,6,1d3eb94610b602b8,0.0,,0.0,0.08333333333333333,1.0,0.11199999999999921,,11,0,24.260591506958008,0.5101575255393982
B1_novel_no_delay_s07,B1,novel,no_delay,7,d4b5f24b166dfc13,0.0,,0.0,0.5,1.0,0.1113333333333334,0.001632993161855381,6,0,26.1063289642334,0.5276293158531189
B1_novel_no_dn_s00,B1,novel,no_dn,0,1d3eb94610b602b8,0.0,,0.0,0.0,0.0,,,12,0,23.03765296936035,0.49715474247932434
B1_novel_no_dn_s01,B1,novel,no_dn,1,d4b5f24b166dfc13,0.0,,0.0,0.0,0.0,,,12,0,15.84249210357666,0.4103125035762787
B1_novel_no_dn_s02,B1,novel,no_dn,2,9c27d0905127f2eb,0.0,,0.0,0.0,0.0,,,12,0,41.252471923828125,0.6704878211021423
B1_novel_no_dn_s03,B1,novel,no_dn,3,1d3eb94610b602b8,0.0,,0.0,0.0,0.0,,,12,0,23.03765296936035,0.49715474247932434
B1_novel_no_dn_s04,B1,novel,no_dn,4,d4b5f24b166dfc13,0.0,,0.0,0.0,0.0,,,12,0,15.84249210357666,0.4103125035762787
B1_novel_no_dn_s05,B1,novel,no_dn,5,9c27d0905127f2eb,0.0,,0.0,0.0,0.0,,,12,0,41.252471923828125,0.6704878211021423
B1_novel_no_dn_s06,B1,novel,no_dn,6,1d3eb94610b602b8,0.0,,0.0,0.0,0.0,,,12,0,23.03765296936035,0.49715474247932434
B1_novel_no_dn_s07,B1,novel,no_dn,7,d4b5f24b166dfc13,0.0,,0.0,0.0,0.0,,,12,0,15.84249210357666,0.4103125035762787
B1_novel_no_feedback_s00,B1,novel,no_feedback,0,1d3eb94610b602b8,0.8255721926689148,8.770833333333334,0.030612244897959183,0.75,1.0,0.11244444444444435,0.003126943839882072,3,0,38.1027717590332,0.6397247314453125
B1_novel_no_feedback_s01,B1,novel,no_feedback,1,d4b5f24b166dfc13,0.7588392496109009,8.76923076923077,0.03316326530612245,0.5,1.0,0.11033333333333335,0.001505545305418301,6,0,26.23630142211914,0.5284989476203918
B1_novel_no_feedback_s02,B1,novel,no_feedback,2,9c27d0905127f2eb,0.7558170557022095,9.375,0.02040816326530612,0.5833333333333334,1.0,0.1134285714285715,0.0035989416433697056,5,0,52.06588363647461,0.7480903267860413
B1_novel_no_feedback_s03,B1,novel,no_feedback,3,1d3eb94610b602b8,0.7307218313217163,8.65,0.025510204081632654,0.75,1.0,0.11222222222222215,0.003382963855030542,3,0,38.13465881347656,0.6407898664474487
B1_novel_no_feedback_s04,B1,novel,no_feedback,4,d4b5f24b166dfc13,0.6910778880119324,8.839285714285714,0.03571428571428571,0.5,1.0,0.10866666666666654,0.0010327955589886453,6,0,26.44532585144043,0.5330283045768738
B1_novel_no_feedback_s05,B1,novel,no_feedback,5,9c27d0905127f2eb,0.6777576208114624,8.75,0.02040816326530612,0.5833333333333334,1.0,0.11628571428571433,0.006676183683170096,5,0,51.16334533691406,0.7448777556419373
B1_novel_no_feedback_s06,B1,novel,no_feedback,6,1d3eb94610b602b8,0.7570655345916748,8.95,0.012755102040816327,0.08333333333333333,1.0,0.11199999999999921,,11,0,25.96070098876953,0.5216763019561768
B1_novel_no_feedback_s07,B1,novel,no_feedback,7,d4b5f24b166dfc13,0.5129433870315552,8.277777777777779,0.02295918367346939,0.5,1.0,0.1113333333333334,0.001632993161855381,6,0,26.11060905456543,0.5277554988861084
B1_novel_no_inhibition_s00,B1,novel,no_inhibition,0,1d3eb94610b602b8,0.17138466238975525,1.0,0.002551020408163265,0.8333333333333334,1.0,0.08979999999999991,0.00345768066130389,2,0,48.321964263916016,0.7305179238319397
B1_novel_no_inhibition_s01,B1,novel,no_inhibition,1,d4b5f24b166dfc13,0.0,,0.0,0.5,1.0,0.09233333333333323,0.0015055453054181535,6,0,29.58526611328125,0.5671265125274658
B1_novel_no_inhibition_s02,B1,novel,no_inhibition,2,9c27d0905127f2eb,0.0,,0.0,0.6666666666666666,1.0,0.09375,0.003615443067098145,4,0,59.312129974365234,0.8063983917236328
B1_novel_no_inhibition_s03,B1,novel,no_inhibition,3,1d3eb94610b602b8,0.16469384729862213,1.0,0.002551020408163265,0.8333333333333334,1.0,0.09699999999999984,0.006749485577105597,2,0,44.775352478027344,0.699073076248169
B1_novel_no_inhibition_s04,B1,novel,no_inhibition,4,d4b5f24b166dfc13,0.0,,0.0,0.5,1.0,0.08733333333333337,0.001632993161855381,6,0,31.27330207824707,0.5857292413711548
B1_novel_no_inhibition_s05,B1,novel,no_inhibition,5,9c27d0905127f2eb,0.0,,0.0,0.6666666666666666,1.0,0.09149999999999989,0.002777460299317503,4,0,60.3760871887207,0.8136653900146484
B1_novel_no_inhibition_s06,B1,novel,no_inhibition,6,1d3eb94610b602b8,0.16842025518417358,1.0,0.002551020408163265,0.16666666666666666,1.0,0.10099999999999953,0.015556349186103588,10,0,27.569074630737305,0.5456230640411377
B1_novel_no_inhibition_s07,B1,novel,no_inhibition,7,d4b5f24b166dfc13,0.0,,0.0,0.5,1.0,0.09733333333333331,0.003723797345005126,6,0,28.566370010375977,0.555569589138031
B1_novel_no_interleg_s00,B1,novel,no_interleg,0,1d3eb94610b602b8,0.8489608764648438,8.770833333333334,0.030612244897959183,0.75,1.0,0.11244444444444435,0.003126943839882072,3,0,38.106109619140625,0.6397626996040344
B1_novel_no_interleg_s01,B1,novel,no_interleg,1,d4b5f24b166dfc13,0.7663645148277283,8.76923076923077,0.03316326530612245,0.5,1.0,0.11033333333333335,0.001505545305418301,6,0,26.246728897094727,0.5285724997520447
B1_novel_no_interleg_s02,B1,novel,no_interleg,2,9c27d0905127f2eb,0.7541923522949219,9.375,0.02040816326530612,0.5833333333333334,1.0,0.1134285714285715,0.0035989416433697056,5,0,52.01124572753906,0.7480987906455994
B1_novel_no_interleg_s03,B1,novel,no_interleg,3,1d3eb94610b602b8,0.6885367631912231,8.65,0.025510204081632654,0.75,1.0,0.11222222222222215,0.003382963855030542,3,0,38.15214538574219,0.6408835053443909
B1_novel_no_interleg_s04,B1,novel,no_interleg,4,d4b5f24b166dfc13,0.6816808581352234,8.839285714285714,0.03571428571428571,0.5,1.0,0.10866666666666654,0.0010327955589886453,6,0,26.458927154541016,0.5332122445106506
B1_novel_no_interleg_s05,B1,novel,no_interleg,5,9c27d0905127f2eb,0.7008326053619385,8.75,0.02040816326530612,0.5833333333333334,1.0,0.1154285714285715,0.0053807416730762715,5,0,51.19091796875,0.7451908588409424
B1_novel_no_interleg_s06,B1,novel,no_interleg,6,1d3eb94610b602b8,0.7559146285057068,8.95,0.012755102040816327,0.08333333333333333,1.0,0.11199999999999921,,11,0,25.96390724182129,0.5215659141540527
B1_novel_no_interleg_s07,B1,novel,no_interleg,7,d4b5f24b166dfc13,0.49818155169487,8.277777777777779,0.02295918367346939,0.5,1.0,0.1113333333333334,0.001632993161855381,6,0,26.111289978027344,0.527776837348938
B1_novel_no_intraleg_s00,B1,novel,no_intraleg,0,1d3eb94610b602b8,0.0,,0.0,0.08333333333333333,1.0,0.11199999999999921,,11,0,24.260591506958008,0.5101575255393982
B1_novel_no_intraleg_s01,B1,novel,no_intraleg,1,d4b5f24b166dfc13,0.0,,0.0,0.08333333333333333,1.0,0.11399999999999988,,11,0,17.271333694458008,0.42865175008773804
B1_novel_no_intraleg_s02,B1,novel,no_intraleg,2,9c27d0905127f2eb,0.0,,0.0,0.5,1.0,0.11533333333333336,0.003932768321000689,6,0,50.080841064453125,0.7374379634857178
B1_novel_no_intraleg_s03,B1,novel,no_intraleg,3,1d3eb94610b602b8,0.0,,0.0,0.08333333333333333,1.0,0.11199999999999921,,11,0,24.260591506958008,0.5101575255393982
B1_novel_no_intraleg_s04,B1,novel,no_intraleg,4,d4b5f24b166dfc13,0.0,,0.0,0.5,1.0,0.1113333333333334,0.001632993161855381,6,0,26.1063289642334,0.5276293158531189
B1_novel_no_intraleg_s05,B1,novel,no_intraleg,5,9c27d0905127f2eb,0.0,,0.0,0.5,1.0,0.11533333333333336,0.003932768321000689,6,0,50.080841064453125,0.7374379634857178
B1_novel_no_intraleg_s06,B1,novel,no_intraleg,6,1d3eb94610b602b8,0.0,,0.0,0.0,0.0,,,12,0,23.03765296936035,0.49715474247932434
B1_novel_no_intraleg_s07,B1,novel,no_intraleg,7,d4b5f24b166dfc13,0.0,,0.0,0.0,0.0,,,12,0,15.84249210357666,0.4103125035762787
B1_novel_no_memory_s00,B1,novel,no_memory,0,1d3eb94610b602b8,0.8222046494483948,8.770833333333334,0.030612244897959183,0.75,0.9,0.1273333333333332,0.004690415759823154,3,1,54.22283935546875,0.760969340801239
B1_novel_no_memory_s01,B1,novel,no_memory,1,d4b5f24b166dfc13,0.7511817216873169,8.73076923076923,0.03316326530612245,0.6666666666666666,1.0,0.12599999999999978,0.0030237157840737367,4,0,40.264434814453125,0.6538037061691284
B1_novel_no_memory_s02,B1,novel,no_memory,2,9c27d0905127f2eb,0.7589061260223389,9.375,0.02040816326530612,0.5833333333333334,0.7,0.1302857142857142,0.006047431568147737,5,3,91.69135284423828,0.9796510338783264
B1_novel_no_memory_s03,B1,novel,no_memory,3,1d3eb94610b602b8,0.7241405248641968,8.65,0.025510204081632654,0.75,0.9,0.1264444444444443,0.005270462766947053,3,1,54.64480972290039,0.7640345096588135
B1_novel_no_memory_s04,B1,novel,no_memory,4,d4b5f24b166dfc13,0.6831574440002441,8.839285714285714,0.03571428571428571,0.6666666666666666,1.0,0.1232499999999997,0.00237546987833072,4,0,40.930686950683594,0.6601827144622803
B1_novel_no_memory_s05,B1,novel,no_memory,5,9c27d0905127f2eb,0.6796107292175293,8.75,0.02040816326530612,0.5,0.6666666666666666,0.13366666666666663,0.004273952113286552,6,3,84.6726303100586,0.9541400671005249
B1_novel_no_memory_s06,B1,novel,no_memory,6,1d3eb94610b602b8,0.7549074292182922,8.95,0.012755102040816327,0.25,0.75,0.13466666666666613,0.007571877794400429,9,1,46.19932174682617,0.6829278469085693
B1_novel_no_memory_s07,B1,novel,no_memory,7,d4b5f24b166dfc13,0.5133388042449951,8.277777777777779,0.02295918367346939,0.5833333333333334,1.0,0.12742857142857128,0.003408672412985384,5,0,39.70763397216797,0.6484585404396057
B1_novel_randomized_s00,B1,novel,randomized,0,1d3eb94610b602b8,0.0,,0.0,1.0,1.0,0.0914999999999999,0.0070903263163783,0,0,52.775718688964844,0.7628500461578369
B1_novel_randomized_s01,B1,novel,randomized,1,d4b5f24b166dfc13,0.0,,0.0,1.0,1.0,0.08899999999999993,0.006120011883529645,0,0,45.60824966430664,0.7107076644897461
B1_novel_randomized_s02,B1,novel,randomized,2,9c27d0905127f2eb,0.0,,0.0,1.0,1.0,0.09099999999999984,0.0034641016151378333,0,0,72.01461029052734,0.8912854790687561
B1_novel_randomized_s03,B1,novel,randomized,3,1d3eb94610b602b8,0.0,,0.0,1.0,1.0,0.09116666666666656,0.004041451884327443,0,0,52.400455474853516,0.7596875429153442
B1_novel_randomized_s04,B1,novel,randomized,4,d4b5f24b166dfc13,0.0,,0.0,1.0,1.0,0.08816666666666662,0.003352972448801771,0,0,45.90988540649414,0.7132416367530823
B1_novel_randomized_s05,B1,novel,randomized,5,9c27d0905127f2eb,0.0,,0.0,1.0,1.0,0.09216666666666645,0.007505553499465158,0,0,72.07422637939453,0.8914695978164673
B1_novel_randomized_s06,B1,novel,randomized,6,1d3eb94610b602b8,0.0,,0.0,1.0,1.0,0.10633333333333317,0.011749919406558096,0,0,46.710697174072266,0.711138904094696
B1_novel_randomized_s07,B1,novel,randomized,7,d4b5f24b166dfc13,0.0,,0.0,1.0,1.0,0.0906666666666666,0.007547827301263367,0,0,44.5502815246582,0.7011559009552002
B1_novel_rnn_s00,B1,novel,rnn,0,1d3eb94610b602b8,0.0,,0.0,1.0,1.0,0.08883333333333315,0.002886751345947905,0,0,54.48672103881836,0.7769028544425964
B1_novel_rnn_s01,B1,novel,rnn,1,d4b5f24b166dfc13,0.0,,0.0,1.0,1.0,0.08749999999999995,0.0015075567228886922,0,0,46.34907150268555,0.716860294342041
B1_novel_rnn_s02,B1,novel,rnn,2,9c27d0905127f2eb,0.0,,0.0,1.0,1.0,0.09016666666666645,0.0030100840620497665,0,0,72.74057006835938,0.8959699273109436
B1_novel_rnn_s03,B1,novel,rnn,3,1d3eb94610b602b8,0.0,,0.0,1.0,1.0,0.08883333333333315,0.002886751345947905,0,0,54.48672103881836,0.7769028544425964
B1_novel_rnn_s04,B1,novel,rnn,4,d4b5f24b166dfc13,0.0,,0.0,1.0,1.0,0.08749999999999995,0.0015075567228886922,0,0,46.34907150268555,0.716860294342041
B1_novel_rnn_s05,B1,novel,rnn,5,9c27d0905127f2eb,0.0,,0.0,1.0,1.0,0.09016666666666645,0.0030100840620497665,0,0,72.74057006835938,0.8959699273109436
B1_novel_rnn_s06,B1,novel,rnn,6,1d3eb94610b602b8,0.0,,0.0,1.0,1.0,0.08883333333333315,0.002886751345947905,0,0,54.48672103881836,0.7769028544425964
B1_novel_rnn_s07,B1,novel,rnn,7,d4b5f24b166dfc13,0.0,,0.0,1.0,1.0,0.08749999999999995,0.0015075567228886922,0,0,46.34907150268555,0.716860294342041
B1_novel_sequence_specific_s00,B1,novel,sequence_specific,0,1d3eb94610b602b8,0.8756807446479797,8.770833333333334,0.030612244897959183,0.08333333333333333,0.0625,0.0860000000000003,,11,15,144.06878662109375,1.3023080825805664
B1_novel_sequence_specific_s01,B1,novel,sequence_specific,1,d4b5f24b166dfc13,0.7741904854774475,8.76923076923077,0.03316326530612245,0.25,0.16666666666666666,0.08733333333333364,0.09782296935451006,9,15,145.89419555664062,1.2731772661209106
B1_novel_sequence_specific_s02,B1,novel,sequence_specific,2,9c27d0905127f2eb,0.7309740781784058,9.375,0.02040816326530612,0.0,0.0,,,12,14,104.52737426757812,1.1113452911376953
B1_novel_sequence_specific_s03,B1,novel,sequence_specific,3,1d3eb94610b602b8,0.704281210899353,8.625,0.025510204081632654,0.08333333333333333,0.0625,0.0860000000000003,,11,15,144.06878662109375,1.3023080825805664
B1_novel_sequence_specific_s04,B1,novel,sequence_specific,4,d4b5f24b166dfc13,0.6677053570747375,8.839285714285714,0.03571428571428571,0.25,0.16666666666666666,0.08733333333333364,0.09782296935451006,9,15,145.89419555664062,1.2731772661209106
B1_novel_sequence_specific_s05,B1,novel,sequence_specific,5,9c27d0905127f2eb,0.6832144260406494,8.75,0.02040816326530612,0.0,0.0,,,12,14,104.52737426757812,1.1113452911376953
B1_novel_sequence_specific_s06,B1,novel,sequence_specific,6,1d3eb94610b602b8,0.7659086585044861,8.95,0.012755102040816327,0.08333333333333333,0.0625,0.0860000000000003,,11,15,144.06878662109375,1.3023080825805664
B1_novel_sequence_specific_s07,B1,novel,sequence_specific,7,d4b5f24b166dfc13,0.5016003251075745,8.36111111111111,0.02295918367346939,0.25,0.16666666666666666,0.08733333333333364,0.09782296935451006,9,15,145.89419555664062,1.2731772661209106
B2_height_direct_s00,B2,height,direct,0,1d3eb94610b602b8,0.8270730376243591,8.770833333333334,0.030612244897959183,1.0,0.46153846153846156,0.06599999999999993,0.05099732613311481,0,14,96.20556640625,1.0199822187423706
B2_height_direct_s01,B2,height,direct,1,d4b5f24b166dfc13,0.7625250220298767,8.76923076923077,0.03316326530612245,1.0,0.6,0.049833333333333195,0.02000833159794515,0,8,75.61248779296875,0.8995575308799744
B2_height_direct_s02,B2,height,direct,2,9c27d0905127f2eb,0.758803129196167,9.375,0.02040816326530612,0.9166666666666666,0.2391304347826087,0.09636363636363621,0.05736771344105102,1,35,145.8672332763672,1.2545523643493652
B2_height_direct_s03,B2,height,direct,3,1d3eb94610b602b8,0.7312281727790833,8.65,0.025510204081632654,1.0,0.46153846153846156,0.06599999999999993,0.05099732613311481,0,14,96.20556640625,1.0199822187423706
B2_height_direct_s04,B2,height,direct,4,d4b5f24b166dfc13,0.6930527091026306,8.839285714285714,0.03571428571428571,1.0,0.6,0.049833333333333195,0.02000833159794515,0,8,75.61248779296875,0.8995575308799744
B2_height_direct_s05,B2,height,direct,5,9c27d0905127f2eb,0.6896209716796875,8.75,0.02040816326530612,0.9166666666666666,0.2391304347826087,0.09636363636363621,0.05736771344105102,1,35,145.8672332763672,1.2545523643493652
B2_height_direct_s06,B2,height,direct,6,1d3eb94610b602b8,0.7567338347434998,8.95,0.012755102040816327,1.0,0.46153846153846156,0.06599999999999993,0.05099732613311481,0,14,96.20556640625,1.0199822187423706
B2_height_direct_s07,B2,height,direct,7,d4b5f24b166dfc13,0.5089735388755798,8.36111111111111,0.02295918367346939,1.0,0.6,0.049833333333333195,0.02000833159794515,0,8,75.61248779296875,0.8995575308799744
B2_height_full_s00,B2,height,full,0,1d3eb94610b602b8,0.8539717197418213,8.770833333333334,0.030612244897959183,0.9166666666666666,1.0,0.11145454545454535,0.0039080336836733,1,0,43.66804122924805,0.6691465973854065
B2_height_full_s01,B2,height,full,1,d4b5f24b166dfc13,0.7551062703132629,8.76923076923077,0.03316326530612245,0.75,1.0,0.11066666666666652,0.0028284271247461796,3,0,33.084808349609375,0.563439130783081
B2_height_full_s02,B2,height,full,2,9c27d0905127f2eb,0.7509795427322388,9.375,0.02040816326530612,1.0,1.0,0.11333333333333317,0.0035505014583944194,0,0,56.82874298095703,0.7791532874107361
B2_height_full_s03,B2,height,full,3,1d3eb94610b602b8,0.7069327235221863,8.625,0.025510204081632654,0.8333333333333334,1.0,0.11499999999999985,0.00962635271879561,2,0,42.868377685546875,0.6572415232658386
B2_height_full_s04,B2,height,full,4,d4b5f24b166dfc13,0.6841267943382263,8.839285714285714,0.03571428571428571,0.75,1.0,0.1095555555555554,0.001333333333333242,3,0,29.628498077392578,0.5454146265983582
B2_height_full_s05,B2,height,full,5,9c27d0905127f2eb,0.7160928845405579,8.75,0.02040816326530612,0.9166666666666666,1.0,0.11363636363636354,0.0035573227931332955,1,0,55.07796096801758,0.7672945857048035
B2_height_full_s06,B2,height,full,6,1d3eb94610b602b8,0.7502386569976807,8.95,0.012755102040816327,0.4166666666666667,1.0,0.10919999999999988,0.0038987177379234753,7,0,40.588260650634766,0.630746066570282
B2_height_full_s07,B2,height,full,7,d4b5f24b166dfc13,0.48656708002090454,8.277777777777779,0.02295918367346939,0.75,1.0,0.11222222222222215,0.006119186583562016,3,0,29.72200584411621,0.5423146486282349
B2_height_no_body_mapping_s00,B2,height,no_body_mapping,0,1d3eb94610b602b8,0.8393495082855225,8.770833333333334,0.030612244897959183,0.9166666666666666,0.8461538461538461,0.04836363636363612,0.006376091706879852,1,2,35.804901123046875,0.6124580502510071
B2_height_no_body_mapping_s01,B2,height,no_body_mapping,1,d4b5f24b166dfc13,0.7616456747055054,8.76923076923077,0.03316326530612245,0.6666666666666666,1.0,0.04649999999999985,0.004750939756661604,4,0,22.798738479614258,0.47458747029304504
B2_height_no_body_mapping_s02,B2,height,no_body_mapping,2,9c27d0905127f2eb,0.760806679725647,9.375,0.02040816326530612,1.0,0.8571428571428571,0.050166666666666505,0.004386618771038253,0,2,57.25167465209961,0.782752275466919
B2_height_no_body_mapping_s03,B2,height,no_body_mapping,3,1d3eb94610b602b8,0.7062279582023621,8.625,0.025510204081632654,0.9166666666666666,0.8461538461538461,0.049636363636363416,0.008617107719794492,1,2,35.78192901611328,0.6041290760040283
B2_height_no_body_mapping_s04,B2,height,no_body_mapping,4,d4b5f24b166dfc13,0.6825332641601562,8.839285714285714,0.03571428571428571,0.5,1.0,0.04533333333333319,0.003265986323710916,6,0,21.177631378173828,0.467633455991745
B2_height_no_body_mapping_s05,B2,height,no_body_mapping,5,9c27d0905127f2eb,0.7026011347770691,8.75,0.02040816326530612,0.9166666666666666,0.8461538461538461,0.05072727272727259,0.004125309905714054,1,2,56.058876037597656,0.7756569981575012
B2_height_no_body_mapping_s06,B2,height,no_body_mapping,6,1d3eb94610b602b8,0.7469841241836548,8.95,0.012755102040816327,0.3333333333333333,0.6666666666666666,0.04699999999999965,0.004163331998932038,8,2,27.888805389404297,0.5420365333557129
B2_height_no_body_mapping_s07,B2,height,no_body_mapping,7,d4b5f24b166dfc13,0.4983634948730469,8.277777777777779,0.02295918367346939,0.5,1.0,0.04566666666666663,0.0036696957185395275,6,0,20.973857879638672,0.46472835540771484
B2_height_no_memory_s00,B2,height,no_memory,0,1d3eb94610b602b8,0.8293742537498474,8.770833333333334,0.030612244897959183,0.9166666666666666,0.8461538461538461,0.1103636363636363,0.007632466538056017,1,2,41.037044525146484,0.6601809859275818
B2_height_no_memory_s01,B2,height,no_memory,1,d4b5f24b166dfc13,0.7617554068565369,8.76923076923077,0.03316326530612245,0.6666666666666666,1.0,0.10824999999999993,0.003453776401067722,4,0,30.170583724975586,0.5424267053604126
B2_height_no_memory_s02,B2,height,no_memory,2,9c27d0905127f2eb,0.7653378248214722,9.375,0.02040816326530612,0.9166666666666666,0.6470588235294118,0.11363636363636348,0.011893466502855575,1,6,76.95704650878906,0.9090615510940552
B2_height_no_memory_s03,B2,height,no_memory,3,1d3eb94610b602b8,0.7424187064170837,8.625,0.025510204081632654,0.8333333333333334,0.8333333333333334,0.11579999999999997,0.011792653080060791,2,2,40.63763427734375,0.6547827124595642
B2_height_no_memory_s04,B2,height,no_memory,4,d4b5f24b166dfc13,0.6890602111816406,8.839285714285714,0.03571428571428571,0.6666666666666666,1.0,0.10774999999999996,0.0034537764010676786,4,0,25.670442581176758,0.5165891647338867
B2_height_no_memory_s05,B2,height,no_memory,5,9c27d0905127f2eb,0.6786589026451111,8.75,0.02040816326530612,0.8333333333333334,0.625,0.11639999999999984,0.011027239001672346,2,6,73.82014465332031,0.895609438419342
B2_height_no_memory_s06,B2,height,no_memory,6,1d3eb94610b602b8,0.7588992714881897,8.95,0.012755102040816327,0.5,0.75,0.1083333333333331,0.011826523862347109,6,2,38.97002410888672,0.6288805603981018
B2_height_no_memory_s07,B2,height,no_memory,7,d4b5f24b166dfc13,0.5244571566581726,8.277777777777779,0.02295918367346939,0.6666666666666666,1.0,0.10899999999999985,0.0021380899352996196,4,0,25.7622127532959,0.5151058435440063
B2_mirrored_direct_s00,B2,mirrored,direct,0,1d3eb94610b602b8,0.8354341387748718,8.770833333333334,0.030612244897959183,0.0,0.0,,,12,12,98.93209838867188,1.05612051486969
B2_mirrored_direct_s01,B2,mirrored,direct,1,d4b5f24b166dfc13,0.7641048431396484,8.76923076923077,0.03316326530612245,0.0,0.0,,,12,13,80.28240966796875,0.9500788450241089
B2_mirrored_direct_s02,B2,mirrored,direct,2,9c27d0905127f2eb,0.7573995590209961,9.375,0.02040816326530612,0.16666666666666666,0.10526315789473684,0.11300000000000043,0.015556349186104216,10,17,141.089599609375,1.2738510370254517
B2_mirrored_direct_s03,B2,mirrored,direct,3,1d3eb94610b602b8,0.7432919144630432,8.65,0.025510204081632654,0.0,0.0,,,12,12,98.93209838867188,1.05612051486969
B2_mirrored_direct_s04,B2,mirrored,direct,4,d4b5f24b166dfc13,0.6938747763633728,8.839285714285714,0.03571428571428571,0.0,0.0,,,12,13,80.28240966796875,0.9500788450241089
B2_mirrored_direct_s05,B2,mirrored,direct,5,9c27d0905127f2eb,0.6987781524658203,8.75,0.02040816326530612,0.16666666666666666,0.10526315789473684,0.11300000000000043,0.015556349186104216,10,17,141.089599609375,1.2738510370254517
B2_mirrored_direct_s06,B2,mirrored,direct,6,1d3eb94610b602b8,0.7585718631744385,8.95,0.012755102040816327,0.0,0.0,,,12,12,98.93209838867188,1.05612051486969
B2_mirrored_direct_s07,B2,mirrored,direct,7,d4b5f24b166dfc13,0.507215142250061,8.36111111111111,0.02295918367346939,0.0,0.0,,,12,13,80.28240966796875,0.9500788450241089
B2_mirrored_full_s00,B2,mirrored,full,0,1d3eb94610b602b8,0.7983867526054382,8.770833333333334,0.030612244897959183,0.5833333333333334,1.0,0.11285714285714277,0.0034364987719369567,5,0,37.99653244018555,0.6413686871528625
B2_mirrored_full_s01,B2,mirrored,full,1,d4b5f24b166dfc13,0.7611386179924011,8.73076923076923,0.03316326530612245,0.6666666666666666,1.0,0.11149999999999985,0.0014142135623729506,4,0,31.028148651123047,0.5757372975349426
B2_mirrored_full_s02,B2,mirrored,full,2,9c27d0905127f2eb,0.7642691731452942,9.375,0.02040816326530612,0.4166666666666667,1.0,0.11279999999999975,0.00303315017762074,7,0,48.18351745605469,0.7114222645759583
B2_mirrored_full_s03,B2,mirrored,full,3,1d3eb94610b602b8,0.7371786832809448,8.65,0.025510204081632654,0.5833333333333334,1.0,0.1102857142857141,0.003903600291794123,5,0,38.53119659423828,0.6442292928695679
B2_mirrored_full_s04,B2,mirrored,full,4,d4b5f24b166dfc13,0.6863253712654114,8.839285714285714,0.03571428571428571,0.6666666666666666,1.0,0.10849999999999985,0.002976095236571153,4,0,31.573925018310547,0.5815831422805786
B2_mirrored_full_s05,B2,mirrored,full,5,9c27d0905127f2eb,0.6553771495819092,8.75,0.02040816326530612,0.4166666666666667,1.0,0.1131999999999997,0.003033150177620784,7,0,46.111454010009766,0.7052889466285706
B2_mirrored_full_s06,B2,mirrored,full,6,1d3eb94610b602b8,0.7573457956314087,8.95,0.012755102040816327,0.16666666666666666,1.0,0.1160000000000001,0.005656854249492385,10,0,28.44905662536621,0.5556538701057434
B2_mirrored_full_s07,B2,mirrored,full,7,d4b5f24b166dfc13,0.5130575895309448,8.277777777777779,0.02295918367346939,0.6666666666666666,1.0,0.11149999999999985,0.0014142135623729506,4,0,31.01767349243164,0.575384795665741
B2_mirrored_no_body_mapping_s00,B2,mirrored,no_body_mapping,0,1d3eb94610b602b8,0.7763221859931946,8.770833333333334,0.030612244897959183,0.08333333333333333,0.017543859649122806,0.15799999999999947,,11,56,558.3238525390625,2.3092761039733887
B2_mirrored_no_body_mapping_s01,B2,mirrored,no_body_mapping,1,d4b5f24b166dfc13,0.7398091554641724,8.76923076923077,0.03316326530612245,0.0,0.0,,,12,37,411.22283935546875,1.9159363508224487
B2_mirrored_no_body_mapping_s02,B2,mirrored,no_body_mapping,2,9c27d0905127f2eb,0.6263530254364014,9.277777777777779,0.02295918367346939,0.08333333333333333,0.010638297872340425,0.20399999999999974,,11,93,802.1937866210938,2.7661471366882324
B2_mirrored_no_body_mapping_s03,B2,mirrored,no_body_mapping,3,1d3eb94610b602b8,0.6165792346000671,8.6,0.025510204081632654,0.08333333333333333,0.01694915254237288,0.16000000000000014,,11,58,557.0350952148438,2.308109760284424
B2_mirrored_no_body_mapping_s04,B2,mirrored,no_body_mapping,4,d4b5f24b166dfc13,0.6474817395210266,8.839285714285714,0.03571428571428571,0.0,0.0,,,12,38,405.13861083984375,1.90536367893219
B2_mirrored_no_body_mapping_s05,B2,mirrored,no_body_mapping,5,9c27d0905127f2eb,0.5216500759124756,8.875,0.02040816326530612,0.08333333333333333,0.010752688172043012,0.20599999999999952,,11,92,796.864990234375,2.7609219551086426
B2_mirrored_no_body_mapping_s06,B2,mirrored,no_body_mapping,6,1d3eb94610b602b8,0.6631353497505188,8.958333333333334,0.015306122448979591,0.08333333333333333,0.017857142857142856,0.15799999999999947,,11,55,552.1424560546875,2.3027429580688477
B2_mirrored_no_body_mapping_s07,B2,mirrored,no_body_mapping,7,d4b5f24b166dfc13,0.6001015305519104,8.472222222222221,0.02295918367346939,0.0,0.0,,,12,36,405.0891418457031,1.9060381650924683
B2_mirrored_no_memory_s00,B2,mirrored,no_memory,0,1d3eb94610b602b8,0.8320336937904358,8.770833333333334,0.030612244897959183,0.6666666666666666,0.8888888888888888,0.12949999999999978,0.005424810727441956,4,1,51.48386001586914,0.7433602809906006
B2_mirrored_no_memory_s01,B2,mirrored,no_memory,1,d4b5f24b166dfc13,0.7757895588874817,8.73076923076923,0.03316326530612245,0.75,1.0,0.12599999999999992,0.00244948974278318,3,0,41.936767578125,0.6691511869430542
B2_mirrored_no_memory_s02,B2,mirrored,no_memory,2,9c27d0905127f2eb,0.7709210515022278,9.375,0.02040816326530612,0.4166666666666667,0.7142857142857143,0.13079999999999972,0.0057619441163554025,7,2,80.1293716430664,0.9179326891899109
B2_mirrored_no_memory_s03,B2,mirrored,no_memory,3,1d3eb94610b602b8,0.7221218943595886,8.625,0.025510204081632654,0.5833333333333334,0.875,0.12771428571428564,0.004231401884099672,5,1,51.375816345214844,0.7425985336303711
B2_mirrored_no_memory_s04,B2,mirrored,no_memory,4,d4b5f24b166dfc13,0.6801949739456177,8.839285714285714,0.03571428571428571,0.75,1.0,0.12333333333333323,0.001999999999999974,3,0,42.849884033203125,0.6747655868530273
B2_mirrored_no_memory_s05,B2,mirrored,no_memory,5,9c27d0905127f2eb,0.671973705291748,8.75,0.02040816326530612,0.4166666666666667,0.7142857142857143,0.13039999999999957,0.00517687164221797,7,2,77.16517639160156,0.9119455814361572
B2_mirrored_no_memory_s06,B2,mirrored,no_memory,6,1d3eb94610b602b8,0.7599108815193176,8.95,0.012755102040816327,0.16666666666666666,0.6666666666666666,0.1349999999999998,0.0014142135623735673,10,1,45.9408073425293,0.6840783357620239
B2_mirrored_no_memory_s07,B2,mirrored,no_memory,7,d4b5f24b166dfc13,0.512640118598938,8.277777777777779,0.02295918367346939,0.75,1.0,0.12844444444444433,0.0043333333333332984,3,0,41.73522186279297,0.662293016910553
B2_shifted_direct_s00,B2,shifted,direct,0,1d3eb94610b602b8,0.8392183184623718,8.770833333333334,0.030612244897959183,0.16666666666666666,0.14285714285714285,0.10299999999999931,0.009899494936611831,10,12,99.43540954589844,1.056877851486206
B2_shifted_direct_s01,B2,shifted,direct,1,d4b5f24b166dfc13,0.7635287642478943,8.76923076923077,0.03316326530612245,0.08333333333333333,0.07142857142857142,0.11199999999999921,,11,13,80.56295776367188,0.9490951895713806
B2_shifted_direct_s02,B2,shifted,direct,2,9c27d0905127f2eb,0.7555202841758728,9.375,0.02040816326530612,0.3333333333333333,0.21052631578947367,0.12299999999999989,0.019697715603592063,8,15,141.76365661621094,1.275348424911499
B2_shifted_direct_s03,B2,shifted,direct,3,1d3eb94610b602b8,0.744613766670227,8.65,0.025510204081632654,0.16666666666666666,0.14285714285714285,0.10299999999999931,0.009899494936611831,10,12,99.43540954589844,1.056877851486206
B2_shifted_direct_s04,B2,shifted,direct,4,d4b5f24b166dfc13,0.6939622163772583,8.839285714285714,0.03571428571428571,0.08333333333333333,0.07142857142857142,0.11199999999999921,,11,13,80.56295776367188,0.9490951895713806
B2_shifted_direct_s05,B2,shifted,direct,5,9c27d0905127f2eb,0.6968321204185486,8.75,0.02040816326530612,0.3333333333333333,0.21052631578947367,0.12299999999999989,0.019697715603592063,8,15,141.76365661621094,1.275348424911499
B2_shifted_direct_s06,B2,shifted,direct,6,1d3eb94610b602b8,0.7586066722869873,8.95,0.012755102040816327,0.16666666666666666,0.14285714285714285,0.10299999999999931,0.009899494936611831,10,12,99.43540954589844,1.056877851486206
B2_shifted_direct_s07,B2,shifted,direct,7,d4b5f24b166dfc13,0.5072128176689148,8.36111111111111,0.02295918367346939,0.08333333333333333,0.07142857142857142,0.11199999999999921,,11,13,80.56295776367188,0.9490951895713806
B2_shifted_full_s00,B2,shifted,full,0,1d3eb94610b602b8,0.8280094265937805,8.770833333333334,0.030612244897959183,0.75,1.0,0.11111111111111101,0.0031797973380563215,3,0,41.26572799682617,0.6664844751358032
B2_shifted_full_s01,B2,shifted,full,1,d4b5f24b166dfc13,0.7499261498451233,8.73076923076923,0.03316326530612245,0.75,1.0,0.1102222222222221,0.0029059326290271376,3,0,35.34268569946289,0.615001380443573
B2_shifted_full_s02,B2,shifted,full,2,9c27d0905127f2eb,0.7438185811042786,9.375,0.02040816326530612,0.5833333333333334,1.0,0.11714285714285719,0.007733661733585442,5,0,61.50605773925781,0.8258221745491028
B2_shifted_full_s03,B2,shifted,full,3,1d3eb94610b602b8,0.7293158173561096,8.65,0.025510204081632654,0.75,1.0,0.11133333333333321,0.002645751311064341,3,0,41.167884826660156,0.6675708889961243
B2_shifted_full_s04,B2,shifted,full,4,d4b5f24b166dfc13,0.6828011870384216,8.839285714285714,0.03571428571428571,0.75,1.0,0.10955555555555534,0.0019436506316149623,3,0,35.50785827636719,0.6193745732307434
B2_shifted_full_s05,B2,shifted,full,5,9c27d0905127f2eb,0.6969826817512512,8.75,0.02040816326530612,0.5833333333333334,1.0,0.11799999999999998,0.007831560082980436,5,0,61.32380676269531,0.8252721428871155
B2_shifted_full_s06,B2,shifted,full,6,1d3eb94610b602b8,0.7564537525177002,8.95,0.012755102040816327,0.08333333333333333,1.0,0.11599999999999966,,11,0,32.43595886230469,0.5839670300483704
B2_shifted_full_s07,B2,shifted,full,7,d4b5f24b166dfc13,0.4922812879085541,8.277777777777779,0.02295918367346939,0.75,1.0,0.11688888888888876,0.007557189365836495,3,0,34.89152526855469,0.6070634126663208
B2_shifted_no_body_mapping_s00,B2,shifted,no_body_mapping,0,1d3eb94610b602b8,0.8246197700500488,8.770833333333334,0.030612244897959183,0.0,0.0,,,12,9,42.40437316894531,0.6741235256195068
B2_shifted_no_body_mapping_s01,B2,shifted,no_body_mapping,1,d4b5f24b166dfc13,0.7612780928611755,8.76923076923077,0.03316326530612245,0.0,0.0,,,12,10,38.645572662353516,0.642550528049469
B2_shifted_no_body_mapping_s02,B2,shifted,no_body_mapping,2,9c27d0905127f2eb,0.7507606744766235,9.375,0.02040816326530612,0.0,0.0,,,12,7,55.5587043762207,0.7619354724884033
B2_shifted_no_body_mapping_s03,B2,shifted,no_body_mapping,3,1d3eb94610b602b8,0.728614091873169,8.65,0.025510204081632654,0.0,0.0,,,12,9,42.302791595458984,0.6752920150756836
B2_shifted_no_body_mapping_s04,B2,shifted,no_body_mapping,4,d4b5f24b166dfc13,0.683545708656311,8.839285714285714,0.03571428571428571,0.0,0.0,,,12,10,38.87567901611328,0.6462409496307373
B2_shifted_no_body_mapping_s05,B2,shifted,no_body_mapping,5,9c27d0905127f2eb,0.6998552083969116,8.75,0.02040816326530612,0.0,0.0,,,12,7,55.35399627685547,0.7612733840942383
B2_shifted_no_body_mapping_s06,B2,shifted,no_body_mapping,6,1d3eb94610b602b8,0.7559185028076172,8.95,0.012755102040816327,0.0,0.0,,,12,1,36.87574768066406,0.6140248775482178
B2_shifted_no_body_mapping_s07,B2,shifted,no_body_mapping,7,d4b5f24b166dfc13,0.49439743161201477,8.277777777777779,0.02295918367346939,0.0,0.0,,,12,10,37.624237060546875,0.6249321103096008
B2_shifted_no_memory_s00,B2,shifted,no_memory,0,1d3eb94610b602b8,0.8328166604042053,8.770833333333334,0.030612244897959183,0.75,0.75,0.12777777777777768,0.009134793070696222,3,3,60.870643615722656,0.807640016078949
B2_shifted_no_memory_s01,B2,shifted,no_memory,1,d4b5f24b166dfc13,0.7616361379623413,8.76923076923077,0.03316326530612245,0.6666666666666666,1.0,0.12424999999999989,0.0022519832529190676,4,0,41.58698654174805,0.6644890308380127
B2_shifted_no_memory_s02,B2,shifted,no_memory,2,9c27d0905127f2eb,0.7562664747238159,9.375,0.02040816326530612,0.5833333333333334,0.5,0.13685714285714282,0.012321100754783617,5,7,108.66820526123047,1.0890320539474487
B2_shifted_no_memory_s03,B2,shifted,no_memory,3,1d3eb94610b602b8,0.7246638536453247,8.65,0.025510204081632654,0.75,0.75,0.1275555555555555,0.009207484877955155,3,3,61.21763229370117,0.8104719519615173
B2_shifted_no_memory_s04,B2,shifted,no_memory,4,d4b5f24b166dfc13,0.6855864524841309,8.839285714285714,0.03571428571428571,0.6666666666666666,0.8888888888888888,0.12274999999999986,0.0026049403612583817,4,1,42.71635437011719,0.672900378704071
B2_shifted_no_memory_s05,B2,shifted,no_memory,5,9c27d0905127f2eb,0.6758729219436646,8.75,0.02040816326530612,0.4166666666666667,0.45454545454545453,0.13599999999999998,0.012806248474865821,7,6,104.0722885131836,1.0701357126235962
B2_shifted_no_memory_s06,B2,shifted,no_memory,6,1d3eb94610b602b8,0.756722629070282,8.95,0.012755102040816327,0.16666666666666666,0.5,0.13899999999999935,0.018384776310850094,10,2,50.054805755615234,0.7233794331550598
B2_shifted_no_memory_s07,B2,shifted,no_memory,7,d4b5f24b166dfc13,0.5125877857208252,8.277777777777779,0.02295918367346939,0.6666666666666666,1.0,0.1274999999999998,0.005631543812693375,4,0,40.87173080444336,0.6571130156517029
B2_spacing_direct_s00,B2,spacing,direct,0,1d3eb94610b602b8,0.8354341387748718,8.770833333333334,0.030612244897959183,0.9166666666666666,0.9166666666666666,0.09163636363636347,0.0076324665380558794,1,1,98.93209838867188,1.05612051486969
B2_spacing_direct_s01,B2,spacing,direct,1,d4b5f24b166dfc13,0.7641048431396484,8.76923076923077,0.03316326530612245,1.0,0.9230769230769231,0.09049999999999982,0.007821880731756013,0,1,80.28240966796875,0.9500788450241089
B2_spacing_direct_s02,B2,spacing,direct,2,9c27d0905127f2eb,0.7574194073677063,9.375,0.02040816326530612,0.8333333333333334,0.5263157894736842,0.10519999999999982,0.01948674763354146,2,9,141.14031982421875,1.2739521265029907
B2_spacing_direct_s03,B2,spacing,direct,3,1d3eb94610b602b8,0.7432919144630432,8.65,0.025510204081632654,0.9166666666666666,0.9166666666666666,0.09163636363636347,0.0076324665380558794,1,1,98.93209838867188,1.05612051486969
B2_spacing_direct_s04,B2,spacing,direct,4,d4b5f24b166dfc13,0.6938747763633728,8.839285714285714,0.03571428571428571,1.0,0.9230769230769231,0.09049999999999982,0.007821880731756013,0,1,80.28240966796875,0.9500788450241089
B2_spacing_direct_s05,B2,spacing,direct,5,9c27d0905127f2eb,0.6987782120704651,8.75,0.02040816326530612,0.8333333333333334,0.5263157894736842,0.10519999999999982,0.01948674763354146,2,9,141.14031982421875,1.2739521265029907
B2_spacing_direct_s06,B2,spacing,direct,6,1d3eb94610b602b8,0.7585718631744385,8.95,0.012755102040816327,0.9166666666666666,0.9166666666666666,0.09163636363636347,0.0076324665380558794,1,1,98.93209838867188,1.05612051486969
B2_spacing_direct_s07,B2,spacing,direct,7,d4b5f24b166dfc13,0.507215142250061,8.36111111111111,0.02295918367346939,1.0,0.9230769230769231,0.09049999999999982,0.007821880731756013,0,1,80.28240966796875,0.9500788450241089
B2_spacing_full_s00,B2,spacing,full,0,1d3eb94610b602b8,0.8428757190704346,8.770833333333334,0.030612244897959183,0.6666666666666666,1.0,0.1124999999999999,0.004750939756661564,4,0,44.70151138305664,0.6905020475387573
B2_spacing_full_s01,B2,spacing,full,1,d4b5f24b166dfc13,0.7597199082374573,8.76923076923077,0.03316326530612245,0.5,1.0,0.11033333333333328,0.0008164965809277992,6,0,29.831317901611328,0.564337432384491
B2_spacing_full_s02,B2,spacing,full,2,9c27d0905127f2eb,0.7497774362564087,9.375,0.02040816326530612,0.5833333333333334,1.0,0.11571428571428569,0.007158079018709987,5,0,69.180419921875,0.866338849067688
B2_spacing_full_s03,B2,spacing,full,3,1d3eb94610b602b8,0.687484860420227,8.625,0.025510204081632654,0.6666666666666666,1.0,0.11224999999999993,0.004832922806867701,4,0,44.745399475097656,0.6914834976196289
B2_spacing_full_s04,B2,spacing,full,4,d4b5f24b166dfc13,0.681611955165863,8.839285714285714,0.03571428571428571,0.5,1.0,0.10866666666666654,0.0010327955589884733,6,0,30.13860511779785,0.5683183073997498
B2_spacing_full_s05,B2,spacing,full,5,9c27d0905127f2eb,0.7004989981651306,8.75,0.02040816326530612,0.5833333333333334,1.0,0.11657142857142867,0.0072768386647212155,5,0,68.42642974853516,0.8646485805511475
B2_spacing_full_s06,B2,spacing,full,6,1d3eb94610b602b8,0.7554603219032288,8.95,0.012755102040816327,0.08333333333333333,1.0,0.11399999999999988,,11,0,34.13838577270508,0.6018235087394714
B2_spacing_full_s07,B2,spacing,full,7,d4b5f24b166dfc13,0.5015629529953003,8.277777777777779,0.02295918367346939,0.5,1.0,0.11633333333333336,0.01182652386234717,6,0,29.616575241088867,0.558068037033081
B2_spacing_no_body_mapping_s00,B2,spacing,no_body_mapping,0,1d3eb94610b602b8,0.8423958420753479,8.770833333333334,0.030612244897959183,0.6666666666666666,1.0,0.11199999999999985,0.003380617018913825,4,0,36.828399658203125,0.6257773041725159
B2_spacing_no_body_mapping_s01,B2,spacing,no_body_mapping,1,d4b5f24b166dfc13,0.7641998529434204,8.76923076923077,0.03316326530612245,0.5,1.0,0.10999999999999999,0.0012649110640674934,6,0,25.832612991333008,0.5246387720108032
B2_spacing_no_body_mapping_s02,B2,spacing,no_body_mapping,2,9c27d0905127f2eb,0.7489038705825806,9.375,0.02040816326530612,0.5,1.0,0.11366666666666665,0.0036696957185394755,6,0,51.924678802490234,0.7470744848251343
B2_spacing_no_body_mapping_s03,B2,spacing,no_body_mapping,3,1d3eb94610b602b8,0.6886382699012756,8.625,0.025510204081632654,0.6666666666666666,1.0,0.11174999999999988,0.0036154430670979933,4,0,36.87621307373047,0.6269338726997375
B2_spacing_no_body_mapping_s04,B2,spacing,no_body_mapping,4,d4b5f24b166dfc13,0.6825275421142578,8.839285714285714,0.03571428571428571,0.5,1.0,0.10833333333333324,0.0008164965809277086,6,0,26.13725471496582,0.5290237069129944
B2_spacing_no_body_mapping_s05,B2,spacing,no_body_mapping,5,9c27d0905127f2eb,0.7014856338500977,8.75,0.02040816326530612,0.5,1.0,0.11433333333333336,0.003881580434136006,6,0,51.14876174926758,0.7449874877929688
B2_spacing_no_body_mapping_s06,B2,spacing,no_body_mapping,6,1d3eb94610b602b8,0.7559868097305298,8.95,0.012755102040816327,0.08333333333333333,1.0,0.11199999999999921,,11,0,26.22388458251953,0.5241731405258179
B2_spacing_no_body_mapping_s07,B2,spacing,no_body_mapping,7,d4b5f24b166dfc13,0.4979509711265564,8.277777777777779,0.02295918367346939,0.5,1.0,0.11600000000000006,0.01186591757935308,6,0,25.610610961914062,0.5178742408752441
B2_spacing_no_memory_s00,B2,spacing,no_memory,0,1d3eb94610b602b8,0.8226765990257263,8.770833333333334,0.030612244897959183,0.5833333333333334,0.875,0.127142857142857,0.008395009855633543,5,1,56.33828353881836,0.7769425511360168
B2_spacing_no_memory_s01,B2,spacing,no_memory,1,d4b5f24b166dfc13,0.776172935962677,8.76923076923077,0.03316326530612245,0.5,1.0,0.12499999999999985,0.0035213633723317163,6,0,38.866641998291016,0.6369954347610474
B2_spacing_no_memory_s02,B2,spacing,no_memory,2,9c27d0905127f2eb,0.7567684650421143,9.375,0.02040816326530612,0.5833333333333334,0.7,0.13285714285714278,0.01124616336695287,5,3,119.69046783447266,1.1278932094573975
B2_spacing_no_memory_s03,B2,spacing,no_memory,3,1d3eb94610b602b8,0.7227532267570496,8.65,0.025510204081632654,0.5833333333333334,0.875,0.12657142857142836,0.008922950611711505,5,1,56.59221267700195,0.7789796590805054
B2_spacing_no_memory_s04,B2,spacing,no_memory,4,d4b5f24b166dfc13,0.6842756271362305,8.839285714285714,0.03571428571428571,0.5,1.0,0.12233333333333303,0.0029439202887757655,6,0,37.929386138916016,0.635680079460144
B2_spacing_no_memory_s05,B2,spacing,no_memory,5,9c27d0905127f2eb,0.6766896843910217,8.75,0.02040816326530612,0.5,0.6666666666666666,0.13566666666666663,0.01068955876856796,6,3,111.97077178955078,1.105900526046753
B2_spacing_no_memory_s06,B2,spacing,no_memory,6,1d3eb94610b602b8,0.7541734576225281,8.95,0.012755102040816327,0.16666666666666666,0.6666666666666666,0.13499999999999934,0.015556349186103588,10,1,47.327335357666016,0.7006201148033142
B2_spacing_no_memory_s07,B2,spacing,no_memory,7,d4b5f24b166dfc13,0.5187898874282837,8.277777777777779,0.02295918367346939,0.5,1.0,0.12699999999999986,0.003949683531626292,6,0,37.596282958984375,0.627899169921875
B3_disable_LF_direct_s00,B3,disable_LF,direct,0,1d3eb94610b602b8,0.8286993503570557,8.770833333333334,0.030612244897959183,0.8333333333333334,1.0,0.08979999999999988,0.004848825745591388,2,0,66.61837768554688,0.8595454096794128
B3_disable_LF_direct_s01,B3,disable_LF,direct,1,d4b5f24b166dfc13,0.7623913884162903,8.76923076923077,0.03316326530612245,0.9166666666666666,1.0,0.08854545454545443,0.004107642544419819,1,0,66.31827545166016,0.85784912109375
B3_disable_LF_direct_s02,B3,disable_LF,direct,2,9c27d0905127f2eb,0.7438273429870605,9.375,0.02040816326530612,0.5,0.6,0.10166666666666642,0.012160043859570185,6,4,72.78292083740234,0.9086628556251526
B3_disable_LF_direct_s03,B3,disable_LF,direct,3,1d3eb94610b602b8,0.7143428325653076,8.65,0.025510204081632654,0.8333333333333334,1.0,0.08979999999999988,0.004848825745591388,2,0,66.61837768554688,0.8595454096794128
B3_disable_LF_direct_s04,B3,disable_LF,direct,4,d4b5f24b166dfc13,0.6986618041992188,8.839285714285714,0.03571428571428571,0.9166666666666666,1.0,0.08854545454545443,0.004107642544419819,1,0,66.31827545166016,0.85784912109375
B3_disable_LF_direct_s05,B3,disable_LF,direct,5,9c27d0905127f2eb,0.6765376329421997,8.75,0.02040816326530612,0.5,0.6,0.10166666666666642,0.012160043859570185,6,4,72.78292083740234,0.9086628556251526
B3_disable_LF_direct_s06,B3,disable_LF,direct,6,1d3eb94610b602b8,0.7608265280723572,8.95,0.012755102040816327,0.8333333333333334,1.0,0.08979999999999988,0.004848825745591388,2,0,66.61837768554688,0.8595454096794128
B3_disable_LF_direct_s07,B3,disable_LF,direct,7,d4b5f24b166dfc13,0.5104469656944275,8.36111111111111,0.02295918367346939,0.9166666666666666,1.0,0.08854545454545443,0.004107642544419819,1,0,66.31827545166016,0.85784912109375
B3_disable_LF_full_s00,B3,disable_LF,full,0,1d3eb94610b602b8,0.8489608764648438,8.770833333333334,0.030612244897959183,0.75,1.0,0.11244444444444435,0.003126943839882072,3,0,38.106109619140625,0.6397626996040344
B3_disable_LF_full_s01,B3,disable_LF,full,1,d4b5f24b166dfc13,0.7663645148277283,8.76923076923077,0.03316326530612245,0.5,1.0,0.11033333333333335,0.001505545305418301,6,0,26.246728897094727,0.5285724997520447
B3_disable_LF_full_s02,B3,disable_LF,full,2,9c27d0905127f2eb,0.7541923522949219,9.375,0.02040816326530612,0.5833333333333334,1.0,0.1134285714285715,0.0035989416433697056,5,0,52.01124572753906,0.7480987906455994
B3_disable_LF_full_s03,B3,disable_LF,full,3,1d3eb94610b602b8,0.6885367631912231,8.65,0.025510204081632654,0.75,1.0,0.11222222222222215,0.003382963855030542,3,0,38.15214538574219,0.6408835053443909
B3_disable_LF_full_s04,B3,disable_LF,full,4,d4b5f24b166dfc13,0.6816808581352234,8.839285714285714,0.03571428571428571,0.5,1.0,0.10866666666666654,0.0010327955589886453,6,0,26.458927154541016,0.5332122445106506
B3_disable_LF_full_s05,B3,disable_LF,full,5,9c27d0905127f2eb,0.7008326053619385,8.75,0.02040816326530612,0.5833333333333334,1.0,0.1154285714285715,0.0053807416730762715,5,0,51.19091796875,0.7451908588409424
B3_disable_LF_full_s06,B3,disable_LF,full,6,1d3eb94610b602b8,0.7559146285057068,8.95,0.012755102040816327,0.08333333333333333,1.0,0.11199999999999921,,11,0,25.96390724182129,0.5215659141540527
B3_disable_LF_full_s07,B3,disable_LF,full,7,d4b5f24b166dfc13,0.49818155169487,8.277777777777779,0.02295918367346939,0.5,1.0,0.1113333333333334,0.001632993161855381,6,0,26.111289978027344,0.527776837348938
B3_disable_LF_no_memory_s00,B3,disable_LF,no_memory,0,1d3eb94610b602b8,0.8222046494483948,8.770833333333334,0.030612244897959183,0.75,0.9,0.1273333333333332,0.004690415759823154,3,1,54.22283935546875,0.760969340801239
B3_disable_LF_no_memory_s01,B3,disable_LF,no_memory,1,d4b5f24b166dfc13,0.7511817216873169,8.73076923076923,0.03316326530612245,0.6666666666666666,1.0,0.12599999999999978,0.0030237157840737367,4,0,40.264434814453125,0.6538037061691284
B3_disable_LF_no_memory_s02,B3,disable_LF,no_memory,2,9c27d0905127f2eb,0.7589061260223389,9.375,0.02040816326530612,0.5833333333333334,0.7,0.1302857142857142,0.006047431568147737,5,3,91.69135284423828,0.9796510338783264
B3_disable_LF_no_memory_s03,B3,disable_LF,no_memory,3,1d3eb94610b602b8,0.7241405248641968,8.65,0.025510204081632654,0.75,0.9,0.1264444444444443,0.005270462766947053,3,1,54.64480972290039,0.7640345096588135
B3_disable_LF_no_memory_s04,B3,disable_LF,no_memory,4,d4b5f24b166dfc13,0.6831574440002441,8.839285714285714,0.03571428571428571,0.6666666666666666,1.0,0.1232499999999997,0.00237546987833072,4,0,40.930686950683594,0.6601827144622803
B3_disable_LF_no_memory_s05,B3,disable_LF,no_memory,5,9c27d0905127f2eb,0.6796107292175293,8.75,0.02040816326530612,0.5,0.6666666666666666,0.13366666666666663,0.004273952113286552,6,3,84.6726303100586,0.9541400671005249
B3_disable_LF_no_memory_s06,B3,disable_LF,no_memory,6,1d3eb94610b602b8,0.7549074292182922,8.95,0.012755102040816327,0.25,0.75,0.13466666666666613,0.007571877794400429,9,1,46.19932174682617,0.6829278469085693
B3_disable_LF_no_memory_s07,B3,disable_LF,no_memory,7,d4b5f24b166dfc13,0.5133388042449951,8.277777777777779,0.02295918367346939,0.5833333333333334,1.0,0.12742857142857128,0.003408672412985384,5,0,39.70763397216797,0.6484585404396057
B3_disable_LM_direct_s00,B3,disable_LM,direct,0,1d3eb94610b602b8,0.8354842662811279,8.770833333333334,0.030612244897959183,0.8333333333333334,0.9090909090909091,0.0919999999999999,0.007944250191875094,2,1,95.73013305664062,1.0390186309814453
B3_disable_LM_direct_s01,B3,disable_LM,direct,1,d4b5f24b166dfc13,0.7631245255470276,8.76923076923077,0.03316326530612245,0.75,0.9,0.09155555555555542,0.008875684637129391,3,1,70.6689224243164,0.8916454315185547
B3_disable_LM_direct_s02,B3,disable_LM,direct,2,9c27d0905127f2eb,0.7573995590209961,9.375,0.02040816326530612,0.8333333333333334,0.5263157894736842,0.10499999999999984,0.018956089610817312,2,9,141.089599609375,1.2738510370254517
B3_disable_LM_direct_s03,B3,disable_LM,direct,3,1d3eb94610b602b8,0.7421382069587708,8.65,0.025510204081632654,0.8333333333333334,0.9090909090909091,0.0919999999999999,0.007944250191875094,2,1,95.73013305664062,1.0390186309814453
B3_disable_LM_direct_s04,B3,disable_LM,direct,4,d4b5f24b166dfc13,0.69383305311203,8.839285714285714,0.03571428571428571,0.75,0.9,0.09155555555555542,0.008875684637129391,3,1,70.6689224243164,0.8916454315185547
B3_disable_LM_direct_s05,B3,disable_LM,direct,5,9c27d0905127f2eb,0.6987781524658203,8.75,0.02040816326530612,0.8333333333333334,0.5263157894736842,0.10499999999999984,0.018956089610817312,2,9,141.089599609375,1.2738510370254517
B3_disable_LM_direct_s06,B3,disable_LM,direct,6,1d3eb94610b602b8,0.7586277723312378,8.95,0.012755102040816327,0.8333333333333334,0.9090909090909091,0.0919999999999999,0.007944250191875094,2,1,95.73013305664062,1.0390186309814453
B3_disable_LM_direct_s07,B3,disable_LM,direct,7,d4b5f24b166dfc13,0.5072247385978699,8.36111111111111,0.02295918367346939,0.75,0.9,0.09155555555555542,0.008875684637129391,3,1,70.6689224243164,0.8916454315185547
B3_disable_LM_full_s00,B3,disable_LM,full,0,1d3eb94610b602b8,0.8506361842155457,8.770833333333334,0.030612244897959183,0.8333333333333334,1.0,0.11199999999999988,0.003265986323710756,2,0,40.04378890991211,0.6553464531898499
B3_disable_LM_full_s01,B3,disable_LM,full,1,d4b5f24b166dfc13,0.7663645148277283,8.76923076923077,0.03316326530612245,0.5,1.0,0.11033333333333335,0.001505545305418301,6,0,26.246728897094727,0.5285724997520447
B3_disable_LM_full_s02,B3,disable_LM,full,2,9c27d0905127f2eb,0.7541254758834839,9.375,0.02040816326530612,0.6666666666666666,1.0,0.11325000000000007,0.003370036032024372,4,0,53.24362564086914,0.7595515251159668
B3_disable_LM_full_s03,B3,disable_LM,full,3,1d3eb94610b602b8,0.7054666876792908,8.65,0.025510204081632654,0.8333333333333334,1.0,0.11299999999999995,0.004027681991198078,2,0,39.81779098510742,0.6535888910293579
B3_disable_LM_full_s04,B3,disable_LM,full,4,d4b5f24b166dfc13,0.6816808581352234,8.839285714285714,0.03571428571428571,0.5,1.0,0.10866666666666654,0.0010327955589886453,6,0,26.458927154541016,0.5332122445106506
B3_disable_LM_full_s05,B3,disable_LM,full,5,9c27d0905127f2eb,0.7011229991912842,8.75,0.02040816326530612,0.6666666666666666,1.0,0.11500000000000007,0.0051269595556931325,4,0,52.99321746826172,0.7579888701438904
B3_disable_LM_full_s06,B3,disable_LM,full,6,1d3eb94610b602b8,0.7487576603889465,8.95,0.012755102040816327,0.16666666666666666,1.0,0.10999999999999943,0.0028284271247458787,10,0,26.164926528930664,0.5308775901794434
B3_disable_LM_full_s07,B3,disable_LM,full,7,d4b5f24b166dfc13,0.49818155169487,8.277777777777779,0.02295918367346939,0.5,1.0,0.1113333333333334,0.001632993161855381,6,0,26.111289978027344,0.527776837348938
B3_disable_LM_no_memory_s00,B3,disable_LM,no_memory,0,1d3eb94610b602b8,0.824885904788971,8.770833333333334,0.030612244897959183,0.8333333333333334,0.9090909090909091,0.12819999999999987,0.005202563470700272,2,1,56.08544921875,0.7737078070640564
B3_disable_LM_no_memory_s01,B3,disable_LM,no_memory,1,d4b5f24b166dfc13,0.7511817216873169,8.73076923076923,0.03316326530612245,0.6666666666666666,1.0,0.12599999999999978,0.0030237157840737367,4,0,40.264434814453125,0.6538037061691284
B3_disable_LM_no_memory_s02,B3,disable_LM,no_memory,2,9c27d0905127f2eb,0.7448441982269287,9.375,0.02040816326530612,0.75,0.75,0.13288888888888875,0.007356025496904624,3,3,91.57911682128906,0.9934489130973816
B3_disable_LM_no_memory_s03,B3,disable_LM,no_memory,3,1d3eb94610b602b8,0.7436643838882446,8.625,0.025510204081632654,0.75,0.9,0.1264444444444443,0.005270462766947053,3,1,56.46019744873047,0.7757233381271362
B3_disable_LM_no_memory_s04,B3,disable_LM,no_memory,4,d4b5f24b166dfc13,0.6831574440002441,8.839285714285714,0.03571428571428571,0.6666666666666666,1.0,0.1232499999999997,0.00237546987833072,4,0,40.930686950683594,0.6601827144622803
B3_disable_LM_no_memory_s05,B3,disable_LM,no_memory,5,9c27d0905127f2eb,0.6851483583450317,8.75,0.02040816326530612,0.5,0.6666666666666666,0.13366666666666663,0.004273952113286552,6,3,88.31189727783203,0.9739441275596619
B3_disable_LM_no_memory_s06,B3,disable_LM,no_memory,6,1d3eb94610b602b8,0.7579417824745178,8.95,0.012755102040816327,0.3333333333333333,0.8,0.13349999999999956,0.006608075867199642,8,1,46.552223205566406,0.6953722238540649
B3_disable_LM_no_memory_s07,B3,disable_LM,no_memory,7,d4b5f24b166dfc13,0.5133388042449951,8.277777777777779,0.02295918367346939,0.5833333333333334,1.0,0.12742857142857128,0.003408672412985384,5,0,39.70763397216797,0.6484585404396057
B3_forced_RF_direct_s00,B3,forced_RF,direct,0,1d3eb94610b602b8,0.8089712262153625,8.770833333333334,0.030612244897959183,1.0,0.6666666666666666,0.10116666666666647,0.016634210822788344,0,6,85.03141784667969,0.9747054576873779
B3_forced_RF_direct_s01,B3,forced_RF,direct,1,d4b5f24b166dfc13,0.7486705183982849,8.76923076923077,0.03316326530612245,1.0,1.0,0.09266666666666647,0.005069217858503299,0,0,64.78164672851562,0.8498246073722839
B3_forced_RF_direct_s02,B3,forced_RF,direct,2,9c27d0905127f2eb,0.6907627582550049,9.375,0.02040816326530612,0.9166666666666666,0.44,0.10581818181818158,0.02004903080858625,1,14,109.89608001708984,1.1096999645233154
B3_forced_RF_direct_s03,B3,forced_RF,direct,3,1d3eb94610b602b8,0.7389211058616638,8.65,0.025510204081632654,1.0,0.6666666666666666,0.10116666666666647,0.016634210822788344,0,6,85.03141784667969,0.9747054576873779
B3_forced_RF_direct_s04,B3,forced_RF,direct,4,d4b5f24b166dfc13,0.6898898482322693,8.839285714285714,0.03571428571428571,1.0,1.0,0.09266666666666647,0.005069217858503299,0,0,64.78164672851562,0.8498246073722839
B3_forced_RF_direct_s05,B3,forced_RF,direct,5,9c27d0905127f2eb,0.7137261033058167,8.75,0.02040816326530612,0.9166666666666666,0.44,0.10581818181818158,0.02004903080858625,1,14,109.89608001708984,1.1096999645233154
B3_forced_RF_direct_s06,B3,forced_RF,direct,6,1d3eb94610b602b8,0.6550820469856262,8.958333333333334,0.015306122448979591,1.0,0.6666666666666666,0.10116666666666647,0.016634210822788344,0,6,85.03141784667969,0.9747054576873779
B3_forced_RF_direct_s07,B3,forced_RF,direct,7,d4b5f24b166dfc13,0.5113179683685303,8.277777777777779,0.02295918367346939,1.0,1.0,0.09266666666666647,0.005069217858503299,0,0,64.78164672851562,0.8498246073722839
B3_forced_RF_full_s00,B3,forced_RF,full,0,1d3eb94610b602b8,0.8117092251777649,8.770833333333334,0.030612244897959183,1.0,0.6,0.12099999999999987,0.015147757109702668,0,8,69.99266052246094,0.8777331709861755
B3_forced_RF_full_s01,B3,forced_RF,full,1,d4b5f24b166dfc13,0.7489201426506042,8.76923076923077,0.03316326530612245,1.0,1.0,0.11133333333333319,0.004030189107526365,0,0,51.97121810913086,0.7506563067436218
B3_forced_RF_full_s02,B3,forced_RF,full,2,9c27d0905127f2eb,0.708263635635376,9.375,0.02040816326530612,0.9166666666666666,0.4230769230769231,0.125090909090909,0.017119898045575784,1,15,91.7819595336914,1.0128810405731201
B3_forced_RF_full_s03,B3,forced_RF,full,3,1d3eb94610b602b8,0.7398427128791809,8.65,0.025510204081632654,1.0,0.6,0.11566666666666657,0.01567472391134746,0,8,72.96795654296875,0.8938987255096436
B3_forced_RF_full_s04,B3,forced_RF,full,4,d4b5f24b166dfc13,0.6916527152061462,8.839285714285714,0.03571428571428571,1.0,1.0,0.10683333333333321,0.004932882862316276,0,0,54.461883544921875,0.7669099569320679
B3_forced_RF_full_s05,B3,forced_RF,full,5,9c27d0905127f2eb,0.7127079963684082,8.75,0.02040816326530612,0.9166666666666666,0.4230769230769231,0.12563636363636355,0.017385469376883293,1,15,91.5283203125,1.0116931200027466
B3_forced_RF_full_s06,B3,forced_RF,full,6,1d3eb94610b602b8,0.656914472579956,8.916666666666666,0.015306122448979591,0.9166666666666666,0.5789473684210527,0.11927272727272716,0.012402345819165862,1,8,69.12080383300781,0.8701021075248718
B3_forced_RF_full_s07,B3,forced_RF,full,7,d4b5f24b166dfc13,0.5085219144821167,8.277777777777779,0.02295918367346939,1.0,1.0,0.11383333333333308,0.0036639108100828544,0,0,50.87141799926758,0.7425467371940613
B3_forced_RF_no_memory_s00,B3,forced_RF,no_memory,0,1d3eb94610b602b8,0.824192464351654,8.770833333333334,0.030612244897959183,0.75,0.5625,0.13399999999999995,0.013490737563232012,3,7,90.2424545288086,0.9854250550270081
B3_forced_RF_no_memory_s01,B3,forced_RF,no_memory,1,d4b5f24b166dfc13,0.7556098103523254,8.76923076923077,0.03316326530612245,0.75,0.9,0.12999999999999992,0.007348469228349632,3,1,81.31219482421875,0.9324509501457214
B3_forced_RF_no_memory_s02,B3,forced_RF,no_memory,2,9c27d0905127f2eb,0.6917874813079834,9.375,0.02040816326530612,0.5,0.3,0.13833333333333322,0.013048627003124534,6,14,151.2570037841797,1.2815322875976562
B3_forced_RF_no_memory_s03,B3,forced_RF,no_memory,3,1d3eb94610b602b8,0.7202164530754089,8.65,0.025510204081632654,0.8333333333333334,0.5882352941176471,0.13059999999999977,0.010373041983911797,2,7,91.98761749267578,0.9961018562316895
B3_forced_RF_no_memory_s04,B3,forced_RF,no_memory,4,d4b5f24b166dfc13,0.693253219127655,8.839285714285714,0.03571428571428571,0.9166666666666666,0.9166666666666666,0.12727272727272707,0.00553336984288778,1,1,83.06959533691406,0.9420865178108215
B3_forced_RF_no_memory_s05,B3,forced_RF,no_memory,5,9c27d0905127f2eb,0.6523102521896362,8.75,0.02040816326530612,0.5,0.3,0.13833333333333322,0.013048627003124534,6,14,151.3646697998047,1.281983733177185
B3_forced_RF_no_memory_s06,B3,forced_RF,no_memory,6,1d3eb94610b602b8,0.6677660942077637,8.958333333333334,0.015306122448979591,0.75,0.5625,0.135111111111111,0.01292714628644357,3,7,89.52841186523438,0.9813788533210754
B3_forced_RF_no_memory_s07,B3,forced_RF,no_memory,7,d4b5f24b166dfc13,0.5392510890960693,8.277777777777779,0.02295918367346939,0.6666666666666666,0.8888888888888888,0.1309999999999999,0.007329003050503068,4,1,79.38355255126953,0.922522246837616
B4_alternating_full_s00,B4,alternating,full,0,91b8fd9c3182c6a7,0.8260648846626282,8.770833333333334,0.030612244897959183,0.5,1.0,0.11899999999999973,0.0010954451150101709,6,0,101.0481948852539,1.0531352758407593
B4_alternating_full_s01,B4,alternating,full,1,91b8fd9c3182c6a7,0.757653534412384,8.76923076923077,0.03316326530612245,0.5,1.0,0.11733333333333307,0.0010327955589885308,6,0,110.9899673461914,1.0772205591201782
B4_alternating_full_s02,B4,alternating,full,2,91b8fd9c3182c6a7,0.7481753826141357,9.375,0.02040816326530612,0.5,1.0,0.1186666666666664,0.001032795558988416,6,0,104.78052520751953,1.059518575668335
B4_alternating_full_s03,B4,alternating,full,3,91b8fd9c3182c6a7,0.7283007502555847,8.65,0.025510204081632654,0.5,1.0,0.11366666666666651,0.0019663841605003897,6,0,101.72846984863281,1.0569202899932861
B4_alternating_full_s04,B4,alternating,full,4,91b8fd9c3182c6a7,0.689684271812439,8.839285714285714,0.03571428571428571,0.5,1.0,0.11199999999999992,0.002190890230020626,6,0,102.02777099609375,1.0578577518463135
B4_alternating_full_s05,B4,alternating,full,5,91b8fd9c3182c6a7,0.6780511736869812,8.75,0.02040816326530612,0.5,1.0,0.120333333333333,0.0008164965809274004,6,0,100.98827362060547,1.052783727645874
B4_alternating_full_s06,B4,alternating,full,6,91b8fd9c3182c6a7,0.7546935677528381,8.95,0.012755102040816327,0.5,1.0,0.12066666666666637,0.0010327955589884447,6,0,110.91658782958984,1.0838857889175415
B4_alternating_full_s07,B4,alternating,full,7,91b8fd9c3182c6a7,0.5197737216949463,8.38888888888889,0.02295918367346939,0.5,1.0,0.12066666666666637,0.0010327955589884447,6,0,101.37967681884766,1.0530951023101807
B4_alternating_no_memory_s00,B4,alternating,no_memory,0,91b8fd9c3182c6a7,0.8308134078979492,8.770833333333334,0.030612244897959183,0.5,0.5,0.13666666666666638,0.0010327955589884447,6,6,112.57501983642578,1.1053848266601562
B4_alternating_no_memory_s01,B4,alternating,no_memory,1,91b8fd9c3182c6a7,0.7604650259017944,8.76923076923077,0.03316326530612245,0.5,0.5,0.13666666666666638,0.0010327955589884447,6,6,120.86247253417969,1.1277052164077759
B4_alternating_no_memory_s02,B4,alternating,no_memory,2,91b8fd9c3182c6a7,0.7534619569778442,9.375,0.02040816326530612,0.5,0.5,0.13666666666666638,0.0010327955589884447,6,6,118.56595611572266,1.1123318672180176
B4_alternating_no_memory_s03,B4,alternating,no_memory,3,91b8fd9c3182c6a7,0.7208637595176697,8.65,0.025510204081632654,0.5,0.5,0.13666666666666638,0.0010327955589884447,6,6,113.94313049316406,1.111903190612793
B4_alternating_no_memory_s04,B4,alternating,no_memory,4,91b8fd9c3182c6a7,0.6935396194458008,8.839285714285714,0.03571428571428571,0.5,0.5,0.13666666666666638,0.0010327955589884447,6,6,114.27384948730469,1.1116602420806885
B4_alternating_no_memory_s05,B4,alternating,no_memory,5,91b8fd9c3182c6a7,0.6867830753326416,8.75,0.02040816326530612,0.5,0.5,0.13666666666666638,0.0010327955589884447,6,6,112.4474868774414,1.1048007011413574
B4_alternating_no_memory_s06,B4,alternating,no_memory,6,91b8fd9c3182c6a7,0.752898097038269,8.95,0.012755102040816327,0.5,0.5,0.13666666666666638,0.0010327955589884447,6,6,123.2322769165039,1.1319571733474731
B4_alternating_no_memory_s07,B4,alternating,no_memory,7,91b8fd9c3182c6a7,0.4950799345970154,8.38888888888889,0.02295918367346939,0.5,0.5,0.13666666666666638,0.0010327955589884447,6,6,118.09005737304688,1.1107399463653564
B4_alternating_sequence_specific_s00,B4,alternating,sequence_specific,0,91b8fd9c3182c6a7,0.7573930621147156,8.770833333333334,0.030612244897959183,0.25,0.23076923076923078,0.09066666666666645,0.003055050463303557,9,10,118.90721130371094,1.1493959426879883
B4_alternating_sequence_specific_s01,B4,alternating,sequence_specific,1,91b8fd9c3182c6a7,0.7511631846427917,8.76923076923077,0.03316326530612245,0.25,0.23076923076923078,0.09066666666666645,0.003055050463303557,9,10,118.90721130371094,1.1493959426879883
B4_alternating_sequence_specific_s02,B4,alternating,sequence_specific,2,91b8fd9c3182c6a7,0.7942980527877808,9.375,0.02040816326530612,0.25,0.23076923076923078,0.09066666666666645,0.003055050463303557,9,10,118.90721130371094,1.1493959426879883
B4_alternating_sequence_specific_s03,B4,alternating,sequence_specific,3,91b8fd9c3182c6a7,0.736372172832489,8.65,0.025510204081632654,0.25,0.23076923076923078,0.09066666666666645,0.003055050463303557,9,10,118.90721130371094,1.1493959426879883
B4_alternating_sequence_specific_s04,B4,alternating,sequence_specific,4,91b8fd9c3182c6a7,0.6949962377548218,8.839285714285714,0.03571428571428571,0.25,0.23076923076923078,0.09066666666666645,0.003055050463303557,9,10,118.90721130371094,1.1493959426879883
B4_alternating_sequence_specific_s05,B4,alternating,sequence_specific,5,91b8fd9c3182c6a7,0.5569992661476135,8.75,0.02040816326530612,0.25,0.23076923076923078,0.09066666666666645,0.003055050463303557,9,10,118.90721130371094,1.1493959426879883
B4_alternating_sequence_specific_s06,B4,alternating,sequence_specific,6,91b8fd9c3182c6a7,0.6843755841255188,8.958333333333334,0.015306122448979591,0.25,0.23076923076923078,0.09066666666666645,0.003055050463303557,9,10,118.90721130371094,1.1493959426879883
B4_alternating_sequence_specific_s07,B4,alternating,sequence_specific,7,91b8fd9c3182c6a7,0.5597109198570251,8.38888888888889,0.02295918367346939,0.25,0.23076923076923078,0.09066666666666645,0.003055050463303557,9,10,118.90721130371094,1.1493959426879883
B4_long_full_s00,B4,long,full,0,150803206ff4b7e7,0.8209295868873596,8.770833333333334,0.030612244897959183,0.6956521739130435,1.0,0.11374999999999949,0.00251661147842355,7,0,87.27961730957031,0.9700164198875427
B4_long_full_s01,B4,long,full,1,4a752c63e60645c0,0.7514061331748962,8.76923076923077,0.03316326530612245,0.782608695652174,0.9473684210526315,0.11266666666666615,0.002743977362280144,5,1,104.58539581298828,1.0477317571640015
B4_long_full_s02,B4,long,full,2,70c1d3d2e715a7b0,0.7726003527641296,9.375,0.02040816326530612,0.6521739130434783,1.0,0.11479999999999943,0.0032776298056455787,8,0,103.5544204711914,1.0524499416351318
B4_long_full_s03,B4,long,full,3,150803206ff4b7e7,0.741782009601593,8.65,0.025510204081632654,0.6956521739130435,1.0,0.11262499999999948,0.0037749172176353746,7,0,88.04856872558594,0.9734058380126953
B4_long_full_s04,B4,long,full,4,4a752c63e60645c0,0.6915470957756042,8.839285714285714,0.03571428571428571,0.782608695652174,0.9473684210526315,0.11166666666666619,0.002400980191995105,5,1,100.61598205566406,1.0366770029067993
B4_long_full_s05,B4,long,full,5,70c1d3d2e715a7b0,0.6869101524353027,8.75,0.02040816326530612,0.5217391304347826,1.0,0.11566666666666618,0.0036013465495138668,11,0,96.9323959350586,1.0229647159576416
B4_long_full_s06,B4,long,full,6,150803206ff4b7e7,0.7577487230300903,8.95,0.012755102040816327,0.13043478260869565,1.0,0.1253333333333327,0.015275252316519432,20,0,65.49088287353516,0.8359683752059937
B4_long_full_s07,B4,long,full,7,4a752c63e60645c0,0.5470419526100159,8.277777777777779,0.02295918367346939,0.6521739130434783,0.9375,0.12079999999999952,0.008678380362388253,8,1,97.4323959350586,1.0078625679016113
B4_long_no_memory_s00,B4,long,no_memory,0,150803206ff4b7e7,0.8219995498657227,8.770833333333334,0.030612244897959183,0.6956521739130435,0.8421052631578947,0.12887499999999943,0.005414486740833702,7,3,134.8748779296875,1.1941519975662231
B4_long_no_memory_s01,B4,long,no_memory,1,4a752c63e60645c0,0.7663669586181641,8.76923076923077,0.03316326530612245,0.7391304347826086,0.8947368421052632,0.1312941176470582,0.012164316184450815,6,2,121.75941467285156,1.1192710399627686
B4_long_no_memory_s02,B4,long,no_memory,2,70c1d3d2e715a7b0,0.765324592590332,9.375,0.02040816326530612,0.6086956521739131,0.8235294117647058,0.12871428571428506,0.004998900978116197,9,3,165.02713012695312,1.3019874095916748
B4_long_no_memory_s03,B4,long,no_memory,3,150803206ff4b7e7,0.7277160286903381,8.65,0.025510204081632654,0.6956521739130435,0.8421052631578947,0.12849999999999945,0.005773502691896023,7,3,135.78189086914062,1.196982979774475
B4_long_no_memory_s04,B4,long,no_memory,4,4a752c63e60645c0,0.6860822439193726,8.839285714285714,0.03571428571428571,0.6956521739130435,0.9411764705882353,0.12587499999999943,0.004588027898781685,7,1,119.26411437988281,1.119912028312683
B4_long_no_memory_s05,B4,long,no_memory,5,70c1d3d2e715a7b0,0.6733057498931885,8.75,0.02040816326530612,0.4782608695652174,0.7857142857142857,0.13327272727272682,0.0046709936649691735,12,3,151.4890594482422,1.2547625303268433
B4_long_no_memory_s06,B4,long,no_memory,6,150803206ff4b7e7,0.7563794851303101,8.95,0.012755102040816327,0.2608695652173913,0.6,0.1429999999999992,0.020697825972792593,17,4,115.4664535522461,1.0914925336837769
B4_long_no_memory_s07,B4,long,no_memory,7,4a752c63e60645c0,0.517379105091095,8.277777777777779,0.02295918367346939,0.6086956521739131,0.9333333333333333,0.12957142857142792,0.004586171282558656,9,1,117.49969482421875,1.1038051843643188
B4_long_sequence_specific_s00,B4,long,sequence_specific,0,150803206ff4b7e7,0.8217204213142395,8.770833333333334,0.030612244897959183,0.30434782608695654,0.2,0.16085714285714278,0.18143082113340847,16,28,280.9800720214844,1.8345000743865967
B4_long_sequence_specific_s01,B4,long,sequence_specific,1,4a752c63e60645c0,0.7571715712547302,8.73076923076923,0.03316326530612245,0.391304347826087,0.24324324324324326,0.16466666666666643,0.18938614286982844,14,28,236.42881774902344,1.6252009868621826
B4_long_sequence_specific_s02,B4,long,sequence_specific,2,70c1d3d2e715a7b0,0.7565843462944031,9.375,0.02040816326530612,0.21739130434782608,0.18518518518518517,0.09239999999999907,0.0029664793948386272,18,22,205.0707550048828,1.5624418258666992
B4_long_sequence_specific_s03,B4,long,sequence_specific,3,150803206ff4b7e7,0.703548789024353,8.65,0.025510204081632654,0.30434782608695654,0.2,0.16085714285714278,0.18143082113340847,16,28,280.9800720214844,1.8345000743865967
B4_long_sequence_specific_s04,B4,long,sequence_specific,4,4a752c63e60645c0,0.6902207136154175,8.839285714285714,0.03571428571428571,0.391304347826087,0.24324324324324326,0.16466666666666643,0.18938614286982844,14,28,236.42881774902344,1.6252009868621826
B4_long_sequence_specific_s05,B4,long,sequence_specific,5,70c1d3d2e715a7b0,0.7056194543838501,8.75,0.02040816326530612,0.21739130434782608,0.18518518518518517,0.09239999999999907,0.0029664793948386272,18,22,205.0707550048828,1.5624418258666992
B4_long_sequence_specific_s06,B4,long,sequence_specific,6,150803206ff4b7e7,0.6464564800262451,8.958333333333334,0.015306122448979591,0.30434782608695654,0.2,0.16085714285714278,0.18143082113340847,16,28,280.9800720214844,1.8345000743865967
B4_long_sequence_specific_s07,B4,long,sequence_specific,7,4a752c63e60645c0,0.5447514653205872,8.277777777777779,0.02295918367346939,0.391304347826087,0.24324324324324326,0.16466666666666643,0.18938614286982844,14,28,236.42881774902344,1.6252009868621826
B4_nonrepeating_full_s00,B4,nonrepeating,full,0,1d3eb94610b602b8,0.8489608764648438,8.770833333333334,0.030612244897959183,0.75,1.0,0.11244444444444435,0.003126943839882072,3,0,38.106109619140625,0.6397626996040344
B4_nonrepeating_full_s01,B4,nonrepeating,full,1,d4b5f24b166dfc13,0.7663645148277283,8.76923076923077,0.03316326530612245,0.5,1.0,0.11033333333333335,0.001505545305418301,6,0,26.246728897094727,0.5285724997520447
B4_nonrepeating_full_s02,B4,nonrepeating,full,2,9c27d0905127f2eb,0.7541923522949219,9.375,0.02040816326530612,0.5833333333333334,1.0,0.1134285714285715,0.0035989416433697056,5,0,52.01124572753906,0.7480987906455994
B4_nonrepeating_full_s03,B4,nonrepeating,full,3,1d3eb94610b602b8,0.6885367631912231,8.65,0.025510204081632654,0.75,1.0,0.11222222222222215,0.003382963855030542,3,0,38.15214538574219,0.6408835053443909
B4_nonrepeating_full_s04,B4,nonrepeating,full,4,d4b5f24b166dfc13,0.6816808581352234,8.839285714285714,0.03571428571428571,0.5,1.0,0.10866666666666654,0.0010327955589886453,6,0,26.458927154541016,0.5332122445106506
B4_nonrepeating_full_s05,B4,nonrepeating,full,5,9c27d0905127f2eb,0.7008326053619385,8.75,0.02040816326530612,0.5833333333333334,1.0,0.1154285714285715,0.0053807416730762715,5,0,51.19091796875,0.7451908588409424
B4_nonrepeating_full_s06,B4,nonrepeating,full,6,1d3eb94610b602b8,0.7559146285057068,8.95,0.012755102040816327,0.08333333333333333,1.0,0.11199999999999921,,11,0,25.96390724182129,0.5215659141540527
B4_nonrepeating_full_s07,B4,nonrepeating,full,7,d4b5f24b166dfc13,0.49818155169487,8.277777777777779,0.02295918367346939,0.5,1.0,0.1113333333333334,0.001632993161855381,6,0,26.111289978027344,0.527776837348938
B4_nonrepeating_no_memory_s00,B4,nonrepeating,no_memory,0,1d3eb94610b602b8,0.8222046494483948,8.770833333333334,0.030612244897959183,0.75,0.9,0.1273333333333332,0.004690415759823154,3,1,54.22283935546875,0.760969340801239
B4_nonrepeating_no_memory_s01,B4,nonrepeating,no_memory,1,d4b5f24b166dfc13,0.7511817216873169,8.73076923076923,0.03316326530612245,0.6666666666666666,1.0,0.12599999999999978,0.0030237157840737367,4,0,40.264434814453125,0.6538037061691284
B4_nonrepeating_no_memory_s02,B4,nonrepeating,no_memory,2,9c27d0905127f2eb,0.7589061260223389,9.375,0.02040816326530612,0.5833333333333334,0.7,0.1302857142857142,0.006047431568147737,5,3,91.69135284423828,0.9796510338783264
B4_nonrepeating_no_memory_s03,B4,nonrepeating,no_memory,3,1d3eb94610b602b8,0.7241405248641968,8.65,0.025510204081632654,0.75,0.9,0.1264444444444443,0.005270462766947053,3,1,54.64480972290039,0.7640345096588135
B4_nonrepeating_no_memory_s04,B4,nonrepeating,no_memory,4,d4b5f24b166dfc13,0.6831574440002441,8.839285714285714,0.03571428571428571,0.6666666666666666,1.0,0.1232499999999997,0.00237546987833072,4,0,40.930686950683594,0.6601827144622803
B4_nonrepeating_no_memory_s05,B4,nonrepeating,no_memory,5,9c27d0905127f2eb,0.6796107292175293,8.75,0.02040816326530612,0.5,0.6666666666666666,0.13366666666666663,0.004273952113286552,6,3,84.6726303100586,0.9541400671005249
B4_nonrepeating_no_memory_s06,B4,nonrepeating,no_memory,6,1d3eb94610b602b8,0.7549074292182922,8.95,0.012755102040816327,0.25,0.75,0.13466666666666613,0.007571877794400429,9,1,46.19932174682617,0.6829278469085693
B4_nonrepeating_no_memory_s07,B4,nonrepeating,no_memory,7,d4b5f24b166dfc13,0.5133388042449951,8.277777777777779,0.02295918367346939,0.5833333333333334,1.0,0.12742857142857128,0.003408672412985384,5,0,39.70763397216797,0.6484585404396057
B4_nonrepeating_sequence_specific_s00,B4,nonrepeating,sequence_specific,0,1d3eb94610b602b8,0.8756807446479797,8.770833333333334,0.030612244897959183,0.08333333333333333,0.0625,0.0860000000000003,,11,15,144.06878662109375,1.3023080825805664
B4_nonrepeating_sequence_specific_s01,B4,nonrepeating,sequence_specific,1,d4b5f24b166dfc13,0.7741904854774475,8.76923076923077,0.03316326530612245,0.25,0.16666666666666666,0.08733333333333364,0.09782296935451006,9,15,145.89419555664062,1.2731772661209106
B4_nonrepeating_sequence_specific_s02,B4,nonrepeating,sequence_specific,2,9c27d0905127f2eb,0.7309740781784058,9.375,0.02040816326530612,0.0,0.0,,,12,14,104.52737426757812,1.1113452911376953
B4_nonrepeating_sequence_specific_s03,B4,nonrepeating,sequence_specific,3,1d3eb94610b602b8,0.704281210899353,8.625,0.025510204081632654,0.08333333333333333,0.0625,0.0860000000000003,,11,15,144.06878662109375,1.3023080825805664
B4_nonrepeating_sequence_specific_s04,B4,nonrepeating,sequence_specific,4,d4b5f24b166dfc13,0.6677053570747375,8.839285714285714,0.03571428571428571,0.25,0.16666666666666666,0.08733333333333364,0.09782296935451006,9,15,145.89419555664062,1.2731772661209106
B4_nonrepeating_sequence_specific_s05,B4,nonrepeating,sequence_specific,5,9c27d0905127f2eb,0.6832144260406494,8.75,0.02040816326530612,0.0,0.0,,,12,14,104.52737426757812,1.1113452911376953
B4_nonrepeating_sequence_specific_s06,B4,nonrepeating,sequence_specific,6,1d3eb94610b602b8,0.7659086585044861,8.95,0.012755102040816327,0.08333333333333333,0.0625,0.0860000000000003,,11,15,144.06878662109375,1.3023080825805664
B4_nonrepeating_sequence_specific_s07,B4,nonrepeating,sequence_specific,7,d4b5f24b166dfc13,0.5016003251075745,8.36111111111111,0.02295918367346939,0.25,0.16666666666666666,0.08733333333333364,0.09782296935451006,9,15,145.89419555664062,1.2731772661209106
B4_repeated_full_s00,B4,repeated,full,0,b5c6d120e369331b,0.8197013735771179,8.770833333333334,0.030612244897959183,0.25,1.0,0.113333333333333,0.0011547005383796371,9,0,39.46989059448242,0.6487294435501099
B4_repeated_full_s01,B4,repeated,full,1,b5c6d120e369331b,0.803246259689331,8.76923076923077,0.03316326530612245,0.25,1.0,0.113333333333333,0.0011547005383796371,9,0,44.32255554199219,0.6673542261123657
B4_repeated_full_s02,B4,repeated,full,2,b5c6d120e369331b,0.7543495297431946,9.375,0.02040816326530612,0.25,1.0,0.113333333333333,0.0011547005383796371,9,0,41.363162994384766,0.6539598703384399
B4_repeated_full_s03,B4,repeated,full,3,b5c6d120e369331b,0.7467490434646606,8.65,0.025510204081632654,0.25,1.0,0.113333333333333,0.0011547005383796371,9,0,39.46989059448242,0.6487294435501099
B4_repeated_full_s04,B4,repeated,full,4,b5c6d120e369331b,0.6874613165855408,8.839285714285714,0.03571428571428571,0.25,1.0,0.11133333333333277,0.0011547005383792525,9,0,39.56260299682617,0.65044766664505
B4_repeated_full_s05,B4,repeated,full,5,b5c6d120e369331b,0.6810360550880432,8.75,0.02040816326530612,0.0,0.0,,,12,0,33.02637481689453,0.5931333899497986
B4_repeated_full_s06,B4,repeated,full,6,b5c6d120e369331b,0.7551621198654175,8.95,0.012755102040816327,0.0,0.0,,,12,0,38.076805114746094,0.620322048664093
B4_repeated_full_s07,B4,repeated,full,7,b5c6d120e369331b,0.510657787322998,8.277777777777779,0.02295918367346939,0.25,1.0,0.113333333333333,0.0011547005383796371,9,0,39.73432922363281,0.6492013335227966
B4_repeated_no_memory_s00,B4,repeated,no_memory,0,b5c6d120e369331b,0.8415027260780334,8.770833333333334,0.030612244897959183,0.25,1.0,0.13133333333333308,0.0011547005383791243,9,0,39.26313400268555,0.6466230154037476
B4_repeated_no_memory_s01,B4,repeated,no_memory,1,b5c6d120e369331b,0.81067955493927,8.76923076923077,0.03316326530612245,0.25,1.0,0.13133333333333308,0.0011547005383791243,9,0,47.396026611328125,0.6825308203697205
B4_repeated_no_memory_s02,B4,repeated,no_memory,2,b5c6d120e369331b,0.7670071721076965,9.38888888888889,0.02295918367346939,0.25,1.0,0.13133333333333308,0.0011547005383791243,9,0,45.34529495239258,0.6617328524589539
B4_repeated_no_memory_s03,B4,repeated,no_memory,3,b5c6d120e369331b,0.7497349381446838,8.65,0.025510204081632654,0.25,1.0,0.13133333333333308,0.0011547005383791243,9,0,39.26313400268555,0.6466230154037476
B4_repeated_no_memory_s04,B4,repeated,no_memory,4,b5c6d120e369331b,0.6739917397499084,8.839285714285714,0.03571428571428571,0.25,1.0,0.12799999999999936,0.0019999999999997797,9,0,39.61204528808594,0.6493595242500305
B4_repeated_no_memory_s05,B4,repeated,no_memory,5,b5c6d120e369331b,0.6773645281791687,8.75,0.02040816326530612,0.0,0.0,,,12,0,33.784217834472656,0.5998482704162598
B4_repeated_no_memory_s06,B4,repeated,no_memory,6,b5c6d120e369331b,0.7544890642166138,8.95,0.012755102040816327,0.0,0.0,,,12,0,45.27646255493164,0.6555151343345642
B4_repeated_no_memory_s07,B4,repeated,no_memory,7,b5c6d120e369331b,0.5120474696159363,8.277777777777779,0.02295918367346939,0.25,1.0,0.13133333333333308,0.0011547005383791243,9,0,44.35524368286133,0.6559844613075256
B4_repeated_sequence_specific_s00,B4,repeated,sequence_specific,0,b5c6d120e369331b,0.8155519366264343,8.770833333333334,0.030612244897959183,0.3333333333333333,0.3333333333333333,0.08849999999999969,0.001000000000000112,8,8,107.14360046386719,1.0821239948272705
B4_repeated_sequence_specific_s01,B4,repeated,sequence_specific,1,b5c6d120e369331b,0.7480090260505676,8.76923076923077,0.03316326530612245,0.3333333333333333,0.3333333333333333,0.08849999999999969,0.001000000000000112,8,8,107.14360046386719,1.0821239948272705
B4_repeated_sequence_specific_s02,B4,repeated,sequence_specific,2,b5c6d120e369331b,0.7538266181945801,9.375,0.02040816326530612,0.3333333333333333,0.3333333333333333,0.08849999999999969,0.001000000000000112,8,8,107.14360046386719,1.0821239948272705
B4_repeated_sequence_specific_s03,B4,repeated,sequence_specific,3,b5c6d120e369331b,0.7529462575912476,8.65,0.025510204081632654,0.3333333333333333,0.3333333333333333,0.08849999999999969,0.001000000000000112,8,8,107.14360046386719,1.0821239948272705
B4_repeated_sequence_specific_s04,B4,repeated,sequence_specific,4,b5c6d120e369331b,0.6896681785583496,8.839285714285714,0.03571428571428571,0.3333333333333333,0.3333333333333333,0.08849999999999969,0.001000000000000112,8,8,107.14360046386719,1.0821239948272705
B4_repeated_sequence_specific_s05,B4,repeated,sequence_specific,5,b5c6d120e369331b,0.6408869624137878,8.75,0.02040816326530612,0.3333333333333333,0.3333333333333333,0.08849999999999969,0.001000000000000112,8,8,107.14360046386719,1.0821239948272705
B4_repeated_sequence_specific_s06,B4,repeated,sequence_specific,6,b5c6d120e369331b,0.7382296323776245,8.95,0.012755102040816327,0.3333333333333333,0.3333333333333333,0.08849999999999969,0.001000000000000112,8,8,107.14360046386719,1.0821239948272705
B4_repeated_sequence_specific_s07,B4,repeated,sequence_specific,7,b5c6d120e369331b,0.5405799150466919,8.38888888888889,0.02295918367346939,0.3333333333333333,0.3333333333333333,0.08849999999999969,0.001000000000000112,8,8,107.14360046386719,1.0821239948272705
B4_syncopated_full_s00,B4,syncopated,full,0,affe2ee17b25430d,0.8158326745033264,8.770833333333334,0.030612244897959183,0.75,1.0,0.1115555555555555,0.003431876713662349,3,0,44.19384765625,0.689332127571106
B4_syncopated_full_s01,B4,syncopated,full,1,512c04b661ee2999,0.7504595518112183,8.73076923076923,0.03316326530612245,0.75,1.0,0.11088888888888863,0.00226077666104172,3,0,35.98637008666992,0.6187059879302979
B4_syncopated_full_s02,B4,syncopated,full,2,71e12dc0dd1bb054,0.7090985774993896,9.375,0.02040816326530612,0.5833333333333334,1.0,0.11314285714285713,0.0041403933560537984,5,0,57.82802200317383,0.7901384830474854
B4_syncopated_full_s03,B4,syncopated,full,3,affe2ee17b25430d,0.7111808061599731,8.65,0.025510204081632654,0.75,1.0,0.11044444444444443,0.004666666666666831,3,0,44.468963623046875,0.6911138296127319
B4_syncopated_full_s04,B4,syncopated,full,4,512c04b661ee2999,0.6793312430381775,8.839285714285714,0.03571428571428571,0.75,1.0,0.1075555555555554,0.0032829526005987006,3,0,36.723793029785156,0.6244328618049622
B4_syncopated_full_s05,B4,syncopated,full,5,71e12dc0dd1bb054,0.6977673768997192,8.75,0.02040816326530612,0.5833333333333334,1.0,0.11485714285714285,0.005145501965424876,5,0,56.4793815612793,0.7856440544128418
B4_syncopated_full_s06,B4,syncopated,full,6,affe2ee17b25430d,0.7579489350318909,8.95,0.012755102040816327,0.08333333333333333,1.0,0.11399999999999899,,11,0,27.668384552001953,0.5395126938819885
B4_syncopated_full_s07,B4,syncopated,full,7,512c04b661ee2999,0.5001904368400574,8.277777777777779,0.02295918367346939,0.75,1.0,0.11355555555555528,0.0056371781750957075,3,0,35.77862548828125,0.6145108342170715
B4_syncopated_no_memory_s00,B4,syncopated,no_memory,0,affe2ee17b25430d,0.8407900333404541,8.770833333333334,0.030612244897959183,0.75,0.9,0.12666666666666662,0.004690415759823444,3,1,60.94874954223633,0.8078494668006897
B4_syncopated_no_memory_s01,B4,syncopated,no_memory,1,512c04b661ee2999,0.7485392093658447,8.76923076923077,0.03316326530612245,0.6666666666666666,1.0,0.12574999999999992,0.0034537764010675897,4,0,43.630435943603516,0.6794050335884094
B4_syncopated_no_memory_s02,B4,syncopated,no_memory,2,71e12dc0dd1bb054,0.7683118581771851,9.375,0.02040816326530612,0.5833333333333334,0.7,0.12999999999999984,0.006324555320336565,5,3,102.72711944580078,1.0438004732131958
B4_syncopated_no_memory_s03,B4,syncopated,no_memory,3,affe2ee17b25430d,0.7249137759208679,8.65,0.025510204081632654,0.75,0.9,0.12666666666666662,0.004472135954999673,3,1,61.570858001708984,0.8103613257408142
B4_syncopated_no_memory_s04,B4,syncopated,no_memory,4,512c04b661ee2999,0.6827593445777893,8.839285714285714,0.03571428571428571,0.6666666666666666,1.0,0.12424999999999987,0.003284161123592103,4,0,43.97679138183594,0.6833000183105469
B4_syncopated_no_memory_s05,B4,syncopated,no_memory,5,71e12dc0dd1bb054,0.6634718179702759,8.75,0.02040816326530612,0.5,0.6666666666666666,0.13233333333333325,0.004966554808583559,6,3,95.5594482421875,1.0215799808502197
B4_syncopated_no_memory_s06,B4,syncopated,no_memory,6,affe2ee17b25430d,0.757038950920105,8.95,0.012755102040816327,0.25,0.75,0.1346666666666665,0.0061101009266082765,9,1,50.275848388671875,0.7156431078910828
B4_syncopated_no_memory_s07,B4,syncopated,no_memory,7,512c04b661ee2999,0.509515106678009,8.277777777777779,0.02295918367346939,0.6666666666666666,1.0,0.1295,0.007387247699341613,4,0,42.96150207519531,0.6729762554168701
B4_syncopated_sequence_specific_s00,B4,syncopated,sequence_specific,0,affe2ee17b25430d,0.7604732513427734,8.770833333333334,0.030612244897959183,0.08333333333333333,0.058823529411764705,0.08599999999999985,,11,16,152.4934539794922,1.3495813608169556
B4_syncopated_sequence_specific_s01,B4,syncopated,sequence_specific,1,512c04b661ee2999,0.7668973207473755,8.76923076923077,0.03316326530612245,0.25,0.13043478260869565,0.07000000000000021,0.06791170738539876,9,20,148.51194763183594,1.2885088920593262
B4_syncopated_sequence_specific_s02,B4,syncopated,sequence_specific,2,71e12dc0dd1bb054,0.7671394944190979,9.375,0.02040816326530612,0.0,0.0,,,12,14,112.71601867675781,1.1707940101623535
B4_syncopated_sequence_specific_s03,B4,syncopated,sequence_specific,3,affe2ee17b25430d,0.7120514512062073,8.65,0.025510204081632654,0.08333333333333333,0.058823529411764705,0.08599999999999985,,11,16,152.4934539794922,1.3495813608169556
B4_syncopated_sequence_specific_s04,B4,syncopated,sequence_specific,4,512c04b661ee2999,0.674904465675354,8.839285714285714,0.03571428571428571,0.25,0.13043478260869565,0.07000000000000021,0.06791170738539876,9,20,148.51194763183594,1.2885088920593262
B4_syncopated_sequence_specific_s05,B4,syncopated,sequence_specific,5,71e12dc0dd1bb054,0.7126476168632507,8.75,0.02040816326530612,0.0,0.0,,,12,14,112.71601867675781,1.1707940101623535
B4_syncopated_sequence_specific_s06,B4,syncopated,sequence_specific,6,affe2ee17b25430d,0.7432184219360352,8.95,0.012755102040816327,0.08333333333333333,0.058823529411764705,0.08599999999999985,,11,16,152.4934539794922,1.3495813608169556
B4_syncopated_sequence_specific_s07,B4,syncopated,sequence_specific,7,512c04b661ee2999,0.5048639178276062,8.36111111111111,0.02295918367346939,0.25,0.13043478260869565,0.07000000000000021,0.06791170738539876,9,20,148.51194763183594,1.2885088920593262
B5_curved_reach_direct_s00,B5,curved_reach,direct,0,1d3eb94610b602b8,0.8381962180137634,8.770833333333334,0.030612244897959183,0.9166666666666666,0.8461538461538461,0.09145454545454523,0.008767709351519746,1,2,104.15679931640625,1.0790060758590698
B5_curved_reach_direct_s01,B5,curved_reach,direct,1,d4b5f24b166dfc13,0.7627661228179932,8.76923076923077,0.03316326530612245,1.0,0.8571428571428571,0.09033333333333315,0.008896713727636448,0,2,83.38680267333984,0.9647610187530518
B5_curved_reach_direct_s02,B5,curved_reach,direct,2,9c27d0905127f2eb,0.7552460432052612,9.375,0.02040816326530612,0.8333333333333334,0.37037037037037035,0.10519999999999989,0.023817827123583147,2,17,143.8072967529297,1.2805472612380981
B5_curved_reach_direct_s03,B5,curved_reach,direct,3,1d3eb94610b602b8,0.7485838532447815,8.65,0.025510204081632654,0.9166666666666666,0.8461538461538461,0.09145454545454523,0.008767709351519746,1,2,104.15679931640625,1.0790060758590698
B5_curved_reach_direct_s04,B5,curved_reach,direct,4,d4b5f24b166dfc13,0.6929076313972473,8.839285714285714,0.03571428571428571,1.0,0.8571428571428571,0.09033333333333315,0.008896713727636448,0,2,83.38680267333984,0.9647610187530518
B5_curved_reach_direct_s05,B5,curved_reach,direct,5,9c27d0905127f2eb,0.696296751499176,8.75,0.02040816326530612,0.8333333333333334,0.37037037037037035,0.10519999999999989,0.023817827123583147,2,17,143.8072967529297,1.2805472612380981
B5_curved_reach_direct_s06,B5,curved_reach,direct,6,1d3eb94610b602b8,0.7570793628692627,8.95,0.012755102040816327,0.9166666666666666,0.8461538461538461,0.09145454545454523,0.008767709351519746,1,2,104.15679931640625,1.0790060758590698
B5_curved_reach_direct_s07,B5,curved_reach,direct,7,d4b5f24b166dfc13,0.5067474842071533,8.36111111111111,0.02295918367346939,1.0,0.8571428571428571,0.09033333333333315,0.008896713727636448,0,2,83.38680267333984,0.9647610187530518
B5_curved_reach_full_s00,B5,curved_reach,full,0,1d3eb94610b602b8,0.8514146208763123,8.770833333333334,0.030612244897959183,0.75,1.0,0.11311111111111104,0.00425571511160112,3,0,40.544776916503906,0.6564413905143738
B5_curved_reach_full_s01,B5,curved_reach,full,1,d4b5f24b166dfc13,0.7686684131622314,8.76923076923077,0.03316326530612245,0.5,1.0,0.11099999999999999,0.0010954451150104547,6,0,28.073083877563477,0.5441538691520691
B5_curved_reach_full_s02,B5,curved_reach,full,2,9c27d0905127f2eb,0.7524205446243286,9.375,0.02040816326530612,0.5833333333333334,1.0,0.11485714285714284,0.005398412465054488,5,0,54.09706115722656,0.7601024508476257
B5_curved_reach_full_s03,B5,curved_reach,full,3,1d3eb94610b602b8,0.6883385181427002,8.625,0.025510204081632654,0.75,1.0,0.11266666666666664,0.0045825756949557555,3,0,40.610801696777344,0.6573579907417297
B5_curved_reach_full_s04,B5,curved_reach,full,4,d4b5f24b166dfc13,0.6804208159446716,8.839285714285714,0.03571428571428571,0.5,1.0,0.10866666666666654,0.0010327955589886453,6,0,28.343711853027344,0.548382043838501
B5_curved_reach_full_s05,B5,curved_reach,full,5,9c27d0905127f2eb,0.700128436088562,8.75,0.02040816326530612,0.5833333333333334,1.0,0.116,0.005773502691896122,5,0,53.118289947509766,0.7568765878677368
B5_curved_reach_full_s06,B5,curved_reach,full,6,1d3eb94610b602b8,0.7558886408805847,8.95,0.012755102040816327,0.08333333333333333,1.0,0.11199999999999921,,11,0,30.555696487426758,0.5646653175354004
B5_curved_reach_full_s07,B5,curved_reach,full,7,d4b5f24b166dfc13,0.4979773163795471,8.277777777777779,0.02295918367346939,0.5,1.0,0.11166666666666673,0.0015055453054180943,6,0,27.966758728027344,0.543487548828125
B5_direct_reach_direct_s00,B5,direct_reach,direct,0,1d3eb94610b602b8,0.8354341387748718,8.770833333333334,0.030612244897959183,0.9166666666666666,0.9166666666666666,0.09163636363636347,0.0076324665380558794,1,1,98.93209838867188,1.05612051486969
B5_direct_reach_direct_s01,B5,direct_reach,direct,1,d4b5f24b166dfc13,0.7641048431396484,8.76923076923077,0.03316326530612245,1.0,0.9230769230769231,0.09049999999999982,0.007821880731756013,0,1,80.28240966796875,0.9500788450241089
B5_direct_reach_direct_s02,B5,direct_reach,direct,2,9c27d0905127f2eb,0.7573995590209961,9.375,0.02040816326530612,0.8333333333333334,0.5263157894736842,0.10499999999999984,0.018956089610817312,2,9,141.089599609375,1.2738510370254517
B5_direct_reach_direct_s03,B5,direct_reach,direct,3,1d3eb94610b602b8,0.7432919144630432,8.65,0.025510204081632654,0.9166666666666666,0.9166666666666666,0.09163636363636347,0.0076324665380558794,1,1,98.93209838867188,1.05612051486969
B5_direct_reach_direct_s04,B5,direct_reach,direct,4,d4b5f24b166dfc13,0.6938747763633728,8.839285714285714,0.03571428571428571,1.0,0.9230769230769231,0.09049999999999982,0.007821880731756013,0,1,80.28240966796875,0.9500788450241089
B5_direct_reach_direct_s05,B5,direct_reach,direct,5,9c27d0905127f2eb,0.6987781524658203,8.75,0.02040816326530612,0.8333333333333334,0.5263157894736842,0.10499999999999984,0.018956089610817312,2,9,141.089599609375,1.2738510370254517
B5_direct_reach_direct_s06,B5,direct_reach,direct,6,1d3eb94610b602b8,0.7585718631744385,8.95,0.012755102040816327,0.9166666666666666,0.9166666666666666,0.09163636363636347,0.0076324665380558794,1,1,98.93209838867188,1.05612051486969
B5_direct_reach_direct_s07,B5,direct_reach,direct,7,d4b5f24b166dfc13,0.507215142250061,8.36111111111111,0.02295918367346939,1.0,0.9230769230769231,0.09049999999999982,0.007821880731756013,0,1,80.28240966796875,0.9500788450241089
B5_direct_reach_full_s00,B5,direct_reach,full,0,1d3eb94610b602b8,0.8489608764648438,8.770833333333334,0.030612244897959183,0.75,1.0,0.11244444444444435,0.003126943839882072,3,0,38.106109619140625,0.6397626996040344
B5_direct_reach_full_s01,B5,direct_reach,full,1,d4b5f24b166dfc13,0.7663645148277283,8.76923076923077,0.03316326530612245,0.5,1.0,0.11033333333333335,0.001505545305418301,6,0,26.246728897094727,0.5285724997520447
B5_direct_reach_full_s02,B5,direct_reach,full,2,9c27d0905127f2eb,0.7541923522949219,9.375,0.02040816326530612,0.5833333333333334,1.0,0.1134285714285715,0.0035989416433697056,5,0,52.01124572753906,0.7480987906455994
B5_direct_reach_full_s03,B5,direct_reach,full,3,1d3eb94610b602b8,0.6885367631912231,8.65,0.025510204081632654,0.75,1.0,0.11222222222222215,0.003382963855030542,3,0,38.15214538574219,0.6408835053443909
B5_direct_reach_full_s04,B5,direct_reach,full,4,d4b5f24b166dfc13,0.6816808581352234,8.839285714285714,0.03571428571428571,0.5,1.0,0.10866666666666654,0.0010327955589886453,6,0,26.458927154541016,0.5332122445106506
B5_direct_reach_full_s05,B5,direct_reach,full,5,9c27d0905127f2eb,0.7008326053619385,8.75,0.02040816326530612,0.5833333333333334,1.0,0.1154285714285715,0.0053807416730762715,5,0,51.19091796875,0.7451908588409424
B5_direct_reach_full_s06,B5,direct_reach,full,6,1d3eb94610b602b8,0.7559146285057068,8.95,0.012755102040816327,0.08333333333333333,1.0,0.11199999999999921,,11,0,25.96390724182129,0.5215659141540527
B5_direct_reach_full_s07,B5,direct_reach,full,7,d4b5f24b166dfc13,0.49818155169487,8.277777777777779,0.02295918367346939,0.5,1.0,0.1113333333333334,0.001632993161855381,6,0,26.111289978027344,0.527776837348938
B5_soft_force_direct_s00,B5,soft_force,direct,0,1d3eb94610b602b8,0.829662024974823,8.770833333333334,0.030612244897959183,0.9166666666666666,1.0,0.11418181818181808,0.008219710235989768,1,0,60.09904098510742,0.9019075036048889
B5_soft_force_direct_s01,B5,soft_force,direct,1,d4b5f24b166dfc13,0.7643445134162903,8.76923076923077,0.03316326530612245,1.0,1.0,0.11266666666666643,0.008626948616065904,0,0,47.47858810424805,0.8029090166091919
B5_soft_force_direct_s02,B5,soft_force,direct,2,9c27d0905127f2eb,0.7644246816635132,9.375,0.02040816326530612,0.75,0.391304347826087,0.12555555555555553,0.017198191119352637,3,14,89.91426086425781,1.104781150817871
B5_soft_force_direct_s03,B5,soft_force,direct,3,1d3eb94610b602b8,0.7332921028137207,8.65,0.025510204081632654,0.9166666666666666,1.0,0.11418181818181808,0.008219710235989768,1,0,60.09904098510742,0.9019075036048889
B5_soft_force_direct_s04,B5,soft_force,direct,4,d4b5f24b166dfc13,0.6937128305435181,8.839285714285714,0.03571428571428571,1.0,1.0,0.11266666666666643,0.008626948616065904,0,0,47.47858810424805,0.8029090166091919
B5_soft_force_direct_s05,B5,soft_force,direct,5,9c27d0905127f2eb,0.6930121183395386,8.75,0.02040816326530612,0.75,0.391304347826087,0.12555555555555553,0.017198191119352637,3,14,89.91426086425781,1.104781150817871
B5_soft_force_direct_s06,B5,soft_force,direct,6,1d3eb94610b602b8,0.7570609450340271,8.95,0.012755102040816327,0.9166666666666666,1.0,0.11418181818181808,0.008219710235989768,1,0,60.09904098510742,0.9019075036048889
B5_soft_force_direct_s07,B5,soft_force,direct,7,d4b5f24b166dfc13,0.5055379867553711,8.36111111111111,0.02295918367346939,1.0,1.0,0.11266666666666643,0.008626948616065904,0,0,47.47858810424805,0.8029090166091919
B5_soft_force_full_s00,B5,soft_force,full,0,1d3eb94610b602b8,0.8457551002502441,8.770833333333334,0.030612244897959183,0.0,0.0,,,12,0,20.891836166381836,0.5219894647598267
B5_soft_force_full_s01,B5,soft_force,full,1,d4b5f24b166dfc13,0.7639691233634949,8.76923076923077,0.03316326530612245,0.0,0.0,,,12,0,14.103734970092773,0.4278358221054077
B5_soft_force_full_s02,B5,soft_force,full,2,9c27d0905127f2eb,0.751305341720581,9.375,0.02040816326530612,0.0,0.0,,,12,0,30.13411521911621,0.6283418536186218
B5_soft_force_full_s03,B5,soft_force,full,3,1d3eb94610b602b8,0.6941308379173279,8.65,0.025510204081632654,0.08333333333333333,1.0,0.1379999999999999,,11,0,20.959735870361328,0.5229861736297607
B5_soft_force_full_s04,B5,soft_force,full,4,d4b5f24b166dfc13,0.6827399134635925,8.839285714285714,0.03571428571428571,0.08333333333333333,1.0,0.137999999999999,,11,0,14.326668739318848,0.4315261244773865
B5_soft_force_full_s05,B5,soft_force,full,5,9c27d0905127f2eb,0.702635645866394,8.75,0.02040816326530612,0.0,0.0,,,12,0,29.729293823242188,0.626977264881134
B5_soft_force_full_s06,B5,soft_force,full,6,1d3eb94610b602b8,0.7558211088180542,8.95,0.012755102040816327,0.0,0.0,,,12,0,14.766207695007324,0.4366185665130615
B5_soft_force_full_s07,B5,soft_force,full,7,d4b5f24b166dfc13,0.5003892183303833,8.277777777777779,0.02295918367346939,0.0,0.0,,,12,0,14.027281761169434,0.42713984847068787
