experiment_id,condition,variant,metric,n,n_seeds,n_sequences,n_connectome_instances,mean,median,sd,ci_low,ci_high
A1,tonic,full,motor_rhythm_power,8,8,0,1,0.7290860116481781,0.7448402047157288,0.08226655551335965,0.6709826320409775,0.7763156369328499
A1,tonic,full,motor_frequency_hz,8,8,0,1,8.79776594932845,8.770032051282051,0.3056940414571882,8.595502232142856,9.001888020833334
A1,tonic,full,oscillating_mn_fraction,8,8,0,1,0.02519132653061224,0.02423469387755102,0.007645465132072612,0.020089285714285712,0.02998246173469391
A1,tonic,full,key_accuracy,0,8,0,1,,,,,
A1,tonic,full,precision,8,8,0,1,0.0,0.0,0.0,0.0,0.0
A1,tonic,full,timing_mae_s,0,8,0,1,,,,,
A1,tonic,full,timing_jitter_s,0,8,0,1,,,,,
A1,tonic,full,misses,8,8,0,1,0.0,0.0,0.0,0.0,0.0
A1,tonic,full,extra_contacts,8,8,0,1,0.0,0.0,0.0,0.0,0.0
A1,tonic,full,energy_proxy,8,8,0,1,12.19251698255539,9.731197834014893,7.893678871086158,7.241843079030514,17.607898473739624
A1,tonic,full,joint_velocity_rms,8,8,0,1,0.2059099990874529,0.193742074072361,0.06901582842629003,0.16189845656044782,0.25195407564751804
A1,tonic,no_cpg,motor_rhythm_power,8,8,0,1,0.0,0.0,0.0,0.0,0.0
A1,tonic,no_cpg,motor_frequency_hz,0,8,0,1,,,,,
A1,tonic,no_cpg,oscillating_mn_fraction,8,8,0,1,0.0,0.0,0.0,0.0,0.0
A1,tonic,no_cpg,key_accuracy,0,8,0,1,,,,,
A1,tonic,no_cpg,precision,8,8,0,1,0.0,0.0,0.0,0.0,0.0
A1,tonic,no_cpg,timing_mae_s,0,8,0,1,,,,,
A1,tonic,no_cpg,timing_jitter_s,0,8,0,1,,,,,
A1,tonic,no_cpg,misses,8,8,0,1,0.0,0.0,0.0,0.0,0.0
A1,tonic,no_cpg,extra_contacts,8,8,0,1,0.0,0.0,0.0,0.0,0.0
A1,tonic,no_cpg,energy_proxy,8,8,0,1,0.0930186603218317,0.08835826441645622,0.010700120864113576,0.08682958879508078,0.10047174154315144
A1,tonic,no_cpg,joint_velocity_rms,8,8,0,1,0.03148649586364627,0.03065976407378912,0.001929822377604712,0.030367546383058653,0.032830665429355574
A1,tonic,no_delay,motor_rhythm_power,8,8,0,1,0.2853160575032234,0.2519491910934448,0.3064590866524232,0.07450317591428757,0.49539215862751007
A1,tonic,no_delay,motor_frequency_hz,4,8,0,1,14.375,14.75,1.1273124382057236,13.3125,15.125
A1,tonic,no_delay,oscillating_mn_fraction,8,8,0,1,0.0035076530612244894,0.002551020408163265,0.0038416852482339677,0.0009566326530612245,0.006058673469387755
A1,tonic,no_delay,key_accuracy,0,8,0,1,,,,,
A1,tonic,no_delay,precision,8,8,0,1,0.0,0.0,0.0,0.0,0.0
A1,tonic,no_delay,timing_mae_s,0,8,0,1,,,,,
A1,tonic,no_delay,timing_jitter_s,0,8,0,1,,,,,
A1,tonic,no_delay,misses,8,8,0,1,0.0,0.0,0.0,0.0,0.0
A1,tonic,no_delay,extra_contacts,8,8,0,1,0.0,0.0,0.0,0.0,0.0
A1,tonic,no_delay,energy_proxy,8,8,0,1,0.5415973532944918,0.45164352655410767,0.2919571499035906,0.3624265916645527,0.744200033787638
A1,tonic,no_delay,joint_velocity_rms,8,8,0,1,0.05949343694373965,0.06061733886599541,0.012127091848211848,0.052195241313893345,0.067907320917584
A1,tonic,no_dn,motor_rhythm_power,8,8,0,1,0.0,0.0,0.0,0.0,0.0
A1,tonic,no_dn,motor_frequency_hz,0,8,0,1,,,,,
A1,tonic,no_dn,oscillating_mn_fraction,8,8,0,1,0.0,0.0,0.0,0.0,0.0
A1,tonic,no_dn,key_accuracy,0,8,0,1,,,,,
A1,tonic,no_dn,precision,8,8,0,1,0.0,0.0,0.0,0.0,0.0
A1,tonic,no_dn,timing_mae_s,0,8,0,1,,,,,
A1,tonic,no_dn,timing_jitter_s,0,8,0,1,,,,,
A1,tonic,no_dn,misses,8,8,0,1,0.0,0.0,0.0,0.0,0.0
A1,tonic,no_dn,extra_contacts,8,8,0,1,0.0,0.0,0.0,0.0,0.0
A1,tonic,no_dn,energy_proxy,8,8,0,1,0.08412132412195206,0.08412132412195206,0.0,0.08412132412195206,0.08412132412195206
A1,tonic,no_dn,joint_velocity_rms,8,8,0,1,0.029856404289603233,0.029856404289603233,0.0,0.029856404289603233,0.029856404289603233
A1,tonic,no_inhibition,motor_rhythm_power,8,8,0,1,0.0,0.0,0.0,0.0,0.0
A1,tonic,no_inhibition,motor_frequency_hz,0,8,0,1,,,,,
A1,tonic,no_inhibition,oscillating_mn_fraction,8,8,0,1,0.0,0.0,0.0,0.0,0.0
A1,tonic,no_inhibition,key_accuracy,0,8,0,1,,,,,
A1,tonic,no_inhibition,precision,8,8,0,1,0.0,0.0,0.0,0.0,0.0
A1,tonic,no_inhibition,timing_mae_s,0,8,0,1,,,,,
A1,tonic,no_inhibition,timing_jitter_s,0,8,0,1,,,,,
A1,tonic,no_inhibition,misses,8,8,0,1,0.0,0.0,0.0,0.0,0.0
A1,tonic,no_inhibition,extra_contacts,8,8,0,1,5.375,6.0,1.9226098333849673,4.125,6.5
A1,tonic,no_inhibition,energy_proxy,8,8,0,1,6.757036864757538,7.0670201778411865,1.5743966377959608,5.747658729553223,7.7732758358120915
A1,tonic,no_inhibition,joint_velocity_rms,8,8,0,1,0.2811814658343792,0.28454549610614777,0.03146177334347526,0.2609207762405276,0.3011743947863579
A1,tonic,randomized,motor_rhythm_power,8,8,0,1,0.0,0.0,0.0,0.0,0.0
A1,tonic,randomized,motor_frequency_hz,0,8,0,1,,,,,
A1,tonic,randomized,oscillating_mn_fraction,8,8,0,1,0.0,0.0,0.0,0.0,0.0
A1,tonic,randomized,key_accuracy,0,8,0,1,,,,,
A1,tonic,randomized,precision,8,8,0,1,0.0,0.0,0.0,0.0,0.0
A1,tonic,randomized,timing_mae_s,0,8,0,1,,,,,
A1,tonic,randomized,timing_jitter_s,0,8,0,1,,,,,
A1,tonic,randomized,misses,8,8,0,1,0.0,0.0,0.0,0.0,0.0
A1,tonic,randomized,extra_contacts,8,8,0,1,7.375,7.5,1.685018016012207,6.25,8.5
A1,tonic,randomized,energy_proxy,8,8,0,1,9.545703887939453,9.276047706604004,1.3201028596478532,8.715270626544953,10.445658922195435
A1,tonic,randomized,joint_velocity_rms,8,8,0,1,0.3243129774928093,0.3216424584388733,0.02169493162516009,0.31061206283047793,0.33892277255654335
A2,down_large,full,motor_rhythm_power,8,8,3,1,0.02365223760716617,0.024223272688686848,0.011697638983898103,0.015344953862950206,0.03046948807896115
A2,down_large,full,motor_frequency_hz,7,8,3,1,1.0,1.0,0.0,1.0,1.0
A2,down_large,full,oscillating_mn_fraction,8,8,3,1,0.0047831632653061226,0.00510204081632653,0.0031796516703015937,0.002869897959183673,0.006696428571428571
A2,down_large,full,key_accuracy,8,8,3,1,0.3125,0.3333333333333333,0.13176156917368248,0.21875,0.375
A2,down_large,full,precision,8,8,3,1,0.875,1.0,0.3535533905932738,0.625,1.0
A2,down_large,full,timing_mae_s,7,8,3,1,0.11207142857142857,0.11200000000000002,0.0023171205447813,0.11057142857142857,0.11378571428571428
A2,down_large,full,timing_jitter_s,7,8,3,1,0.0023900447197298144,0.0014142135623730963,0.002095516523325128,0.0012288471166631986,0.003911078667393642
A2,down_large,full,misses,8,8,3,1,8.25,8.0,1.5811388300841898,7.5,9.375
A2,down_large,full,extra_contacts,8,8,3,1,0.0,0.0,0.0,0.0,0.0
A2,down_large,full,energy_proxy,8,8,3,1,31.43884563446045,28.054959297180176,10.180702801004713,25.567286014556885,38.418603122234344
A2,down_large,full,joint_velocity_rms,8,8,3,1,0.5746724493801594,0.5463085174560547,0.09258128602829101,0.5214818380773067,0.6388527401722968
A2,down_large,no_cpg,motor_rhythm_power,8,8,3,1,0.0,0.0,0.0,0.0,0.0
A2,down_large,no_cpg,motor_frequency_hz,0,8,3,1,,,,,
A2,down_large,no_cpg,oscillating_mn_fraction,8,8,3,1,0.0,0.0,0.0,0.0,0.0
A2,down_large,no_cpg,key_accuracy,8,8,3,1,0.10416666666666666,0.0,0.146045763647444,0.03125,0.20833333333333331
A2,down_large,no_cpg,precision,8,8,3,1,0.375,0.0,0.5175491695067657,0.125,0.75
A2,down_large,no_cpg,timing_mae_s,3,8,3,1,0.11344444444444451,0.11466666666666676,0.002116950987028659,0.11100000000000004,0.11466666666666676
A2,down_large,no_cpg,timing_jitter_s,3,8,3,1,0.0034641016151377795,0.004618802153517011,0.001999999999999965,0.0011547005383793166,0.004618802153517011
A2,down_large,no_cpg,misses,8,8,3,1,10.75,12.0,1.7525491637693282,9.5,11.625
A2,down_large,no_cpg,extra_contacts,8,8,3,1,0.0,0.0,0.0,0.0,0.0
A2,down_large,no_cpg,energy_proxy,8,8,3,1,26.802024126052856,23.03765296936035,11.75929964621992,19.51136350631714,35.05765247344971
A2,down_large,no_cpg,joint_velocity_rms,8,8,3,1,0.526527401059866,0.49715474247932434,0.11410260447854863,0.4540712311863899,0.602730218321085
A2,down_large,no_feedback,motor_rhythm_power,8,8,3,1,0.023722421610727906,0.024799986742436886,0.01164006817316497,0.015402138233184814,0.03044745022780262
A2,down_large,no_feedback,motor_frequency_hz,7,8,3,1,1.0,1.0,0.0,1.0,1.0
A2,down_large,no_feedback,oscillating_mn_fraction,8,8,3,1,0.0047831632653061226,0.00510204081632653,0.0031796516703015937,0.002869897959183673,0.006696428571428571
A2,down_large,no_feedback,key_accuracy,8,8,3,1,0.3125,0.3333333333333333,0.13176156917368248,0.21875,0.375
A2,down_large,no_feedback,precision,8,8,3,1,0.875,1.0,0.3535533905932738,0.625,1.0
A2,down_large,no_feedback,timing_mae_s,7,8,3,1,0.11221428571428572,0.11200000000000002,0.0026435005651777722,0.11057142857142857,0.11421428571428571
A2,down_large,no_feedback,timing_jitter_s,7,8,3,1,0.002621173184344436,0.0014142135623730963,0.0026532838551828882,0.0012288471166631986,0.004604464061237508
A2,down_large,no_feedback,misses,8,8,3,1,8.25,8.0,1.5811388300841898,7.5,9.375
A2,down_large,no_feedback,extra_contacts,8,8,3,1,0.0,0.0,0.0,0.0,0.0
A2,down_large,no_feedback,energy_proxy,8,8,3,1,31.44413161277771,28.05829620361328,10.187901385576128,25.567286014556885,38.427527481317526
A2,down_large,no_feedback,joint_velocity_rms,8,8,3,1,0.5746462307870388,0.546283096075058,0.09255475947037037,0.5214818380773067,0.6388141938485206
A2,down_small,full,motor_rhythm_power,8,8,3,1,0.5100218616425991,0.521258682012558,0.17352154415141488,0.40114749744534495,0.6232789697125555
A2,down_small,full,motor_frequency_hz,8,8,3,1,8.020238095238096,8.291666666666668,0.731026054919058,7.477083333333334,8.430059523809526
A2,down_small,full,oscillating_mn_fraction,8,8,3,1,0.01020408163265306,0.008928571428571428,0.004723571937615059,0.007334183673469387,0.013392857142857142
A2,down_small,full,key_accuracy,8,8,3,1,0.35416666666666663,0.4166666666666667,0.15268756355215074,0.23958333333333334,0.4375
A2,down_small,full,precision,8,8,3,1,0.875,1.0,0.3535533905932738,0.625,1.0
A2,down_small,full,timing_mae_s,7,8,3,1,0.1127190476190476,0.11200000000000002,0.002136790353748581,0.11134285714285715,0.11425238095238092
A2,down_small,full,timing_jitter_s,7,8,3,1,0.003357414488731573,0.00244948974278309,0.002132853161689795,0.0019443562163113874,0.004915241318541967
A2,down_small,full,misses,8,8,3,1,7.75,7.0,1.8322507626258087,6.75,9.125
A2,down_small,full,extra_contacts,8,8,3,1,0.0,0.0,0.0,0.0,0.0
A2,down_small,full,energy_proxy,8,8,3,1,32.3039345741272,28.769380569458008,10.057838919051706,26.352033424377442,39.05081629753113
A2,down_small,full,joint_velocity_rms,8,8,3,1,0.5823703594505787,0.5538642108440399,0.08932412031111597,0.529562562983483,0.6427174635231495
A2,down_small,no_cpg,motor_rhythm_power,8,8,3,1,0.0,0.0,0.0,0.0,0.0
A2,down_small,no_cpg,motor_frequency_hz,0,8,3,1,,,,,
A2,down_small,no_cpg,oscillating_mn_fraction,8,8,3,1,0.0,0.0,0.0,0.0,0.0
A2,down_small,no_cpg,key_accuracy,8,8,3,1,0.11458333333333334,0.0,0.16629422672260707,0.03125,0.22916666666666669
A2,down_small,no_cpg,precision,8,8,3,1,0.375,0.0,0.5175491695067657,0.125,0.75
A2,down_small,no_cpg,timing_mae_s,3,8,3,1,0.1136444444444445,0.11466666666666676,0.0017705408255149057,0.11159999999999999,0.11466666666666676
A2,down_small,no_cpg,timing_jitter_s,3,8,3,1,0.003636974786700716,0.004618802153517011,0.0017005748835873878,0.0016733200530681261,0.004618802153517011
A2,down_small,no_cpg,misses,8,8,3,1,10.625,12.0,1.9955307206712847,9.25,11.625
A2,down_small,no_cpg,extra_contacts,8,8,3,1,0.0,0.0,0.0,0.0,0.0
A2,down_small,no_cpg,energy_proxy,8,8,3,1,26.980629205703735,23.03765296936035,11.709653032993723,19.868573665618896,35.05765247344971
A2,down_small,no_cpg,joint_velocity_rms,8,8,3,1,0.5284274481236935,0.49715474247932434,0.11369514607476046,0.45787132531404495,0.6031212732195854
A2,down_small,no_feedback,motor_rhythm_power,8,8,3,1,0.5143762789666653,0.5240922719240189,0.18570268388371736,0.39962951466441154,0.6343129536136985
A2,down_small,no_feedback,motor_frequency_hz,8,8,3,1,8.018154761904762,8.291666666666668,0.7199581313412287,7.501436011904762,8.430059523809524
A2,down_small,no_feedback,oscillating_mn_fraction,8,8,3,1,0.01020408163265306,0.008928571428571428,0.004723571937615059,0.007334183673469387,0.013392857142857142
A2,down_small,no_feedback,key_accuracy,8,8,3,1,0.34375,0.375,0.15064346112909244,0.23958333333333331,0.42708333333333337
A2,down_small,no_feedback,precision,8,8,3,1,0.875,1.0,0.3535533905932738,0.625,1.0
A2,down_small,no_feedback,timing_mae_s,7,8,3,1,0.11288095238095235,0.11200000000000002,0.0025142451295425646,0.11128571428571428,0.1147142857142857
A2,down_small,no_feedback,timing_jitter_s,7,8,3,1,0.0037395567300159732,0.00244948974278309,0.0027093462180099847,0.0019809308740137495,0.005722847606909018
A2,down_small,no_feedback,misses,8,8,3,1,7.875,7.5,1.807721533549109,6.875,9.125
A2,down_small,no_feedback,extra_contacts,8,8,3,1,0.0,0.0,0.0,0.0,0.0
A2,down_small,no_feedback,energy_proxy,8,8,3,1,32.33751392364502,28.772717475891113,10.158907489435101,26.342868041992187,39.081624031066895
A2,down_small,no_feedback,joint_velocity_rms,8,8,3,1,0.5812918059527874,0.5538395047187805,0.08948692588745662,0.5286576369777322,0.6420898382551968
A2,up_large,full,motor_rhythm_power,8,8,3,1,0.572907343506813,0.5495682656764984,0.07448726413057277,0.5279102759435773,0.6219197364524007
A2,up_large,full,motor_frequency_hz,8,8,3,1,8.804178838075009,8.854482323232324,0.2738207334886762,8.63016079182914,8.981017205730538
A2,up_large,full,oscillating_mn_fraction,8,8,3,1,0.08035714285714285,0.08035714285714285,0.00851554041220694,0.07493622448979592,0.0857780612244898
A2,up_large,full,key_accuracy,8,8,3,1,0.5833333333333334,0.5416666666666667,0.14085904245475278,0.5,0.6770833333333334
A2,up_large,full,precision,8,8,3,1,1.0,1.0,0.0,1.0,1.0
A2,up_large,full,timing_mae_s,8,8,3,1,0.1053714285714285,0.1057666666666666,0.0020840579886443255,0.10395833333333329,0.10667633928571421
A2,up_large,full,timing_jitter_s,8,8,3,1,0.0102375208156318,0.010355336868366458,0.0031365580616038806,0.008232404240818763,0.012238017707297915
A2,up_large,full,misses,8,8,3,1,5.0,5.5,1.6903085094570331,3.875,6.0
A2,up_large,full,extra_contacts,8,8,3,1,0.0,0.0,0.0,0.0,0.0
A2,up_large,full,energy_proxy,8,8,3,1,38.39028286933899,37.37068748474121,11.285191756998934,31.203989362716676,46.070415234565736
A2,up_large,full,joint_velocity_rms,8,8,3,1,0.6362504214048386,0.6297096908092499,0.09400901547317031,0.576050678268075,0.6998079245910048
A2,up_large,no_cpg,motor_rhythm_power,8,8,3,1,0.03156654303893447,0.031589437276124954,0.0012139304948782282,0.03079438067506999,0.03236466587986797
A2,up_large,no_cpg,motor_frequency_hz,8,8,3,1,1.0,1.0,0.0,1.0,1.0
A2,up_large,no_cpg,oscillating_mn_fraction,8,8,3,1,0.01211734693877551,0.011479591836734693,0.002261237909254894,0.010841836734693876,0.01371173469387755
A2,up_large,no_cpg,key_accuracy,8,8,3,1,0.36458333333333337,0.375,0.14041816800101725,0.2708333333333333,0.4479166666666667
A2,up_large,no_cpg,precision,8,8,3,1,1.0,1.0,0.0,1.0,1.0
A2,up_large,no_cpg,timing_mae_s,8,8,3,1,0.10827499999999982,0.1071666666666665,0.004401325557904942,0.10546239583333304,0.1111083333333332
A2,up_large,no_cpg,timing_jitter_s,8,8,3,1,0.004910365814762941,0.004338676126167974,0.0012212285298582276,0.004228059712030513,0.005762990942089278
A2,up_large,no_cpg,misses,8,8,3,1,7.625,7.5,1.685018016012207,6.625,8.75
A2,up_large,no_cpg,extra_contacts,8,8,3,1,0.0,0.0,0.0,0.0,0.0
A2,up_large,no_cpg,energy_proxy,8,8,3,1,31.821552515029907,29.259835243225098,12.314234771537027,24.140208035707474,39.99965928792953
A2,up_large,no_cpg,joint_velocity_rms,8,8,3,1,0.5763015672564507,0.5615972876548767,0.11212105732491293,0.5054807955399155,0.6522505240514874
A2,up_large,no_feedback,motor_rhythm_power,8,8,3,1,0.5726260542869568,0.5480503737926483,0.07700766547583125,0.5270921364426613,0.6236842513084412
A2,up_large,no_feedback,motor_frequency_hz,8,8,3,1,8.803170773558879,8.854482323232324,0.2720217814979813,8.63016079182914,8.978285980932151
A2,up_large,no_feedback,oscillating_mn_fraction,8,8,3,1,0.08035714285714285,0.08035714285714285,0.00851554041220694,0.07493622448979592,0.0857780612244898
A2,up_large,no_feedback,key_accuracy,8,8,3,1,0.5833333333333334,0.5416666666666667,0.14085904245475278,0.5,0.6770833333333334
A2,up_large,no_feedback,precision,8,8,3,1,1.0,1.0,0.0,1.0,1.0
A2,up_large,no_feedback,timing_mae_s,8,8,3,1,0.10549999999999993,0.10539999999999994,0.002252140039754465,0.10401065476190474,0.10692398809523805
A2,up_large,no_feedback,timing_jitter_s,8,8,3,1,0.010129386939659304,0.010198911586510052,0.0030836200250008703,0.008112768846002752,0.01207977695935849
A2,up_large,no_feedback,misses,8,8,3,1,5.0,5.5,1.6903085094570331,3.875,6.0
A2,up_large,no_feedback,extra_contacts,8,8,3,1,0.0,0.0,0.0,0.0,0.0
A2,up_large,no_feedback,energy_proxy,8,8,3,1,38.36685299873352,37.2839469909668,11.249122215464403,31.197023576498033,46.04567185640335
A2,up_large,no_feedback,joint_velocity_rms,8,8,3,1,0.6359146535396576,0.6284155547618866,0.09410387567580723,0.5758127409964799,0.6997113462537528
A2,up_small,full,motor_rhythm_power,8,8,3,1,0.6858429908752441,0.6886585354804993,0.0637983311653789,0.6416318766772747,0.7232175318524241
A2,up_small,full,motor_frequency_hz,8,8,3,1,8.97248220784526,8.907828282828284,0.1962939907177608,8.858812156491386,9.117107658285853
A2,up_small,full,oscillating_mn_fraction,8,8,3,1,0.04049744897959184,0.042091836734693876,0.00968404250203878,0.03443877551020408,0.046875
A2,up_small,full,key_accuracy,8,8,3,1,0.5625,0.5416666666666667,0.1390871600660467,0.47916666666666663,0.65625
A2,up_small,full,precision,8,8,3,1,1.0,1.0,0.0,1.0,1.0
A2,up_small,full,timing_mae_s,8,8,3,1,0.10905753968253959,0.10901587301587293,0.002640160043696083,0.10726582341269833,0.1106968253968253
A2,up_small,full,timing_jitter_s,8,8,3,1,0.005805668252853073,0.0061384795106828845,0.0020175448885852774,0.004437866393764894,0.007014319547670399
A2,up_small,full,misses,8,8,3,1,5.25,5.5,1.6690459207925603,4.125,6.25
A2,up_small,full,extra_contacts,8,8,3,1,0.0,0.0,0.0,0.0,0.0
A2,up_small,full,energy_proxy,8,8,3,1,36.92010021209717,34.826189041137695,11.073840153262736,30.007469367980956,44.5066598892212
A2,up_small,full,joint_velocity_rms,8,8,3,1,0.6224097236990929,0.6085421144962311,0.09347942495779317,0.5634331747889518,0.6859941506758332
A2,up_small,no_cpg,motor_rhythm_power,8,8,3,1,0.0,0.0,0.0,0.0,0.0
A2,up_small,no_cpg,motor_frequency_hz,0,8,3,1,,,,,
A2,up_small,no_cpg,oscillating_mn_fraction,8,8,3,1,0.0,0.0,0.0,0.0,0.0
A2,up_small,no_cpg,key_accuracy,8,8,3,1,0.32291666666666663,0.3333333333333333,0.16925080009658253,0.21875,0.4375
A2,up_small,no_cpg,precision,8,8,3,1,1.0,1.0,0.0,1.0,1.0
A2,up_small,no_cpg,timing_mae_s,8,8,3,1,0.11308333333333317,0.1127499999999999,0.0016183471874254287,0.11206249999999982,0.11422916666666647
A2,up_small,no_cpg,timing_jitter_s,7,8,3,1,0.0033553227338479876,0.003932768321000689,0.0012013417588066415,0.0024729527829627515,0.004076180676490864
A2,up_small,no_cpg,misses,8,8,3,1,8.125,8.0,2.03100960115899,6.75,9.375
A2,up_small,no_cpg,extra_contacts,8,8,3,1,0.0,0.0,0.0,0.0,0.0
A2,up_small,no_cpg,energy_proxy,8,8,3,1,30.615864992141724,27.352234840393066,12.615817795548542,23.051138877868652,39.228763353824625
A2,up_small,no_cpg,joint_velocity_rms,8,8,3,1,0.5639091059565544,0.540986955165863,0.11511339938003162,0.4935220368206501,0.641431912779808
A2,up_small,no_feedback,motor_rhythm_power,8,8,3,1,0.6874196976423264,0.6777780055999756,0.06610769207146365,0.6428239250555634,0.7285092340782284
A2,up_small,no_feedback,motor_frequency_hz,8,8,3,1,8.97248220784526,8.907828282828284,0.1962939907177608,8.858812156491386,9.117107658285853
A2,up_small,no_feedback,oscillating_mn_fraction,8,8,3,1,0.04049744897959184,0.042091836734693876,0.00968404250203878,0.03443877551020408,0.046875
A2,up_small,no_feedback,key_accuracy,8,8,3,1,0.5625,0.5416666666666667,0.1390871600660467,0.47916666666666663,0.65625
A2,up_small,no_feedback,precision,8,8,3,1,1.0,1.0,0.0,1.0,1.0
A2,up_small,no_feedback,timing_mae_s,8,8,3,1,0.109375992063492,0.1094444444444444,0.0028145315092441003,0.10749404761904759,0.11113405257936497
A2,up_small,no_feedback,timing_jitter_s,8,8,3,1,0.005739698055334563,0.005641655964815732,0.0022823172085962317,0.004301692980821264,0.007219056719199419
A2,up_small,no_feedback,misses,8,8,3,1,5.25,5.5,1.6690459207925603,4.125,6.25
A2,up_small,no_feedback,extra_contacts,8,8,3,1,0.0,0.0,0.0,0.0,0.0
A2,up_small,no_feedback,energy_proxy,8,8,3,1,36.863911390304565,34.82181167602539,11.01554377411472,29.97073076367378,44.419491487741475
A2,up_small,no_feedback,joint_velocity_rms,8,8,3,1,0.6222858428955078,0.6087968051433563,0.09325117775906953,0.5633696993812919,0.685657562687993
A3,interruption,full,motor_rhythm_power,8,8,3,1,0.7109224237501621,0.7254217267036438,0.1020531349681851,0.6351002421230078,0.7696267206221818
A3,interruption,full,motor_frequency_hz,8,8,3,1,8.79464094932845,8.770032051282051,0.30754258737459583,8.591689560439562,8.998763020833334
A3,interruption,full,oscillating_mn_fraction,8,8,3,1,0.02519132653061224,0.02423469387755102,0.007645465132072612,0.020089285714285712,0.02998246173469391
A3,interruption,full,key_accuracy,8,8,3,1,0.42708333333333337,0.45833333333333337,0.18600595228571123,0.2916666666666667,0.5208333333333334
A3,interruption,full,precision,8,8,3,1,0.875,1.0,0.3535533905932738,0.625,1.0
A3,interruption,full,timing_mae_s,7,8,3,1,0.11234557823129245,0.11314285714285711,0.002593961907196348,0.11047891156462575,0.1140244897959183
A3,interruption,full,timing_jitter_s,7,8,3,1,0.003942299375583049,0.0032366943748503916,0.0023055600808571043,0.0025708613724951743,0.005647648576972448
A3,interruption,full,misses,8,8,3,1,6.875,6.5,2.2320714274285347,5.75,8.5
A3,interruption,full,extra_contacts,8,8,3,1,0.0,0.0,0.0,0.0,0.0
A3,interruption,full,energy_proxy,8,8,3,1,29.538006067276,28.404224395751953,6.748056116165853,25.217898297309876,33.93979358673096
A3,interruption,full,joint_velocity_rms,8,8,3,1,0.5579862222075462,0.551459550857544,0.06495959212098738,0.5165928155183792,0.5994455553591251
A3,interruption,no_cpg,motor_rhythm_power,8,8,3,1,0.0,0.0,0.0,0.0,0.0
A3,interruption,no_cpg,motor_frequency_hz,0,8,3,1,,,,,
A3,interruption,no_cpg,oscillating_mn_fraction,8,8,3,1,0.0,0.0,0.0,0.0,0.0
A3,interruption,no_cpg,key_accuracy,8,8,3,1,0.15625,0.041666666666666664,0.19638347245623358,0.041666666666666664,0.2916666666666667
A3,interruption,no_cpg,precision,8,8,3,1,0.5,0.5,0.5345224838248488,0.125,0.875
A3,interruption,no_cpg,timing_mae_s,4,8,3,1,0.11357499999999994,0.11419999999999994,0.001396125591294286,0.11222499999999991,0.11440000000000002
A3,interruption,no_cpg,timing_jitter_s,3,8,3,1,0.0030234239145039963,0.0035777087639996172,0.0009600495211920833,0.0019148542155127551,0.0035777087639996172
A3,interruption,no_cpg,misses,8,8,3,1,10.125,11.5,2.356601669474803,8.5,11.5
A3,interruption,no_cpg,extra_contacts,8,8,3,1,0.0,0.0,0.0,0.0,0.0
A3,interruption,no_cpg,energy_proxy,8,8,3,1,23.384793043136597,19.479955673217773,8.520451687850173,18.386736154556274,29.40972661972046
A3,interruption,no_cpg,joint_velocity_rms,8,8,3,1,0.49448150396347046,0.45805618166923523,0.0874869911837879,0.44264576956629753,0.554120909422636
A3,interruption,no_feedback,motor_rhythm_power,8,8,3,1,0.7137243449687958,0.7432694435119629,0.0930467820451096,0.6470321392640471,0.7654744483530521
A3,interruption,no_feedback,motor_frequency_hz,8,8,3,1,8.79776594932845,8.770032051282051,0.3056940414571882,8.595502232142856,9.001888020833334
A3,interruption,no_feedback,oscillating_mn_fraction,8,8,3,1,0.02519132653061224,0.02423469387755102,0.007645465132072612,0.020089285714285712,0.02998246173469391
A3,interruption,no_feedback,key_accuracy,8,8,3,1,0.42708333333333337,0.45833333333333337,0.18600595228571123,0.2916666666666667,0.5208333333333334
A3,interruption,no_feedback,precision,8,8,3,1,0.875,1.0,0.3535533905932738,0.625,1.0
A3,interruption,no_feedback,timing_mae_s,7,8,3,1,0.11248843537414958,0.11314285714285711,0.0027649939717778005,0.11052513605442169,0.11431564625850339
A3,interruption,no_feedback,timing_jitter_s,7,8,3,1,0.00417442201978768,0.0032366943748503916,0.0025529433957261253,0.00257902127253489,0.006020471674718655
A3,interruption,no_feedback,misses,8,8,3,1,6.875,6.5,2.2320714274285347,5.75,8.5
A3,interruption,no_feedback,extra_contacts,8,8,3,1,0.0,0.0,0.0,0.0,0.0
A3,interruption,no_feedback,energy_proxy,8,8,3,1,29.543746948242188,28.403276443481445,6.764818919350143,25.220867395401,33.95568513870239
A3,interruption,no_feedback,joint_velocity_rms,8,8,3,1,0.5579560808837414,0.5514146387577057,0.06493160793470813,0.5165928676724434,0.5995151969604194
A4,delayed,full,motor_rhythm_power,8,8,3,1,0.7051868513226509,0.7240465879440308,0.087382658280964,0.6443739980459213,0.7541649233549833
A4,delayed,full,motor_frequency_hz,8,8,3,1,8.79776594932845,8.770032051282051,0.3056940414571882,8.595502232142856,9.001888020833334
A4,delayed,full,oscillating_mn_fraction,8,8,3,1,0.02519132653061224,0.02423469387755102,0.007645465132072612,0.020089285714285712,0.02998246173469391
A4,delayed,full,key_accuracy,8,8,3,1,0.53125,0.5416666666666667,0.20863074009907004,0.3854166666666667,0.6458333333333334
A4,delayed,full,precision,8,8,3,1,1.0,1.0,0.0,1.0,1.0
A4,delayed,full,timing_mae_s,8,8,3,1,0.1120892857142856,0.11211111111111069,0.0022336592229115116,0.11069444444444422,0.1135735119047618
A4,delayed,full,timing_jitter_s,7,8,3,1,0.0029937667211021065,0.003126943839882072,0.001915183084519502,0.0018027692832450215,0.004380014435290309
A4,delayed,full,misses,8,8,3,1,5.625,5.5,2.5035688811888406,4.25,7.375
A4,delayed,full,extra_contacts,8,8,3,1,0.0,0.0,0.0,0.0,0.0
A4,delayed,full,energy_proxy,8,8,3,1,35.51895022392273,32.266417503356934,11.200568142931479,29.122299909591675,43.35042777657509
A4,delayed,full,joint_velocity_rms,8,8,3,1,0.6105538606643677,0.5863524675369263,0.09714171854665657,0.5540705708786845,0.6780644841492176
A4,delayed,no_feedback,motor_rhythm_power,8,8,3,1,0.7137243449687958,0.7432694435119629,0.0930467820451096,0.6470321392640471,0.7654744483530521
A4,delayed,no_feedback,motor_frequency_hz,8,8,3,1,8.79776594932845,8.770032051282051,0.3056940414571882,8.595502232142856,9.001888020833334
A4,delayed,no_feedback,oscillating_mn_fraction,8,8,3,1,0.02519132653061224,0.02423469387755102,0.007645465132072612,0.020089285714285712,0.02998246173469391
A4,delayed,no_feedback,key_accuracy,8,8,3,1,0.53125,0.5416666666666667,0.20863074009907004,0.3854166666666667,0.6458333333333334
A4,delayed,no_feedback,precision,8,8,3,1,1.0,1.0,0.0,1.0,1.0
A4,delayed,no_feedback,timing_mae_s,8,8,3,1,0.1120892857142856,0.11211111111111069,0.0022336592229115116,0.11069444444444422,0.1135735119047618
A4,delayed,no_feedback,timing_jitter_s,7,8,3,1,0.0029937667211021065,0.003126943839882072,0.001915183084519502,0.0018027692832450215,0.004380014435290309
A4,delayed,no_feedback,misses,8,8,3,1,5.625,5.5,2.5035688811888406,4.25,7.375
A4,delayed,no_feedback,extra_contacts,8,8,3,1,0.0,0.0,0.0,0.0,0.0
A4,delayed,no_feedback,energy_proxy,8,8,3,1,35.52744960784912,32.274048805236816,11.215046214007215,29.118298596143724,43.363708555698395
A4,delayed,no_feedback,joint_velocity_rms,8,8,3,1,0.6105552166700363,0.5863765180110931,0.09726425989079407,0.5539169255644083,0.6781247373670339
A4,noisy,full,motor_rhythm_power,8,8,3,1,0.7139797955751419,0.7244159281253815,0.08744611682274814,0.652407132089138,0.7657969426363707
A4,noisy,full,motor_frequency_hz,8,8,3,1,8.79776594932845,8.770032051282051,0.3056940414571882,8.595502232142856,9.001888020833334
A4,noisy,full,oscillating_mn_fraction,8,8,3,1,0.02519132653061224,0.02423469387755102,0.007645465132072612,0.020089285714285712,0.02998246173469391
A4,noisy,full,key_accuracy,8,8,3,1,0.53125,0.5416666666666667,0.20863074009907004,0.3854166666666667,0.6458333333333334
A4,noisy,full,precision,8,8,3,1,1.0,1.0,0.0,1.0,1.0
A4,noisy,full,timing_mae_s,8,8,3,1,0.11189285714285704,0.11211111111111069,0.002329678443152661,0.1103610615079364,0.1133492063492064
A4,noisy,full,timing_jitter_s,7,8,3,1,0.002906005451288603,0.003126943839882072,0.0014999235887349196,0.001987008866184639,0.004017955681812897
A4,noisy,full,misses,8,8,3,1,5.625,5.5,2.5035688811888406,4.25,7.375
A4,noisy,full,extra_contacts,8,8,3,1,0.0,0.0,0.0,0.0,0.0
A4,noisy,full,energy_proxy,8,8,3,1,35.55862998962402,32.35903263092041,11.209038134057398,29.13632007241249,43.385409283638
A4,noisy,full,joint_velocity_rms,8,8,3,1,0.6107007041573524,0.5865797996520996,0.09735669851306751,0.5539319381117821,0.6783384451642632
A4,noisy,no_feedback,motor_rhythm_power,8,8,3,1,0.7137243449687958,0.7432694435119629,0.0930467820451096,0.6470321392640471,0.7654744483530521
A4,noisy,no_feedback,motor_frequency_hz,8,8,3,1,8.79776594932845,8.770032051282051,0.3056940414571882,8.595502232142856,9.001888020833334
A4,noisy,no_feedback,oscillating_mn_fraction,8,8,3,1,0.02519132653061224,0.02423469387755102,0.007645465132072612,0.020089285714285712,0.02998246173469391
A4,noisy,no_feedback,key_accuracy,8,8,3,1,0.53125,0.5416666666666667,0.20863074009907004,0.3854166666666667,0.6458333333333334
A4,noisy,no_feedback,precision,8,8,3,1,1.0,1.0,0.0,1.0,1.0
A4,noisy,no_feedback,timing_mae_s,8,8,3,1,0.1120892857142856,0.11211111111111069,0.0022336592229115116,0.11069444444444422,0.1135735119047618
A4,noisy,no_feedback,timing_jitter_s,7,8,3,1,0.0029937667211021065,0.003126943839882072,0.001915183084519502,0.0018027692832450215,0.004380014435290309
A4,noisy,no_feedback,misses,8,8,3,1,5.625,5.5,2.5035688811888406,4.25,7.375
A4,noisy,no_feedback,extra_contacts,8,8,3,1,0.0,0.0,0.0,0.0,0.0
A4,noisy,no_feedback,energy_proxy,8,8,3,1,35.52744960784912,32.274048805236816,11.215046214007215,29.118298596143724,43.363708555698395
A4,noisy,no_feedback,joint_velocity_rms,8,8,3,1,0.6105552166700363,0.5863765180110931,0.09726425989079407,0.5539169255644083,0.6781247373670339
A4,normal,full,motor_rhythm_power,8,8,3,1,0.711833018809557,0.7275124788284302,0.10193489635566333,0.6366414166986942,0.7705627335235476
A4,normal,full,motor_frequency_hz,8,8,3,1,8.79776594932845,8.770032051282051,0.3056940414571882,8.595502232142856,9.001888020833334
A4,normal,full,oscillating_mn_fraction,8,8,3,1,0.02519132653061224,0.02423469387755102,0.007645465132072612,0.020089285714285712,0.02998246173469391
A4,normal,full,key_accuracy,8,8,3,1,0.53125,0.5416666666666667,0.20863074009907004,0.3854166666666667,0.6458333333333334
A4,normal,full,precision,8,8,3,1,1.0,1.0,0.0,1.0,1.0
A4,normal,full,timing_mae_s,8,8,3,1,0.11198214285714275,0.11211111111111069,0.00201329914960212,0.1106924603174603,0.11326984126984127
A4,normal,full,timing_jitter_s,7,8,3,1,0.0028087035768029887,0.003126943839882072,0.0015223487144627704,0.0018027692832450215,0.003911462911335354
A4,normal,full,misses,8,8,3,1,5.625,5.5,2.5035688811888406,4.25,7.375
A4,normal,full,extra_contacts,8,8,3,1,0.0,0.0,0.0,0.0,0.0
A4,normal,full,energy_proxy,8,8,3,1,35.53015899658203,32.28251838684082,11.206461869454392,29.126590114831924,43.36584661602974
A4,normal,full,joint_velocity_rms,8,8,3,1,0.6106329187750816,0.5864874720573425,0.09731559998132228,0.5539198212325573,0.6782144105061889
A4,normal,no_feedback,motor_rhythm_power,8,8,3,1,0.7137243449687958,0.7432694435119629,0.0930467820451096,0.6470321392640471,0.7654744483530521
A4,normal,no_feedback,motor_frequency_hz,8,8,3,1,8.79776594932845,8.770032051282051,0.3056940414571882,8.595502232142856,9.001888020833334
A4,normal,no_feedback,oscillating_mn_fraction,8,8,3,1,0.02519132653061224,0.02423469387755102,0.007645465132072612,0.020089285714285712,0.02998246173469391
A4,normal,no_feedback,key_accuracy,8,8,3,1,0.53125,0.5416666666666667,0.20863074009907004,0.3854166666666667,0.6458333333333334
A4,normal,no_feedback,precision,8,8,3,1,1.0,1.0,0.0,1.0,1.0
A4,normal,no_feedback,timing_mae_s,8,8,3,1,0.1120892857142856,0.11211111111111069,0.0022336592229115116,0.11069444444444422,0.1135735119047618
A4,normal,no_feedback,timing_jitter_s,7,8,3,1,0.0029937667211021065,0.003126943839882072,0.001915183084519502,0.0018027692832450215,0.004380014435290309
A4,normal,no_feedback,misses,8,8,3,1,5.625,5.5,2.5035688811888406,4.25,7.375
A4,normal,no_feedback,extra_contacts,8,8,3,1,0.0,0.0,0.0,0.0,0.0
A4,normal,no_feedback,energy_proxy,8,8,3,1,35.52744960784912,32.274048805236816,11.215046214007215,29.118298596143724,43.363708555698395
A4,normal,no_feedback,joint_velocity_rms,8,8,3,1,0.6105552166700363,0.5863765180110931,0.09726425989079407,0.5539169255644083,0.6781247373670339
A5,late,full,motor_rhythm_power,8,8,3,1,0.7205547466874123,0.7485484480857849,0.0933525268871583,0.6525498263537883,0.7690844312310219
A5,late,full,motor_frequency_hz,8,8,3,1,8.79776594932845,8.770032051282051,0.3056940414571882,8.595502232142856,9.001888020833334
A5,late,full,oscillating_mn_fraction,8,8,3,1,0.02519132653061224,0.02423469387755102,0.007645465132072612,0.020089285714285712,0.02998246173469391
A5,late,full,key_accuracy,8,8,3,1,0.4166666666666667,0.4166666666666667,0.1543033499620919,0.3125,0.5
A5,late,full,precision,8,8,3,1,1.0,1.0,0.0,1.0,1.0
A5,late,full,timing_mae_s,8,8,3,1,0.11206428571428555,0.11159999999999956,0.0030479070867285227,0.11009267857142825,0.1140430357142856
A5,late,full,timing_jitter_s,7,8,3,1,0.003365347217704887,0.003346640106136252,0.0018922196618390882,0.0020515017695954016,0.004696243703770868
A5,late,full,misses,8,8,3,1,7.0,7.0,1.8516401995451028,6.0,8.25
A5,late,full,extra_contacts,8,8,3,1,0.0,0.0,0.0,0.0,0.0
A5,late,full,energy_proxy,8,8,3,1,33.136062145233154,29.98367214202881,10.45385700169756,26.882293665409087,40.28905750513077
A5,late,full,joint_velocity_rms,8,8,3,1,0.5892840847373009,0.5634711980819702,0.09300436995808306,0.5339897599071264,0.6537541599944234
A5,late,no_dn,motor_rhythm_power,8,8,3,1,0.0,0.0,0.0,0.0,0.0
A5,late,no_dn,motor_frequency_hz,0,8,3,1,,,,,
A5,late,no_dn,oscillating_mn_fraction,8,8,3,1,0.0,0.0,0.0,0.0,0.0
A5,late,no_dn,key_accuracy,8,8,3,1,0.0,0.0,0.0,0.0,0.0
A5,late,no_dn,precision,8,8,3,1,0.0,0.0,0.0,0.0,0.0
A5,late,no_dn,timing_mae_s,0,8,3,1,,,,,
A5,late,no_dn,timing_jitter_s,0,8,3,1,,,,,
A5,late,no_dn,misses,8,8,3,1,12.0,12.0,0.0,12.0,12.0
A5,late,no_dn,extra_contacts,8,8,3,1,0.0,0.0,0.0,0.0,0.0
A5,late,no_dn,energy_proxy,8,8,3,1,24.89317238330841,23.03765296936035,10.632340559264637,18.540677428245544,32.14506244659424
A5,late,no_dn,joint_velocity_rms,8,8,3,1,0.5079221725463867,0.49715474247932434,0.10809118852737015,0.4428783431649208,0.5837773568928242
A5,left_bias,full,motor_rhythm_power,8,8,3,1,0.7377928197383881,0.7568396329879761,0.1375731649279202,0.6510456060990691,0.8268356923013926
A5,left_bias,full,motor_frequency_hz,8,8,3,1,8.927083333333334,9.0,0.5278691441383304,8.572916666666668,9.260416666666668
A5,left_bias,full,oscillating_mn_fraction,8,8,3,1,0.005420918367346939,0.00510204081632653,0.0016348723073001423,0.004464285714285714,0.006377551020408163
A5,left_bias,full,key_accuracy,8,8,3,1,0.0,0.0,0.0,0.0,0.0
A5,left_bias,full,precision,8,8,3,1,0.0,0.0,0.0,0.0,0.0
A5,left_bias,full,timing_mae_s,0,8,3,1,,,,,
A5,left_bias,full,timing_jitter_s,0,8,3,1,,,,,
A5,left_bias,full,misses,8,8,3,1,12.0,12.0,0.0,12.0,12.0
A5,left_bias,full,extra_contacts,8,8,3,1,0.0,0.0,0.0,0.0,0.0
A5,left_bias,full,energy_proxy,8,8,3,1,25.177907347679138,23.03765296936035,10.733041568264397,18.753592133522034,32.694944858551025
A5,left_bias,full,joint_velocity_rms,8,8,3,1,0.509584303945303,0.49715474247932434,0.10834506148166809,0.4443408437073231,0.5847882179543377
A5,left_bias,no_dn,motor_rhythm_power,8,8,3,1,0.0,0.0,0.0,0.0,0.0
A5,left_bias,no_dn,motor_frequency_hz,0,8,3,1,,,,,
A5,left_bias,no_dn,oscillating_mn_fraction,8,8,3,1,0.0,0.0,0.0,0.0,0.0
A5,left_bias,no_dn,key_accuracy,8,8,3,1,0.0,0.0,0.0,0.0,0.0
A5,left_bias,no_dn,precision,8,8,3,1,0.0,0.0,0.0,0.0,0.0
A5,left_bias,no_dn,timing_mae_s,0,8,3,1,,,,,
A5,left_bias,no_dn,timing_jitter_s,0,8,3,1,,,,,
A5,left_bias,no_dn,misses,8,8,3,1,12.0,12.0,0.0,12.0,12.0
A5,left_bias,no_dn,extra_contacts,8,8,3,1,0.0,0.0,0.0,0.0,0.0
A5,left_bias,no_dn,energy_proxy,8,8,3,1,24.89317238330841,23.03765296936035,10.632340559264637,18.540677428245544,32.14506244659424
A5,left_bias,no_dn,joint_velocity_rms,8,8,3,1,0.5079221725463867,0.49715474247932434,0.10809118852737015,0.4428783431649208,0.5837773568928242
A5,strong,full,motor_rhythm_power,8,8,3,1,0.6640029698610306,0.6436395645141602,0.09486230532263583,0.6069905202835798,0.7270424930378795
A5,strong,full,motor_frequency_hz,8,8,3,1,9.175870546749476,9.182459677419356,0.14254641550396915,9.088370379704303,9.272271748702261
A5,strong,full,oscillating_mn_fraction,8,8,3,1,0.06823979591836735,0.07015306122448979,0.009223069048719945,0.06186224489795919,0.07397959183673469
A5,strong,full,key_accuracy,8,8,3,1,0.625,0.5833333333333334,0.1336306209562122,0.5416666666666667,0.7083333333333334
A5,strong,full,precision,8,8,3,1,1.0,1.0,0.0,1.0,1.0
A5,strong,full,timing_mae_s,8,8,3,1,0.09427261904761897,0.09222222222222207,0.006036653079156069,0.09052757936507932,0.09833174603174588
A5,strong,full,timing_jitter_s,8,8,3,1,0.003461974737682536,0.003591059430040511,0.0013766965468306371,0.002587498643525302,0.004359353537613733
A5,strong,full,misses,8,8,3,1,4.5,5.0,1.6035674514745464,3.5,5.5
A5,strong,full,extra_contacts,8,8,3,1,0.0,0.0,0.0,0.0,0.0
A5,strong,full,energy_proxy,8,8,3,1,42.697755336761475,45.24628257751465,11.027930316813709,35.74094496965408,49.65456570386887
A5,strong,full,joint_velocity_rms,8,8,3,1,0.6750459149479866,0.6958501935005188,0.08829214625315596,0.6184976940974594,0.7317064935341477
A5,strong,no_dn,motor_rhythm_power,8,8,3,1,0.0,0.0,0.0,0.0,0.0
A5,strong,no_dn,motor_frequency_hz,0,8,3,1,,,,,
A5,strong,no_dn,oscillating_mn_fraction,8,8,3,1,0.0,0.0,0.0,0.0,0.0
A5,strong,no_dn,key_accuracy,8,8,3,1,0.0,0.0,0.0,0.0,0.0
A5,strong,no_dn,precision,8,8,3,1,0.0,0.0,0.0,0.0,0.0
A5,strong,no_dn,timing_mae_s,0,8,3,1,,,,,
A5,strong,no_dn,timing_jitter_s,0,8,3,1,,,,,
A5,strong,no_dn,misses,8,8,3,1,12.0,12.0,0.0,12.0,12.0
A5,strong,no_dn,extra_contacts,8,8,3,1,0.0,0.0,0.0,0.0,0.0
A5,strong,no_dn,energy_proxy,8,8,3,1,24.89317238330841,23.03765296936035,10.632340559264637,18.540677428245544,32.14506244659424
A5,strong,no_dn,joint_velocity_rms,8,8,3,1,0.5079221725463867,0.49715474247932434,0.10809118852737015,0.4428783431649208,0.5837773568928242
A5,weak,full,motor_rhythm_power,8,8,3,1,0.0,0.0,0.0,0.0,0.0
A5,weak,full,motor_frequency_hz,0,8,3,1,,,,,
A5,weak,full,oscillating_mn_fraction,8,8,3,1,0.0,0.0,0.0,0.0,0.0
A5,weak,full,key_accuracy,8,8,3,1,0.0,0.0,0.0,0.0,0.0
A5,weak,full,precision,8,8,3,1,0.0,0.0,0.0,0.0,0.0
A5,weak,full,timing_mae_s,0,8,3,1,,,,,
A5,weak,full,timing_jitter_s,0,8,3,1,,,,,
A5,weak,full,misses,8,8,3,1,12.0,12.0,0.0,12.0,12.0
A5,weak,full,extra_contacts,8,8,3,1,0.0,0.0,0.0,0.0,0.0
A5,weak,full,energy_proxy,8,8,3,1,24.89317238330841,23.03765296936035,10.632340559264637,18.540677428245544,32.14506244659424
A5,weak,full,joint_velocity_rms,8,8,3,1,0.5079221725463867,0.49715474247932434,0.10809118852737015,0.4428783431649208,0.5837773568928242
A5,weak,no_dn,motor_rhythm_power,8,8,3,1,0.0,0.0,0.0,0.0,0.0
A5,weak,no_dn,motor_frequency_hz,0,8,3,1,,,,,
A5,weak,no_dn,oscillating_mn_fraction,8,8,3,1,0.0,0.0,0.0,0.0,0.0
A5,weak,no_dn,key_accuracy,8,8,3,1,0.0,0.0,0.0,0.0,0.0
A5,weak,no_dn,precision,8,8,3,1,0.0,0.0,0.0,0.0,0.0
A5,weak,no_dn,timing_mae_s,0,8,3,1,,,,,
A5,weak,no_dn,timing_jitter_s,0,8,3,1,,,,,
A5,weak,no_dn,misses,8,8,3,1,12.0,12.0,0.0,12.0,12.0
A5,weak,no_dn,extra_contacts,8,8,3,1,0.0,0.0,0.0,0.0,0.0
A5,weak,no_dn,energy_proxy,8,8,3,1,24.89317238330841,23.03765296936035,10.632340559264637,18.540677428245544,32.14506244659424
A5,weak,no_dn,joint_velocity_rms,8,8,3,1,0.5079221725463867,0.49715474247932434,0.10809118852737015,0.4428783431649208,0.5837773568928242
B1,novel,direct,motor_rhythm_power,8,8,3,1,0.7198337987065315,0.7503457367420197,0.09644345148002946,0.650050937756896,0.7723895533010363
B1,novel,direct,motor_frequency_hz,8,8,3,1,8.808182615995115,8.770032051282051,0.2862450554800525,8.626172447344322,9.00335932730464
B1,novel,direct,oscillating_mn_fraction,8,8,3,1,0.02519132653061224,0.02423469387755102,0.007645465132072612,0.020089285714285712,0.02998246173469391
B1,novel,direct,key_accuracy,8,8,3,1,0.9270833333333333,0.9166666666666666,0.06954358003302334,0.8854166666666666,0.96875
B1,novel,direct,precision,8,8,3,1,0.8214827935222673,0.9166666666666666,0.18220519482881478,0.6751012145748988,0.920673076923077
B1,novel,direct,timing_mae_s,8,8,3,1,0.0945511363636362,0.09163636363636347,0.00647059635414514,0.0909261363636362,0.09956249999999983
B1,novel,direct,timing_jitter_s,8,8,3,1,0.010534402628883787,0.007821880731756013,0.005198717528614683,0.0077034968606934295,0.014709730958531776
B1,novel,direct,misses,8,8,3,1,0.875,1.0,0.8345229603962802,0.375,1.375
B1,novel,direct,extra_contacts,8,8,3,1,3.0,1.0,3.7032803990902057,1.0,6.0
B1,novel,direct,energy_proxy,8,8,3,1,102.47784042358398,98.93209838867188,25.347201011606202,87.27604293823242,120.01084899902344
B1,novel,direct,joint_velocity_rms,8,8,3,1,1.0707875192165375,1.05612051486969,0.1346034915994144,0.9898444712162018,1.1649857759475708
B1,novel,full,motor_rhythm_power,8,8,3,1,0.711833018809557,0.7275124788284302,0.10193489635566333,0.6366414166986942,0.7705627335235476
B1,novel,full,motor_frequency_hz,8,8,3,1,8.79776594932845,8.770032051282051,0.3056940414571882,8.595502232142856,9.001888020833334
B1,novel,full,oscillating_mn_fraction,8,8,3,1,0.02519132653061224,0.02423469387755102,0.007645465132072612,0.020089285714285712,0.02998246173469391
B1,novel,full,key_accuracy,8,8,3,1,0.53125,0.5416666666666667,0.20863074009907004,0.3854166666666667,0.6458333333333334
B1,novel,full,precision,8,8,3,1,1.0,1.0,0.0,1.0,1.0
B1,novel,full,timing_mae_s,8,8,3,1,0.11198214285714275,0.11211111111111069,0.00201329914960212,0.1106924603174603,0.11326984126984127
B1,novel,full,timing_jitter_s,7,8,3,1,0.0028087035768029887,0.003126943839882072,0.0015223487144627704,0.0018027692832450215,0.003911462911335354
B1,novel,full,misses,8,8,3,1,5.625,5.5,2.5035688811888406,4.25,7.375
B1,novel,full,extra_contacts,8,8,3,1,0.0,0.0,0.0,0.0,0.0
B1,novel,full,energy_proxy,8,8,3,1,35.53015899658203,32.28251838684082,11.206461869454392,29.126590114831924,43.36584661602974
B1,novel,full,joint_velocity_rms,8,8,3,1,0.6106329187750816,0.5864874720573425,0.09731559998132228,0.5539198212325573,0.6782144105061889
B1,novel,hand_cpg,motor_rhythm_power,8,8,3,1,0.7120405919849873,0.7285787761211395,0.10273153104905625,0.6366106417030096,0.771272543258965
B1,novel,hand_cpg,motor_frequency_hz,8,8,3,1,8.79464094932845,8.770032051282051,0.30754258737459583,8.591689560439562,8.998763020833334
B1,novel,hand_cpg,oscillating_mn_fraction,8,8,3,1,0.02519132653061224,0.02423469387755102,0.007645465132072612,0.020089285714285712,0.02998246173469391
B1,novel,hand_cpg,key_accuracy,8,8,3,1,1.0,1.0,0.0,1.0,1.0
B1,novel,hand_cpg,precision,8,8,3,1,1.0,1.0,0.0,1.0,1.0
B1,novel,hand_cpg,timing_mae_s,8,8,3,1,0.09922916666666647,0.09949999999999982,0.0014663893136025413,0.0983333333333331,0.10012499999999983
B1,novel,hand_cpg,timing_jitter_s,8,8,3,1,0.0048595757880521215,0.004783177592227587,0.0006463822542099086,0.004437113579066574,0.005282037997037669
B1,novel,hand_cpg,misses,8,8,3,1,0.0,0.0,0.0,0.0,0.0
B1,novel,hand_cpg,extra_contacts,8,8,3,1,0.0,0.0,0.0,0.0,0.0
B1,novel,hand_cpg,energy_proxy,8,8,3,1,50.51738405227661,49.18610382080078,10.977413703695072,43.922648906707764,58.16481018066406
B1,novel,hand_cpg,joint_velocity_rms,8,8,3,1,0.7372445166110992,0.7320300340652466,0.07870844132436391,0.689791351556778,0.7915287911891937
B1,novel,no_body_mapping,motor_rhythm_power,8,8,3,1,0.711833018809557,0.7275124788284302,0.10193489635566333,0.6366414166986942,0.7705627335235476
B1,novel,no_body_mapping,motor_frequency_hz,8,8,3,1,8.79776594932845,8.770032051282051,0.3056940414571882,8.595502232142856,9.001888020833334
B1,novel,no_body_mapping,oscillating_mn_fraction,8,8,3,1,0.02519132653061224,0.02423469387755102,0.007645465132072612,0.020089285714285712,0.02998246173469391
B1,novel,no_body_mapping,key_accuracy,8,8,3,1,0.53125,0.5416666666666667,0.20863074009907004,0.3854166666666667,0.6458333333333334
B1,novel,no_body_mapping,precision,8,8,3,1,1.0,1.0,0.0,1.0,1.0
B1,novel,no_body_mapping,timing_mae_s,8,8,3,1,0.11198214285714275,0.11211111111111069,0.00201329914960212,0.1106924603174603,0.11326984126984127
B1,novel,no_body_mapping,timing_jitter_s,7,8,3,1,0.0028087035768029887,0.003126943839882072,0.0015223487144627704,0.0018027692832450215,0.003911462911335354
B1,novel,no_body_mapping,misses,8,8,3,1,5.625,5.5,2.5035688811888406,4.25,7.375
B1,novel,no_body_mapping,extra_contacts,8,8,3,1,0.0,0.0,0.0,0.0,0.0
B1,novel,no_body_mapping,energy_proxy,8,8,3,1,35.53015899658203,32.28251838684082,11.206461869454392,29.126590114831924,43.36584661602974
B1,novel,no_body_mapping,joint_velocity_rms,8,8,3,1,0.6106329187750816,0.5864874720573425,0.09731559998132228,0.5539198212325573,0.6782144105061889
B1,novel,no_cpg,motor_rhythm_power,8,8,3,1,0.0,0.0,0.0,0.0,0.0
B1,novel,no_cpg,motor_frequency_hz,0,8,3,1,,,,,
B1,novel,no_cpg,oscillating_mn_fraction,8,8,3,1,0.0,0.0,0.0,0.0,0.0
B1,novel,no_cpg,key_accuracy,8,8,3,1,0.21875,0.08333333333333333,0.23543905287578698,0.08333333333333333,0.3854166666666667
B1,novel,no_cpg,precision,8,8,3,1,0.75,1.0,0.4629100498862757,0.5,1.0
B1,novel,no_cpg,timing_mae_s,6,8,3,1,0.11333333333333308,0.11299999999999955,0.0017888543820000545,0.11199999999999975,0.11466666666666663
B1,novel,no_cpg,timing_jitter_s,3,8,3,1,0.0031661766012855866,0.003932768321000689,0.0013277758072081582,0.001632993161855381,0.003932768321000689
B1,novel,no_cpg,misses,8,8,3,1,9.375,11.0,2.8252686345094435,7.375,11.0
B1,novel,no_cpg,extra_contacts,8,8,3,1,0.0,0.0,0.0,0.0,0.0
B1,novel,no_cpg,energy_proxy,8,8,3,1,28.867584109306335,24.260591506958008,13.565670830027686,20.869527214765547,38.47232782840729
B1,novel,no_cpg,joint_velocity_rms,8,8,3,1,0.5448674112558365,0.5101575255393982,0.12578958694208484,0.46929349498823286,0.6295389495790005
B1,novel,no_delay,motor_rhythm_power,8,8,3,1,0.27769873291254044,0.2519461512565613,0.2980911947589489,0.07089866697788239,0.4824826046824455
B1,novel,no_delay,motor_frequency_hz,4,8,3,1,14.375,14.75,1.1273124382057236,13.3125,15.125
B1,novel,no_delay,oscillating_mn_fraction,8,8,3,1,0.0035076530612244894,0.002551020408163265,0.0038416852482339677,0.0009566326530612245,0.006058673469387755
B1,novel,no_delay,key_accuracy,8,8,3,1,0.53125,0.5416666666666667,0.20863074009907004,0.3854166666666667,0.6458333333333334
B1,novel,no_delay,precision,8,8,3,1,1.0,1.0,0.0,1.0,1.0
B1,novel,no_delay,timing_mae_s,8,8,3,1,0.1126706349206348,0.11211111111111069,0.0027972784887842035,0.11097609126984104,0.11457142857142852
B1,novel,no_delay,timing_jitter_s,7,8,3,1,0.0031747545234935407,0.0029999999999997438,0.0023130248688267223,0.001831777354331368,0.004895040890740881
B1,novel,no_delay,misses,8,8,3,1,5.625,5.5,2.5035688811888406,4.25,7.375
B1,novel,no_delay,extra_contacts,8,8,3,1,0.0,0.0,0.0,0.0,0.0
B1,novel,no_delay,energy_proxy,8,8,3,1,35.18221426010132,32.29845428466797,11.238491472291878,28.47586154937744,42.98878824710846
B1,novel,no_delay,joint_velocity_rms,8,8,3,1,0.6081880033016205,0.5857527554035187,0.0981225004570999,0.5493672819808125,0.6755717098712921
B1,novel,no_dn,motor_rhythm_power,8,8,3,1,0.0,0.0,0.0,0.0,0.0
B1,novel,no_dn,motor_frequency_hz,0,8,3,1,,,,,
B1,novel,no_dn,oscillating_mn_fraction,8,8,3,1,0.0,0.0,0.0,0.0,0.0
B1,novel,no_dn,key_accuracy,8,8,3,1,0.0,0.0,0.0,0.0,0.0
B1,novel,no_dn,precision,8,8,3,1,0.0,0.0,0.0,0.0,0.0
B1,novel,no_dn,timing_mae_s,0,8,3,1,,,,,
B1,novel,no_dn,timing_jitter_s,0,8,3,1,,,,,
B1,novel,no_dn,misses,8,8,3,1,12.0,12.0,0.0,12.0,12.0
B1,novel,no_dn,extra_contacts,8,8,3,1,0.0,0.0,0.0,0.0,0.0
B1,novel,no_dn,energy_proxy,8,8,3,1,24.89317238330841,23.03765296936035,10.632340559264637,18.540677428245544,32.14506244659424
B1,novel,no_dn,joint_velocity_rms,8,8,3,1,0.5079221725463867,0.49715474247932434,0.10809118852737015,0.4428783431649208,0.5837773568928242
B1,novel,no_feedback,motor_rhythm_power,8,8,3,1,0.7137243449687958,0.7432694435119629,0.0930467820451096,0.6470321392640471,0.7654744483530521
B1,novel,no_feedback,motor_frequency_hz,8,8,3,1,8.79776594932845,8.770032051282051,0.3056940414571882,8.595502232142856,9.001888020833334
B1,novel,no_feedback,oscillating_mn_fraction,8,8,3,1,0.02519132653061224,0.02423469387755102,0.007645465132072612,0.020089285714285712,0.02998246173469391
B1,novel,no_feedback,key_accuracy,8,8,3,1,0.53125,0.5416666666666667,0.20863074009907004,0.3854166666666667,0.6458333333333334
B1,novel,no_feedback,precision,8,8,3,1,1.0,1.0,0.0,1.0,1.0
B1,novel,no_feedback,timing_mae_s,8,8,3,1,0.1120892857142856,0.11211111111111069,0.0022336592229115116,0.11069444444444422,0.1135735119047618
B1,novel,no_feedback,timing_jitter_s,7,8,3,1,0.0029937667211021065,0.003126943839882072,0.001915183084519502,0.0018027692832450215,0.004380014435290309
B1,novel,no_feedback,misses,8,8,3,1,5.625,5.5,2.5035688811888406,4.25,7.375
B1,novel,no_feedback,extra_contacts,8,8,3,1,0.0,0.0,0.0,0.0,0.0
B1,novel,no_feedback,energy_proxy,8,8,3,1,35.52744960784912,32.274048805236816,11.215046214007215,29.118298596143724,43.363708555698395
B1,novel,no_feedback,joint_velocity_rms,8,8,3,1,0.6105552166700363,0.5863765180110931,0.09726425989079407,0.5539169255644083,0.6781247373670339
B1,novel,no_inhibition,motor_rhythm_power,8,8,3,1,0.06306234560906887,0.0,0.08705275307621008,0.020586730912327766,0.12529760310426358
B1,novel,no_inhibition,motor_frequency_hz,3,8,3,1,1.0,1.0,0.0,1.0,1.0
B1,novel,no_inhibition,oscillating_mn_fraction,8,8,3,1,0.0009566326530612245,0.0,0.0013202784936397081,0.00031887755102040814,0.001913265306122449
B1,novel,no_inhibition,key_accuracy,8,8,3,1,0.5833333333333333,0.5833333333333333,0.2182178902359924,0.4375,0.7083333333333334
B1,novel,no_inhibition,precision,8,8,3,1,1.0,1.0,0.0,1.0,1.0
B1,novel,no_inhibition,timing_mae_s,8,8,3,1,0.09375624999999989,0.0930416666666666,0.004469108585346529,0.09094765625000001,0.09654192708333323
B1,novel,no_inhibition,timing_jitter_s,8,8,3,1,0.004877344325400923,0.0035365618642010177,0.004610375318602375,0.0025330363304211616,0.008116553109293538
B1,novel,no_inhibition,misses,8,8,3,1,5.0,5.0,2.6186146828319083,3.5,6.75
B1,novel,no_inhibition,extra_contacts,8,8,3,1,0.0,0.0,0.0,0.0,0.0
B1,novel,no_inhibition,energy_proxy,8,8,3,1,41.22244334220886,38.02432727813721,13.826089059629462,32.72041219472885,50.39493910670281
B1,novel,no_inhibition,joint_velocity_rms,8,8,3,1,0.6629628986120224,0.6424011588096619,0.11313974820419102,0.592004120349884,0.7371369140222669
B1,novel,no_interleg,motor_rhythm_power,8,8,3,1,0.711833018809557,0.7275124788284302,0.10193489635566333,0.6366414166986942,0.7705627335235476
B1,novel,no_interleg,motor_frequency_hz,8,8,3,1,8.79776594932845,8.770032051282051,0.3056940414571882,8.595502232142856,9.001888020833334
B1,novel,no_interleg,oscillating_mn_fraction,8,8,3,1,0.02519132653061224,0.02423469387755102,0.007645465132072612,0.020089285714285712,0.02998246173469391
B1,novel,no_interleg,key_accuracy,8,8,3,1,0.53125,0.5416666666666667,0.20863074009907004,0.3854166666666667,0.6458333333333334
B1,novel,no_interleg,precision,8,8,3,1,1.0,1.0,0.0,1.0,1.0
B1,novel,no_interleg,timing_mae_s,8,8,3,1,0.11198214285714275,0.11211111111111069,0.00201329914960212,0.1106924603174603,0.11326984126984127
B1,novel,no_interleg,timing_jitter_s,7,8,3,1,0.0028087035768029887,0.003126943839882072,0.0015223487144627704,0.0018027692832450215,0.003911462911335354
B1,novel,no_interleg,misses,8,8,3,1,5.625,5.5,2.5035688811888406,4.25,7.375
B1,novel,no_interleg,extra_contacts,8,8,3,1,0.0,0.0,0.0,0.0,0.0
B1,novel,no_interleg,energy_proxy,8,8,3,1,35.53015899658203,32.28251838684082,11.206461869454392,29.126590114831924,43.36584661602974
B1,novel,no_interleg,joint_velocity_rms,8,8,3,1,0.6106329187750816,0.5864874720573425,0.09731559998132228,0.5539198212325573,0.6782144105061889
B1,novel,no_intraleg,motor_rhythm_power,8,8,3,1,0.0,0.0,0.0,0.0,0.0
B1,novel,no_intraleg,motor_frequency_hz,0,8,3,1,,,,,
B1,novel,no_intraleg,oscillating_mn_fraction,8,8,3,1,0.0,0.0,0.0,0.0,0.0
B1,novel,no_intraleg,key_accuracy,8,8,3,1,0.21875,0.08333333333333333,0.23543905287578698,0.08333333333333333,0.3854166666666667
B1,novel,no_intraleg,precision,8,8,3,1,0.75,1.0,0.4629100498862757,0.5,1.0
B1,novel,no_intraleg,timing_mae_s,6,8,3,1,0.11333333333333308,0.11299999999999955,0.0017888543820000545,0.11199999999999975,0.11466666666666663
B1,novel,no_intraleg,timing_jitter_s,3,8,3,1,0.0031661766012855866,0.003932768321000689,0.0013277758072081582,0.001632993161855381,0.003932768321000689
B1,novel,no_intraleg,misses,8,8,3,1,9.375,11.0,2.8252686345094435,7.375,11.0
B1,novel,no_intraleg,extra_contacts,8,8,3,1,0.0,0.0,0.0,0.0,0.0
B1,novel,no_intraleg,energy_proxy,8,8,3,1,28.867584109306335,24.260591506958008,13.565670830027686,20.869527214765547,38.47232782840729
B1,novel,no_intraleg,joint_velocity_rms,8,8,3,1,0.5448674112558365,0.5101575255393982,0.12578958694208484,0.46929349498823286,0.6295389495790005
B1,novel,no_memory,motor_rhythm_power,8,8,3,1,0.7109309285879135,0.7376611232757568,0.09196814809386447,0.6449935095384717,0.762485190294683
B1,novel,no_memory,motor_frequency_hz,8,8,3,1,8.792958257020757,8.760416666666668,0.30650828966391674,8.592036830357143,8.997632068452381
B1,novel,no_memory,oscillating_mn_fraction,8,8,3,1,0.02519132653061224,0.02423469387755102,0.007645465132072612,0.020089285714285712,0.02998246173469391
B1,novel,no_memory,key_accuracy,8,8,3,1,0.59375,0.625,0.1632841276707762,0.4791666666666667,0.6875
B1,novel,no_memory,precision,8,8,3,1,0.8645833333333333,0.9,0.1398518206747118,0.7708333333333333,0.95
B1,novel,no_memory,timing_mae_s,8,8,3,1,0.1286344246031744,0.12738095238095223,0.003933615510255812,0.12619319196428552,0.1312658730158728
B1,novel,no_memory,timing_jitter_s,8,8,3,1,0.004582749759749346,0.0044821839365548535,0.001704666090893824,0.0035356511094749798,0.005681590885435199
B1,novel,no_memory,misses,8,8,3,1,4.875,4.5,1.9594095320493148,3.75,6.25
B1,novel,no_memory,extra_contacts,8,8,3,1,1.125,1.0,1.246423454758225,0.375,2.0
B1,novel,no_memory,energy_proxy,8,8,3,1,56.54171371459961,50.21108055114746,20.4758613978862,44.28613157272339,70.57869521379472
B1,novel,no_memory,joint_velocity_rms,8,8,3,1,0.7630209699273109,0.7219485938549042,0.1338996993763401,0.6822293849661947,0.8548526236787438
B1,novel,randomized,motor_rhythm_power,8,8,3,1,0.0,0.0,0.0,0.0,0.0
B1,novel,randomized,motor_frequency_hz,0,8,3,1,,,,,
B1,novel,randomized,oscillating_mn_fraction,8,8,3,1,0.0,0.0,0.0,0.0,0.0
B1,novel,randomized,key_accuracy,8,8,3,1,1.0,1.0,0.0,1.0,1.0
B1,novel,randomized,precision,8,8,3,1,1.0,1.0,0.0,1.0,1.0
B1,novel,randomized,timing_mae_s,8,8,3,1,0.09249999999999989,0.09108333333333321,0.00574318091166617,0.0898124999999999,0.09662552083333321
B1,novel,randomized,timing_jitter_s,8,8,3,1,0.006359020544432702,0.006605169099953973,0.002807376212524335,0.0046394055505216665,0.00827163523714751
B1,novel,randomized,misses,8,8,3,1,0.0,0.0,0.0,0.0,0.0
B1,novel,randomized,extra_contacts,8,8,3,1,0.0,0.0,0.0,0.0,0.0
B1,novel,randomized,energy_proxy,8,8,3,1,54.005515575408936,49.55557632446289,11.548429392043097,47.094276905059814,62.14071102142334
B1,novel,randomized,joint_velocity_rms,8,8,3,1,0.7676920965313911,0.7364645898342133,0.07975061067704368,0.7203949218615889,0.8227381797507405
B1,novel,rnn,motor_rhythm_power,8,8,3,1,0.0,0.0,0.0,0.0,0.0
B1,novel,rnn,motor_frequency_hz,0,8,3,1,,,,,
B1,novel,rnn,oscillating_mn_fraction,8,8,3,1,0.0,0.0,0.0,0.0,0.0
B1,novel,rnn,key_accuracy,8,8,3,1,1.0,1.0,0.0,1.0,1.0
B1,novel,rnn,precision,8,8,3,1,1.0,1.0,0.0,1.0,1.0
B1,novel,rnn,timing_mae_s,8,8,3,1,0.08866666666666653,0.08883333333333315,0.0011126972805283,0.08799999999999991,0.08933333333333317
B1,novel,rnn,timing_jitter_s,8,8,3,1,0.0024003865413261658,0.002886751345947905,0.0007410947073803836,0.001867771968166228,0.0028068515551418994
B1,novel,rnn,misses,8,8,3,1,0.0,0.0,0.0,0.0,0.0
B1,novel,rnn,extra_contacts,8,8,3,1,0.0,0.0,0.0,0.0,0.0
B1,novel,rnn,energy_proxy,8,8,3,1,55.99856472015381,54.48672103881836,10.998601587545881,49.40069007873535,63.61364555358887
B1,novel,rnn,joint_velocity_rms,8,8,3,1,0.784153662621975,0.7769028544425964,0.07440110310158222,0.7393762543797493,0.8363091349601746
B1,novel,sequence_specific,motor_rhythm_power,8,8,3,1,0.7129444107413292,0.7176276445388794,0.10759467194972924,0.6378446402028203,0.7777967223897576
B1,novel,sequence_specific,motor_frequency_hz,8,8,3,1,8.805057615995116,8.770032051282051,0.2883474165226991,8.62293956043956,9.00116686698718
B1,novel,sequence_specific,oscillating_mn_fraction,8,8,3,1,0.02519132653061224,0.02423469387755102,0.007645465132072612,0.020089285714285712,0.02998246173469391
B1,novel,sequence_specific,key_accuracy,8,8,3,1,0.12499999999999999,0.08333333333333333,0.10910894511799618,0.05208333333333333,0.19791666666666666
B1,novel,sequence_specific,precision,8,8,3,1,0.0859375,0.0625,0.07168388151493764,0.0390625,0.1328125
B1,novel,sequence_specific,timing_mae_s,6,8,3,1,0.08666666666666696,0.08666666666666697,0.0007302967433402247,0.08622222222222252,0.08711111111111142
B1,novel,sequence_specific,timing_jitter_s,3,8,3,1,0.09782296935451006,0.09782296935451006,0.0,0.09782296935451006,0.09782296935451006
B1,novel,sequence_specific,misses,8,8,3,1,10.5,11.0,1.3093073414159542,9.625,11.375
B1,novel,sequence_specific,extra_contacts,8,8,3,1,14.75,15.0,0.4629100498862757,14.375,15.0
B1,novel,sequence_specific,energy_proxy,8,8,3,1,134.86796188354492,144.06878662109375,18.745671989474246,120.03993225097656,145.20966720581055
B1,novel,sequence_specific,joint_velocity_rms,8,8,3,1,1.2436433285474777,1.2731772661209106,0.08276210477543715,1.182956337928772,1.2913840264081955
B2,height,direct,motor_rhythm_power,8,8,3,1,0.7160013020038605,0.7439810037612915,0.09434544023871501,0.6481578465551138,0.7678951481357217
B2,height,direct,motor_frequency_hz,8,8,3,1,8.808182615995115,8.770032051282051,0.2862450554800525,8.626172447344322,9.00335932730464
B2,height,direct,oscillating_mn_fraction,8,8,3,1,0.02519132653061224,0.02423469387755102,0.007645465132072612,0.020089285714285712,0.02998246173469391
B2,height,direct,key_accuracy,8,8,3,1,0.9791666666666666,1.0,0.038575837490523,0.9479166666666666,1.0
B2,height,direct,precision,8,8,3,1,0.45785953177257527,0.46153846153846156,0.14944524914137522,0.35714882943143816,0.5480769230769231
B2,height,direct,timing_mae_s,8,8,3,1,0.06752840909090897,0.06599999999999993,0.01930690433492723,0.05589583333333322,0.08093560606060592
B2,height,direct,timing_jitter_s,8,8,3,1,0.04096905000941024,0.05099732613311481,0.017556384429694146,0.02855187864522959,0.05179362454660684
B2,height,direct,misses,8,8,3,1,0.25,0.0,0.4629100498862757,0.0,0.625
B2,height,direct,extra_contacts,8,8,3,1,17.0,14.0,11.451762185046332,10.25,24.875
B2,height,direct,energy_proxy,8,8,3,1,100.89857864379883,96.20556640625,29.346676769905237,83.33489227294922,121.0363998413086
B2,height,direct,joint_velocity_rms,8,8,3,1,1.0334654971957207,1.0199822187423706,0.14740528793462865,0.944716788828373,1.1364823877811432
B2,height,full,motor_rhythm_power,8,8,3,1,0.7130019590258598,0.7331657707691193,0.10462656997366857,0.6368621481582523,0.7718015611171722
B2,height,full,motor_frequency_hz,8,8,3,1,8.79464094932845,8.770032051282051,0.30754258737459583,8.591689560439562,8.998763020833334
B2,height,full,oscillating_mn_fraction,8,8,3,1,0.02519132653061224,0.02423469387755102,0.007645465132072612,0.020089285714285712,0.02998246173469391
B2,height,full,key_accuracy,8,8,3,1,0.7916666666666666,0.7916666666666667,0.1781741612749496,0.6666666666666667,0.8958333333333333
B2,height,full,precision,8,8,3,1,1.0,1.0,0.0,1.0,1.0
B2,height,full,timing_mae_s,8,8,3,1,0.11188358585858574,0.11183838383838375,0.002045449147553136,0.11060404040404029,0.11319075126262614
B2,height,full,timing_jitter_s,8,8,3,1,0.004352734429195192,0.003728020265528385,0.0025086093510551027,0.002950329837206587,0.006148894278143264
B2,height,full,misses,8,8,3,1,2.5,2.5,2.138089935299395,1.25,4.0
B2,height,full,extra_contacts,8,8,3,1,0.0,0.0,0.0,0.0,0.0
B2,height,full,energy_proxy,8,8,3,1,41.43333697319031,41.72831916809082,10.536800255720168,34.86381196975708,48.32214096784592
B2,height,full,joint_velocity_rms,8,8,3,1,0.6443438082933426,0.6439937949180603,0.0933498921569937,0.5855028320103883,0.7058922996744514
B2,height,no_body_mapping,motor_rhythm_power,8,8,3,1,0.7123139798641205,0.7266060411930084,0.09922433638646043,0.6398471668362617,0.7686527187004686
B2,height,no_body_mapping,motor_frequency_hz,8,8,3,1,8.79464094932845,8.770032051282051,0.30754258737459583,8.591689560439562,8.998763020833334
B2,height,no_body_mapping,oscillating_mn_fraction,8,8,3,1,0.02519132653061224,0.02423469387755102,0.007645465132072612,0.020089285714285712,0.02998246173469391
B2,height,no_body_mapping,key_accuracy,8,8,3,1,0.71875,0.7916666666666666,0.2517301244498869,0.5520833333333333,0.875
B2,height,no_body_mapping,precision,8,8,3,1,0.8827838827838828,0.8516483516483516,0.11502064811800428,0.8053685897435898,0.9584134615384617
B2,height,no_body_mapping,timing_mae_s,8,8,3,1,0.047924242424242244,0.04768181818181789,0.002094278607540749,0.046611647727272554,0.04926330492424226
B2,height,no_body_mapping,timing_jitter_s,8,8,3,1,0.004919385237658842,0.004274975384985146,0.001756822752089648,0.003944848311083321,0.006195290262132263
B2,height,no_body_mapping,misses,8,8,3,1,3.375,2.5,3.020761493398643,1.5,5.375
B2,height,no_body_mapping,extra_contacts,8,8,3,1,1.25,2.0,1.0350983390135313,0.5,1.75
B2,height,no_body_mapping,energy_proxy,8,8,3,1,34.71705174446106,31.83536720275879,14.767060324772297,25.64205906391144,44.75054621696472
B2,height,no_body_mapping,joint_velocity_rms,8,8,3,1,0.5904977768659592,0.5730828046798706,0.1301708083333718,0.5092411899007857,0.6784433089196682
B2,height,no_memory,motor_rhythm_power,8,8,3,1,0.7187452167272568,0.7506589889526367,0.09154879733992437,0.6533827286213636,0.7696772867813706
B2,height,no_memory,motor_frequency_hz,8,8,3,1,8.79464094932845,8.770032051282051,0.30754258737459583,8.591689560439562,8.998763020833334
B2,height,no_memory,oscillating_mn_fraction,8,8,3,1,0.02519132653061224,0.02423469387755102,0.007645465132072612,0.020089285714285712,0.02998246173469391
B2,height,no_memory,key_accuracy,8,8,3,1,0.75,0.75,0.14773421007131973,0.65625,0.84375
B2,height,no_memory,precision,8,8,3,1,0.837693250377074,0.8397435897435898,0.1550995270759122,0.7354278610482654,0.9366515837104072
B2,height,no_memory,timing_mae_s,8,8,3,1,0.11119166666666655,0.10968181818181807,0.003555631230337283,0.10909986742424237,0.11353203124999989
B2,height,no_memory,timing_jitter_s,8,8,3,1,0.007902248965303359,0.009329852769864182,0.004294625977293332,0.005051659943311675,0.010588532371678675
B2,height,no_memory,misses,8,8,3,1,3.0,3.0,1.7728105208558367,1.875,4.125
B2,height,no_memory,extra_contacts,8,8,3,1,2.25,2.0,2.49284690951645,0.75,4.0
B2,height,no_memory,energy_proxy,8,8,3,1,44.12814164161682,39.803829193115234,20.285477418526476,32.00274348258972,57.95528956651688
B2,height,no_memory,joint_velocity_rms,8,8,3,1,0.6653296202421188,0.641831636428833,0.15752385810944866,0.5688884023576974,0.774077288620174
B2,mirrored,direct,motor_rhythm_power,8,8,3,1,0.7198337987065315,0.7503457367420197,0.09644345148002946,0.650050937756896,0.7723895533010363
B2,mirrored,direct,motor_frequency_hz,8,8,3,1,8.808182615995115,8.770032051282051,0.2862450554800525,8.626172447344322,9.00335932730464
B2,mirrored,direct,oscillating_mn_fraction,8,8,3,1,0.02519132653061224,0.02423469387755102,0.007645465132072612,0.020089285714285712,0.02998246173469391
B2,mirrored,direct,key_accuracy,8,8,3,1,0.041666666666666664,0.0,0.07715167498104596,0.0,0.10416666666666666
B2,mirrored,direct,precision,8,8,3,1,0.02631578947368421,0.0,0.04872737367223955,0.0,0.06578947368421052
B2,mirrored,direct,timing_mae_s,2,8,3,1,0.11300000000000043,0.11300000000000043,0.0,0.11300000000000043,0.11300000000000043
B2,mirrored,direct,timing_jitter_s,2,8,3,1,0.015556349186104216,0.015556349186104216,0.0,0.015556349186104216,0.015556349186104216
B2,mirrored,direct,misses,8,8,3,1,11.5,12.0,0.9258200997725514,10.75,12.0
B2,mirrored,direct,extra_contacts,8,8,3,1,13.625,13.0,2.1339098923270936,12.375,15.125
B2,mirrored,direct,energy_proxy,8,8,3,1,102.47784042358398,98.93209838867188,25.347201011606202,87.27604293823242,120.01084899902344
B2,mirrored,direct,joint_velocity_rms,8,8,3,1,1.0707875192165375,1.05612051486969,0.1346034915994144,0.9898444712162018,1.1649857759475708
B2,mirrored,full,motor_rhythm_power,8,8,3,1,0.709134891629219,0.7472622394561768,0.09155583324162102,0.6441481046378612,0.760043983720243
B2,mirrored,full,motor_frequency_hz,8,8,3,1,8.792958257020757,8.760416666666668,0.30650828966391674,8.592036830357143,8.997632068452381
B2,mirrored,full,oscillating_mn_fraction,8,8,3,1,0.02519132653061224,0.02423469387755102,0.007645465132072612,0.020089285714285712,0.02998246173469391
B2,mirrored,full,key_accuracy,8,8,3,1,0.5208333333333333,0.5833333333333334,0.1767766952966369,0.39583333333333337,0.625
B2,mirrored,full,precision,8,8,3,1,1.0,1.0,0.0,1.0,1.0
B2,mirrored,full,timing_mae_s,8,8,3,1,0.112080357142857,0.1121499999999998,0.0022184876194796554,0.11061964285714267,0.11346084821428562
B2,mirrored,full,timing_jitter_s,8,8,3,1,0.0031084720037227553,0.003033150177620762,0.0013629786876719965,0.0022598367090239813,0.0040029151605967825
B2,mirrored,full,misses,8,8,3,1,5.75,5.0,2.1213203435596424,4.5,7.25
B2,mirrored,full,extra_contacts,8,8,3,1,0.0,0.0,0.0,0.0,0.0
B2,mirrored,full,energy_proxy,8,8,3,1,36.611438035964966,34.78522872924805,7.40879414577358,32.109130072593686,41.522798508405685
B2,mirrored,full,joint_velocity_rms,8,8,3,1,0.6238335371017456,0.6114759147167206,0.061090481984653465,0.5860452875494957,0.6648629456758499
B2,mirrored,no_body_mapping,motor_rhythm_power,8,8,3,1,0.6489290371537209,0.636917382478714,0.0800288962717438,0.5997320067137479,0.7003192447125912
B2,mirrored,no_body_mapping,motor_frequency_hz,8,8,3,1,8.820335393772893,8.805059523809524,0.24096143805951906,8.667198040674604,8.984598214285715
B2,mirrored,no_body_mapping,oscillating_mn_fraction,8,8,3,1,0.02582908163265306,0.02423469387755102,0.0068772866132527765,0.021364795918367346,0.030293367346938778
B2,mirrored,no_body_mapping,key_accuracy,8,8,3,1,0.05208333333333333,0.08333333333333333,0.04312909745889714,0.020833333333333332,0.07291666666666666
B2,mirrored,no_body_mapping,precision,8,8,3,1,0.009217642636627747,0.010695493022191718,0.008132935971769948,0.004003660489590483,0.01427906515365779
B2,mirrored,no_body_mapping,timing_mae_s,5,8,3,1,0.17719999999999966,0.16000000000000014,0.0254007873893704,0.1583999999999996,0.19599999999999973
B2,mirrored,no_body_mapping,timing_jitter_s,0,8,3,1,,,,,
B2,mirrored,no_body_mapping,misses,8,8,3,1,11.375,11.0,0.5175491695067657,11.125,11.75
B2,mirrored,no_body_mapping,extra_contacts,8,8,3,1,58.125,55.5,23.049248515794545,44.0,74.125
B2,mirrored,no_body_mapping,energy_proxy,8,8,3,1,561.0013465881348,554.5887756347656,162.54328689411102,462.39150619506836,671.7134857177734
B2,mirrored,no_body_mapping,joint_velocity_rms,8,8,3,1,2.2718170136213303,2.3054263591766357,0.3549639687950302,2.0576922714710237,2.493366274982691
B2,mirrored,no_memory,motor_rhythm_power,8,8,3,1,0.7156982347369194,0.7410163879394531,0.09753783283045388,0.6458904251456261,0.7702978624030947
B2,mirrored,no_memory,motor_frequency_hz,8,8,3,1,8.789833257020756,8.760416666666668,0.30829626504385454,8.58897951007326,8.995048363095238
B2,mirrored,no_memory,oscillating_mn_fraction,8,8,3,1,0.02519132653061224,0.02423469387755102,0.007645465132072612,0.020089285714285712,0.02998246173469391
B2,mirrored,no_memory,key_accuracy,8,8,3,1,0.5625,0.625,0.21245914639969937,0.41666666666666674,0.6875
B2,mirrored,no_memory,precision,8,8,3,1,0.857390873015873,0.8819444444444444,0.14124355431690472,0.7641369047619048,0.9486607142857143
B2,mirrored,no_memory,timing_mae_s,8,8,3,1,0.12889900793650777,0.12897222222222204,0.003473187484878145,0.1266447123015872,0.1311467559523808
B2,mirrored,no_memory,timing_jitter_s,8,8,3,1,0.0038490081260756275,0.004282367608716486,0.0016729871775763344,0.002746506824790073,0.004903673387850726
B2,mirrored,no_memory,misses,8,8,3,1,5.25,4.5,2.5495097567963922,3.75,7.0
B2,mirrored,no_memory,extra_contacts,8,8,3,1,0.875,1.0,0.8345229603962802,0.375,1.375
B2,mirrored,no_memory,energy_proxy,8,8,3,1,54.07711315155029,48.65831184387207,15.665071337517018,44.73219293355942,65.07043648958206
B2,mirrored,no_memory,joint_velocity_rms,8,8,3,1,0.7507656514644623,0.7133384346961975,0.10607064050077857,0.6869023218750954,0.8235163958743215
B2,shifted,direct,motor_rhythm_power,8,8,3,1,0.7199368700385094,0.7500670254230499,0.09707054424357119,0.6497829630970955,0.7733559086918831
B2,shifted,direct,motor_frequency_hz,8,8,3,1,8.808182615995115,8.770032051282051,0.2862450554800525,8.626172447344322,9.00335932730464
B2,shifted,direct,oscillating_mn_fraction,8,8,3,1,0.02519132653061224,0.02423469387755102,0.007645465132072612,0.020089285714285712,0.02998246173469391
B2,shifted,direct,key_accuracy,8,8,3,1,0.17708333333333331,0.16666666666666666,0.10386862122985208,0.11458333333333333,0.25
B2,shifted,direct,precision,8,8,3,1,0.13298872180451127,0.14285714285714285,0.05816880669604728,0.09774436090225563,0.1682330827067669
B2,shifted,direct,timing_mae_s,8,8,3,1,0.11137499999999942,0.11199999999999921,0.008296944360081576,0.10637499999999928,0.11662499999999966
B2,shifted,direct,timing_jitter_s,5,8,3,1,0.013818783203403923,0.009899494936611831,0.005366706482718387,0.009899494936611831,0.017738071470196015
B2,shifted,direct,misses,8,8,3,1,9.875,10.0,1.246423454758225,9.0,10.625
B2,shifted,direct,extra_contacts,8,8,3,1,13.125,13.0,1.246423454758225,12.375,14.0
B2,shifted,direct,energy_proxy,8,8,3,1,102.9403018951416,99.43540954589844,25.505167952145282,87.64012718200684,120.59953308105469
B2,shifted,direct,joint_velocity_rms,8,8,3,1,1.0710769966244698,1.056877851486206,0.13559243750120617,0.9895136877894402,1.1661131381988525
B2,shifted,full,motor_rhythm_power,8,8,3,1,0.7099486105144024,0.7365671992301941,0.09820220613327622,0.6383532769978046,0.7637499943375587
B2,shifted,full,motor_frequency_hz,8,8,3,1,8.792958257020757,8.760416666666668,0.30650828966391674,8.592036830357143,8.997632068452381
B2,shifted,full,oscillating_mn_fraction,8,8,3,1,0.02519132653061224,0.02423469387755102,0.007645465132072612,0.020089285714285712,0.02998246173469391
B2,shifted,full,key_accuracy,8,8,3,1,0.625,0.75,0.23145502494313785,0.45833333333333337,0.75
B2,shifted,full,precision,8,8,3,1,1.0,1.0,0.0,1.0,1.0
B2,shifted,full,timing_mae_s,8,8,3,1,0.1137817460317459,0.11366666666666644,0.003531968960326484,0.11144444444444432,0.11611111111111094
B2,shifted,full,timing_jitter_s,7,8,3,1,0.004828220441737877,0.0031797973380563215,0.0027204568595853716,0.0030710651074899466,0.00690927790916695
B2,shifted,full,misses,8,8,3,1,4.5,3.0,2.7774602993176543,3.0,6.5
B2,shifted,full,extra_contacts,8,8,3,1,0.0,0.0,0.0,0.0,0.0
B2,shifted,full,energy_proxy,8,8,3,1,42.93018817901611,38.33787155151367,11.812066474134104,36.03211368322373,51.227683949470524
B2,shifted,full,joint_velocity_rms,8,8,3,1,0.6763195097446442,0.6429295241832733,0.09639148320305688,0.6199361780658365,0.742234943062067
B2,shifted,no_body_mapping,motor_rhythm_power,8,8,3,1,0.7123736850917339,0.7396873831748962,0.0979254083249779,0.6412685614079237,0.7653541436418891
B2,shifted,no_body_mapping,motor_frequency_hz,8,8,3,1,8.79776594932845,8.770032051282051,0.3056940414571882,8.595502232142856,9.001888020833334
B2,shifted,no_body_mapping,oscillating_mn_fraction,8,8,3,1,0.02519132653061224,0.02423469387755102,0.007645465132072612,0.020089285714285712,0.02998246173469391
B2,shifted,no_body_mapping,key_accuracy,8,8,3,1,0.0,0.0,0.0,0.0,0.0
B2,shifted,no_body_mapping,precision,8,8,3,1,0.0,0.0,0.0,0.0,0.0
B2,shifted,no_body_mapping,timing_mae_s,0,8,3,1,,,,,
B2,shifted,no_body_mapping,timing_jitter_s,0,8,3,1,,,,,
B2,shifted,no_body_mapping,misses,8,8,3,1,12.0,12.0,0.0,12.0,12.0
B2,shifted,no_body_mapping,extra_contacts,8,8,3,1,7.875,9.0,3.044315545875155,5.75,9.5
B2,shifted,no_body_mapping,energy_proxy,8,8,3,1,43.455137729644775,40.58923530578613,7.670931237420077,38.96775255203247,48.79443386793137
B2,shifted,no_body_mapping,joint_velocity_rms,8,8,3,1,0.6750466078519821,0.6601822376251221,0.05745373247322325,0.640814895555377,0.7137343814596534
B2,shifted,no_memory,motor_rhythm_power,8,8,3,1,0.7132691144943237,0.7404651641845703,0.09481983397084605,0.6460584757849575,0.7672348216176033
B2,shifted,no_memory,motor_frequency_hz,8,8,3,1,8.79776594932845,8.770032051282051,0.3056940414571882,8.595502232142856,9.001888020833334
B2,shifted,no_memory,oscillating_mn_fraction,8,8,3,1,0.02519132653061224,0.02423469387755102,0.007645465132072612,0.020089285714285712,0.02998246173469391
B2,shifted,no_memory,key_accuracy,8,8,3,1,0.5833333333333333,0.6666666666666666,0.19920476822239896,0.43750000000000006,0.6979166666666666
B2,shifted,no_memory,precision,8,8,3,1,0.7304292929292929,0.75,0.2247282203922147,0.5823863636363636,0.8784722222222222
B2,shifted,no_memory,timing_mae_s,8,8,3,1,0.13021130952380938,0.1276666666666666,0.006169646605894179,0.1262692212301586,0.13431977926587263
B2,shifted,no_memory,timing_jitter_s,8,8,3,1,0.009042858864502717,0.009171138974325688,0.005495671063360987,0.0056760721004473795,0.012603685676621857
B2,shifted,no_memory,misses,8,8,3,1,5.0,4.0,2.390457218668787,3.625,6.75
B2,shifted,no_memory,extra_contacts,8,8,3,1,2.75,2.5,2.6049403612586386,1.125,4.5
B2,shifted,no_memory,energy_proxy,8,8,3,1,63.757330894470215,55.462724685668945,27.523554133795646,47.22397782802582,82.760140645504
B2,shifted,no_memory,joint_velocity_rms,8,8,3,1,0.8118951991200447,0.7655097246170044,0.17580583243496054,0.704865175485611,0.9330793768167496
B2,spacing,direct,motor_rhythm_power,8,8,3,1,0.7198362872004509,0.7503556609153748,0.09644455431899486,0.6500534189864993,0.7723895609378815
B2,spacing,direct,motor_frequency_hz,8,8,3,1,8.808182615995115,8.770032051282051,0.2862450554800525,8.626172447344322,9.00335932730464
B2,spacing,direct,oscillating_mn_fraction,8,8,3,1,0.02519132653061224,0.02423469387755102,0.007645465132072612,0.020089285714285712,0.02998246173469391
B2,spacing,direct,key_accuracy,8,8,3,1,0.9270833333333333,0.9166666666666666,0.06954358003302334,0.8854166666666666,0.96875
B2,spacing,direct,precision,8,8,3,1,0.8214827935222673,0.9166666666666666,0.18220519482881478,0.6751012145748988,0.920673076923077
B2,spacing,direct,timing_mae_s,8,8,3,1,0.09460113636363619,0.09163636363636347,0.006562876233101118,0.0909261363636362,0.09968749999999982
B2,spacing,direct,timing_jitter_s,8,8,3,1,0.010667067134564823,0.007821880731756013,0.0054443310955950095,0.0077034968606934295,0.015041392222734366
B2,spacing,direct,misses,8,8,3,1,0.875,1.0,0.8345229603962802,0.375,1.375
B2,spacing,direct,extra_contacts,8,8,3,1,3.0,1.0,3.7032803990902057,1.0,6.0
B2,spacing,direct,energy_proxy,8,8,3,1,102.49052047729492,98.93209838867188,25.369277368939436,87.27604293823242,120.03620910644531
B2,spacing,direct,joint_velocity_rms,8,8,3,1,1.0708127915859222,1.05612051486969,0.13464706528210774,0.9898444712162018,1.1650363206863403
B2,spacing,full,motor_rhythm_power,8,8,3,1,0.7098740190267563,0.7251382172107697,0.0990136127194974,0.6365908235311508,0.766923950985074
B2,spacing,full,motor_frequency_hz,8,8,3,1,8.79464094932845,8.770032051282051,0.30754258737459583,8.591689560439562,8.998763020833334
B2,spacing,full,oscillating_mn_fraction,8,8,3,1,0.02519132653061224,0.02423469387755102,0.007645465132072612,0.020089285714285712,0.02998246173469391
B2,spacing,full,key_accuracy,8,8,3,1,0.5104166666666667,0.5416666666666667,0.18600595228571123,0.375,0.6041666666666667
B2,spacing,full,precision,8,8,3,1,1.0,1.0,0.0,1.0,1.0
B2,spacing,full,timing_mae_s,8,8,3,1,0.1132961309523809,0.11324999999999989,0.0028842775934347863,0.11135550595238086,0.11511607142857139
B2,spacing,full,timing_jitter_s,7,8,3,1,0.005384942321317701,0.004832922806867701,0.003845686349483405,0.002920075123153114,0.00813892184656319
B2,spacing,full,misses,8,8,3,1,5.875,5.5,2.2320714274285347,4.75,7.5
B2,spacing,full,extra_contacts,8,8,3,1,0.0,0.0,0.0,0.0,0.0
B2,spacing,full,energy_proxy,8,8,3,1,43.84733057022095,39.41994857788086,16.598577633169945,33.63652294874191,55.06637365818024
B2,spacing,full,joint_velocity_rms,8,8,3,1,0.6756900325417519,0.6461627781391144,0.1285859465348393,0.5968300353735685,0.7625696182250977
B2,spacing,no_body_mapping,motor_rhythm_power,8,8,3,1,0.7102610990405083,0.7251947522163391,0.1002442588480437,0.6360163148492575,0.7670787420123816
B2,spacing,no_body_mapping,motor_frequency_hz,8,8,3,1,8.79464094932845,8.770032051282051,0.30754258737459583,8.591689560439562,8.998763020833334
B2,spacing,no_body_mapping,oscillating_mn_fraction,8,8,3,1,0.02519132653061224,0.02423469387755102,0.007645465132072612,0.020089285714285712,0.02998246173469391
B2,spacing,no_body_mapping,key_accuracy,8,8,3,1,0.4895833333333333,0.5,0.18059370781283413,0.36458333333333337,0.5833333333333333
B2,spacing,no_body_mapping,precision,8,8,3,1,1.0,1.0,0.0,1.0,1.0
B2,spacing,no_body_mapping,timing_mae_s,8,8,3,1,0.11226041666666653,0.11199999999999953,0.0024256554915099418,0.1106666666666665,0.11380208333333333
B2,spacing,no_body_mapping,timing_jitter_s,7,8,3,1,0.004070665923290797,0.0036154430670979933,0.003653941994310441,0.0020878546656551544,0.006820125407941322
B2,spacing,no_body_mapping,misses,8,8,3,1,6.125,6.0,2.1671244937540095,5.0,7.625
B2,spacing,no_body_mapping,extra_contacts,8,8,3,1,0.0,0.0,0.0,0.0,0.0
B2,spacing,no_body_mapping,energy_proxy,8,8,3,1,35.07280206680298,31.526142120361328,11.223814892363704,28.57011604309082,42.8689489364624
B2,spacing,no_body_mapping,joint_velocity_rms,8,8,3,1,0.605060376226902,0.5774005055427551,0.09786917006580602,0.5481717014685273,0.6730873212218285
B2,spacing,no_memory,motor_rhythm_power,8,8,3,1,0.7140374854207039,0.7384633421897888,0.09225610256398804,0.6481882762163877,0.7659366631880402
B2,spacing,no_memory,motor_frequency_hz,8,8,3,1,8.79776594932845,8.770032051282051,0.3056940414571882,8.595502232142856,9.001888020833334
B2,spacing,no_memory,oscillating_mn_fraction,8,8,3,1,0.02519132653061224,0.02423469387755102,0.007645465132072612,0.020089285714285712,0.02998246173469391
B2,spacing,no_memory,key_accuracy,8,8,3,1,0.4895833333333333,0.5,0.13684004681634104,0.38541666666666663,0.5625
B2,spacing,no_memory,precision,8,8,3,1,0.8479166666666667,0.875,0.15044576621303962,0.746875,0.9427083333333333
B2,spacing,no_memory,timing_mae_s,8,8,3,1,0.12894642857142835,0.12707142857142845,0.0049148524102405585,0.1258510416666665,0.1322205357142854
B2,spacing,no_memory,timing_jitter_s,8,8,3,1,0.008153124872712905,0.008658980233672524,0.004435525421998101,0.005390145241612226,0.010964242206963484
B2,spacing,no_memory,misses,8,8,3,1,6.125,6.0,1.6420805617960927,5.25,7.375
B2,spacing,no_memory,extra_contacts,8,8,3,1,1.125,1.0,1.246423454758225,0.375,2.0
B2,spacing,no_memory,energy_proxy,8,8,3,1,63.28892278671265,51.83280944824219,33.378033689473554,43.71284395456314,86.5801306128502
B2,spacing,no_memory,joint_velocity_rms,8,8,3,1,0.7988638430833817,0.7387813329696655,0.2053286022711529,0.6763548914343118,0.940388522297144
B3,disable_LF,direct,motor_rhythm_power,8,8,3,1,0.7119667306542397,0.7290850877761841,0.09382326287644423,0.6449727639555931,0.764958031475544
B3,disable_LF,direct,motor_frequency_hz,8,8,3,1,8.808182615995115,8.770032051282051,0.2862450554800525,8.626172447344322,9.00335932730464
B3,disable_LF,direct,oscillating_mn_fraction,8,8,3,1,0.02519132653061224,0.02423469387755102,0.007645465132072612,0.020089285714285712,0.02998246173469391
B3,disable_LF,direct,key_accuracy,8,8,3,1,0.78125,0.8333333333333334,0.17782582436059113,0.65625,0.8854166666666666
B3,disable_LF,direct,precision,8,8,3,1,0.9,1.0,0.1851640199545103,0.75,1.0
B3,disable_LF,direct,timing_mae_s,8,8,3,1,0.09229621212121197,0.08979999999999988,0.005812653792932182,0.08901590909090898,0.09674621212121191
B3,disable_LF,direct,timing_jitter_s,8,8,3,1,0.006398686573646749,0.004848825745591388,0.0035725007156395673,0.004385586244859158,0.009140393366388798
B3,disable_LF,direct,misses,8,8,3,1,2.625,2.0,2.1339098923270936,1.375,4.125
B3,disable_LF,direct,extra_contacts,8,8,3,1,1.0,0.0,1.8516401995451028,0.0,2.5
B3,disable_LF,direct,energy_proxy,8,8,3,1,68.04697513580322,66.61837768554688,2.926388393212362,66.43081378936768,70.35867881774902
B3,disable_LF,direct,joint_velocity_rms,8,8,3,1,0.8711886629462242,0.8595454096794128,0.023142898954977134,0.8584852293133736,0.8896077051758766
B3,disable_LF,full,motor_rhythm_power,8,8,3,1,0.711833018809557,0.7275124788284302,0.10193489635566333,0.6366414166986942,0.7705627335235476
B3,disable_LF,full,motor_frequency_hz,8,8,3,1,8.79776594932845,8.770032051282051,0.3056940414571882,8.595502232142856,9.001888020833334
B3,disable_LF,full,oscillating_mn_fraction,8,8,3,1,0.02519132653061224,0.02423469387755102,0.007645465132072612,0.020089285714285712,0.02998246173469391
B3,disable_LF,full,key_accuracy,8,8,3,1,0.53125,0.5416666666666667,0.20863074009907004,0.3854166666666667,0.6458333333333334
B3,disable_LF,full,precision,8,8,3,1,1.0,1.0,0.0,1.0,1.0
B3,disable_LF,full,timing_mae_s,8,8,3,1,0.11198214285714275,0.11211111111111069,0.00201329914960212,0.1106924603174603,0.11326984126984127
B3,disable_LF,full,timing_jitter_s,7,8,3,1,0.0028087035768029887,0.003126943839882072,0.0015223487144627704,0.0018027692832450215,0.003911462911335354
B3,disable_LF,full,misses,8,8,3,1,5.625,5.5,2.5035688811888406,4.25,7.375
B3,disable_LF,full,extra_contacts,8,8,3,1,0.0,0.0,0.0,0.0,0.0
B3,disable_LF,full,energy_proxy,8,8,3,1,35.53015899658203,32.28251838684082,11.206461869454392,29.126590114831924,43.36584661602974
B3,disable_LF,full,joint_velocity_rms,8,8,3,1,0.6106329187750816,0.5864874720573425,0.09731559998132228,0.5539198212325573,0.6782144105061889
B3,disable_LF,no_memory,motor_rhythm_power,8,8,3,1,0.7109309285879135,0.7376611232757568,0.09196814809386447,0.6449935095384717,0.762485190294683
B3,disable_LF,no_memory,motor_frequency_hz,8,8,3,1,8.792958257020757,8.760416666666668,0.30650828966391674,8.592036830357143,8.997632068452381
B3,disable_LF,no_memory,oscillating_mn_fraction,8,8,3,1,0.02519132653061224,0.02423469387755102,0.007645465132072612,0.020089285714285712,0.02998246173469391
B3,disable_LF,no_memory,key_accuracy,8,8,3,1,0.59375,0.625,0.1632841276707762,0.4791666666666667,0.6875
B3,disable_LF,no_memory,precision,8,8,3,1,0.8645833333333333,0.9,0.1398518206747118,0.7708333333333333,0.95
B3,disable_LF,no_memory,timing_mae_s,8,8,3,1,0.1286344246031744,0.12738095238095223,0.003933615510255812,0.12619319196428552,0.1312658730158728
B3,disable_LF,no_memory,timing_jitter_s,8,8,3,1,0.004582749759749346,0.0044821839365548535,0.001704666090893824,0.0035356511094749798,0.005681590885435199
B3,disable_LF,no_memory,misses,8,8,3,1,4.875,4.5,1.9594095320493148,3.75,6.25
B3,disable_LF,no_memory,extra_contacts,8,8,3,1,1.125,1.0,1.246423454758225,0.375,2.0
B3,disable_LF,no_memory,energy_proxy,8,8,3,1,56.54171371459961,50.21108055114746,20.4758613978862,44.28613157272339,70.57869521379472
B3,disable_LF,no_memory,joint_velocity_rms,8,8,3,1,0.7630209699273109,0.7219485938549042,0.1338996993763401,0.6822293849661947,0.8548526236787438
B3,disable_LM,direct,motor_rhythm_power,8,8,3,1,0.71957628428936,0.7497688829898834,0.09635071649719065,0.6498914424329996,0.7722204029560089
B3,disable_LM,direct,motor_frequency_hz,8,8,3,1,8.808182615995115,8.770032051282051,0.2862450554800525,8.626172447344322,9.00335932730464
B3,disable_LM,direct,oscillating_mn_fraction,8,8,3,1,0.02519132653061224,0.02423469387755102,0.007645465132072612,0.020089285714285712,0.02998246173469391
B3,disable_LM,direct,key_accuracy,8,8,3,1,0.8020833333333334,0.8333333333333334,0.04312909745889716,0.7708333333333334,0.8229166666666667
B3,disable_LM,direct,precision,8,8,3,1,0.809988038277512,0.9,0.17513687963280286,0.6698564593301435,0.9056818181818181
B3,disable_LM,direct,timing_mae_s,8,8,3,1,0.0950833333333332,0.0919999999999999,0.0061241563504935755,0.0917222222222221,0.09995833333333318
B3,disable_LM,direct,timing_jitter_s,8,8,3,1,0.011046497963581009,0.008875684637129391,0.004900909467466558,0.008293538108845455,0.01482664982871398
B3,disable_LM,direct,misses,8,8,3,1,2.375,2.0,0.5175491695067657,2.125,2.75
B3,disable_LM,direct,extra_contacts,8,8,3,1,3.0,1.0,3.7032803990902057,1.0,6.0
B3,disable_LM,direct,energy_proxy,8,8,3,1,97.67204570770264,95.73013305664062,29.201240308823433,80.06687641143799,117.81449699401855
B3,disable_LM,direct,joint_velocity_rms,8,8,3,1,1.042461782693863,1.0390186309814453,0.15827383831597655,0.9469103813171387,1.1489455848932266
B3,disable_LM,full,motor_rhythm_power,8,8,3,1,0.7132919915020466,0.7271121740341187,0.10147933775696971,0.6402096653357148,0.7715863585472107
B3,disable_LM,full,motor_frequency_hz,8,8,3,1,8.79776594932845,8.770032051282051,0.3056940414571882,8.595502232142856,9.001888020833334
B3,disable_LM,full,oscillating_mn_fraction,8,8,3,1,0.02519132653061224,0.02423469387755102,0.007645465132072612,0.020089285714285712,0.02998246173469391
B3,disable_LM,full,key_accuracy,8,8,3,1,0.5833333333333333,0.5833333333333333,0.2182178902359924,0.4375,0.7083333333333334
B3,disable_LM,full,precision,8,8,3,1,1.0,1.0,0.0,1.0,1.0
B3,disable_LM,full,timing_mae_s,8,8,3,1,0.11169791666666659,0.11166666666666664,0.0020412110764765623,0.11037473958333306,0.11302083333333338
B3,disable_LM,full,timing_jitter_s,8,8,3,1,0.002848803131704318,0.0030472067242283173,0.0013941875138319551,0.0019670706465231753,0.003750797728275085
B3,disable_LM,full,misses,8,8,3,1,5.0,5.0,2.6186146828319083,3.5,6.75
B3,disable_LM,full,extra_contacts,8,8,3,1,0.0,0.0,0.0,0.0,0.0
B3,disable_LM,full,energy_proxy,8,8,3,1,36.38503694534302,33.13835906982422,11.931515402824417,29.56320815682411,44.757715940475464
B3,disable_LM,full,joint_velocity_rms,8,8,3,1,0.6183643639087677,0.5934005677700043,0.10226768608631048,0.5581102972850204,0.6885517932474613
B3,disable_LM,no_memory,motor_rhythm_power,8,8,3,1,0.7130203247070312,0.7442542910575867,0.09218095763260345,0.6460735289379954,0.7628524662926793
B3,disable_LM,no_memory,motor_frequency_hz,8,8,3,1,8.789833257020756,8.760416666666668,0.30829626504385454,8.58897951007326,8.995048363095238
B3,disable_LM,no_memory,oscillating_mn_fraction,8,8,3,1,0.02519132653061224,0.02423469387755102,0.007645465132072612,0.020089285714285712,0.02998246173469391
B3,disable_LM,no_memory,key_accuracy,8,8,3,1,0.6354166666666666,0.6666666666666666,0.16021748611541395,0.53125,0.7395833333333333
B3,disable_LM,no_memory,precision,8,8,3,1,0.8782196969696969,0.9045454545454545,0.1271849251353595,0.7928030303030302,0.9573863636363636
B3,disable_LM,no_memory,timing_mae_s,8,8,3,1,0.12892232142857124,0.12781428571428557,0.003942546581604717,0.1264077380952379,0.1315281423611109
B3,disable_LM,no_memory,timing_jitter_s,8,8,3,1,0.004689867223803498,0.004738257791993412,0.001745803710877438,0.003589347240728003,0.00582534465021478
B3,disable_LM,no_memory,misses,8,8,3,1,4.375,4.0,1.9226098333849673,3.125,5.625
B3,disable_LM,no_memory,extra_contacts,8,8,3,1,1.125,1.0,1.246423454758225,0.375,2.0
B3,disable_LM,no_memory,energy_proxy,8,8,3,1,57.48645496368408,51.3188362121582,21.118268464238675,44.65933611392975,71.9181088924408
B3,disable_LM,no_memory,joint_velocity_rms,8,8,3,1,0.7718301713466644,0.7345400154590607,0.14012513714187833,0.6860043657943606,0.8672118609771133
B3,forced_RF,direct,motor_rhythm_power,8,8,3,1,0.6946676969528198,0.7022444307804108,0.08744419577127953,0.6351395547389984,0.7454317361116409
B3,forced_RF,direct,motor_frequency_hz,8,8,3,1,8.798807615995116,8.770032051282051,0.3063004890028633,8.596260492979244,9.002925251831503
B3,forced_RF,direct,oscillating_mn_fraction,8,8,3,1,0.025510204081632654,0.02423469387755102,0.0070853579064225885,0.021045918367346938,0.03029336734693877
B3,forced_RF,direct,key_accuracy,8,8,3,1,0.9791666666666666,1.0,0.038575837490523,0.9479166666666666,1.0
B3,forced_RF,direct,precision,8,8,3,1,0.735,0.6666666666666666,0.23866693269471742,0.5816666666666667,0.8883333333333333
B3,forced_RF,direct,timing_mae_s,8,8,3,1,0.09914204545454525,0.10116666666666647,0.0056974989248288295,0.09537310606060585,0.10291098484848464
B3,forced_RF,direct,timing_jitter_s,8,8,3,1,0.013151043457630929,0.016634210822788344,0.006840107963988331,0.008387318597799297,0.017322849193376406
B3,forced_RF,direct,misses,8,8,3,1,0.25,0.0,0.4629100498862757,0.0,0.625
B3,forced_RF,direct,extra_contacts,8,8,3,1,5.75,6.0,5.800246300189083,2.25,9.5
B3,forced_RF,direct,energy_proxy,8,8,3,1,83.6539192199707,85.03141784667969,18.71394636925194,72.37531089782715,95.50938892364502
B3,forced_RF,direct,joint_velocity_rms,8,8,3,1,0.9616237655282021,0.9747054576873779,0.10814254397390718,0.8966549262404442,1.0278568118810654
B3,forced_RF,full,motor_rhythm_power,8,8,3,1,0.6973166018724442,0.7104858160018921,0.08881895391988434,0.6365222319960594,0.7482376977801323
B3,forced_RF,full,motor_frequency_hz,8,8,3,1,8.793599282661782,8.770032051282051,0.30354223391430096,8.59480964781746,8.997943853021978
B3,forced_RF,full,oscillating_mn_fraction,8,8,3,1,0.025510204081632654,0.02423469387755102,0.0070853579064225885,0.021045918367346938,0.03029336734693877
B3,forced_RF,full,key_accuracy,8,8,3,1,0.96875,1.0,0.04312909745889716,0.9375,1.0
B3,forced_RF,full,precision,8,8,3,1,0.7031376518218624,0.6,0.2557755047485518,0.539423076923077,0.8778846153846154
B3,forced_RF,full,timing_mae_s,8,8,3,1,0.1173333333333332,0.11746969696969686,0.0066289814442982,0.11304668560606047,0.12163352272727264
B3,forced_RF,full,timing_jitter_s,8,8,3,1,0.011294647130325072,0.013775051464434265,0.006068216037291235,0.007189651957884946,0.014962744889879273
B3,forced_RF,full,misses,8,8,3,1,0.375,0.0,0.5175491695067657,0.0,0.75
B3,forced_RF,full,extra_contacts,8,8,3,1,6.75,8.0,6.296257391725432,2.875,10.625
B3,forced_RF,full,energy_proxy,8,8,3,1,69.08702754974365,69.55673217773438,16.358521945340616,58.85708876848221,79.48569011688232
B3,forced_RF,full,joint_velocity_rms,8,8,3,1,0.8658026456832886,0.8739176392555237,0.10829639189704193,0.797360286489129,0.9340962395071983
B3,forced_RF,no_memory,motor_rhythm_power,8,8,3,1,0.693048357963562,0.6925203502178192,0.08263934999150688,0.6385787624865771,0.7445832619443535
B3,forced_RF,no_memory,motor_frequency_hz,8,8,3,1,8.798807615995116,8.770032051282051,0.3063004890028633,8.596260492979244,9.002925251831503
B3,forced_RF,no_memory,oscillating_mn_fraction,8,8,3,1,0.025510204081632654,0.02423469387755102,0.0070853579064225885,0.021045918367346938,0.03029336734693877
B3,forced_RF,no_memory,key_accuracy,8,8,3,1,0.7083333333333333,0.75,0.14773421007131973,0.6041666666666667,0.8020833333333333
B3,forced_RF,no_memory,precision,8,8,3,1,0.6273488562091503,0.5753676470588236,0.253743908221921,0.47041590073529416,0.785601256127451
B3,forced_RF,no_memory,timing_mae_s,8,8,3,1,0.133081313131313,0.13249999999999992,0.004032979000021797,0.1305228598484847,0.13576388888888882
B3,forced_RF,no_memory,timing_jitter_s,8,8,3,1,0.010387377745197116,0.011650094135177685,0.0032159419994233058,0.008260015461168465,0.012388950365823263
B3,forced_RF,no_memory,misses,8,8,3,1,3.5,3.0,1.7728105208558367,2.375,4.75
B3,forced_RF,no_memory,extra_contacts,8,8,3,1,6.5,7.0,5.398412465054624,3.25,9.875
B3,forced_RF,no_memory,energy_proxy,8,8,3,1,102.26818752288818,89.88543319702148,30.59977833333056,84.59372892379761,125.05182538032534
B3,forced_RF,no_memory,joint_velocity_rms,8,8,3,1,1.0404351875185966,0.9834019541740417,0.15127516983451256,0.952362291328609,1.150788136571646
B4,alternating,full,motor_rhythm_power,8,8,1,1,0.7127996608614922,0.7382380664348602,0.09030780503740607,0.6482235088944435,0.7633065730333328
B4,alternating,full,motor_frequency_hz,8,8,1,1,8.811654838217338,8.770032051282051,0.28015084482714625,8.635987103174603,9.003371680402932
B4,alternating,full,oscillating_mn_fraction,8,8,1,1,0.02519132653061224,0.02423469387755102,0.007645465132072612,0.020089285714285712,0.02998246173469391
B4,alternating,full,key_accuracy,8,8,1,1,0.5,0.5,0.0,0.5,0.5
B4,alternating,full,precision,8,8,1,1,1.0,1.0,0.0,1.0,1.0
B4,alternating,full,timing_mae_s,8,8,1,1,0.11779166666666642,0.11883333333333307,0.003294716790584312,0.11545833333333314,0.11970833333333306
B4,alternating,full,timing_jitter_s,8,8,1,1,0.0012750497903015528,0.0010327955589884879,0.0005062444719999133,0.0009865520089759171,0.0016464034664882342
B4,alternating,full,misses,8,8,1,1,6.0,6.0,0.0,6.0,6.0
B4,alternating,full,extra_contacts,8,8,1,1,0.0,0.0,0.0,0.0,0.0
B4,alternating,full,energy_proxy,8,8,1,1,104.2324333190918,101.87812042236328,4.318980163817105,101.65479018688202,107.28493509292602
B4,alternating,full,joint_velocity_rms,8,8,1,1,1.0618021339178085,1.0573890209197998,0.011965899895751253,1.054869220033288,1.0698449656367301
B4,alternating,no_memory,motor_rhythm_power,8,8,1,1,0.711738109588623,0.7368809282779694,0.09853660966084568,0.6408583745360374,0.7666039317846298
B4,alternating,no_memory,motor_frequency_hz,8,8,1,1,8.811654838217338,8.770032051282051,0.28015084482714625,8.635987103174603,9.003371680402932
B4,alternating,no_memory,oscillating_mn_fraction,8,8,1,1,0.02519132653061224,0.02423469387755102,0.007645465132072612,0.020089285714285712,0.02998246173469391
B4,alternating,no_memory,key_accuracy,8,8,1,1,0.5,0.5,0.0,0.5,0.5
B4,alternating,no_memory,precision,8,8,1,1,0.5,0.5,0.0,0.5,0.5
B4,alternating,no_memory,timing_mae_s,8,8,1,1,0.13666666666666638,0.13666666666666638,0.0,0.13666666666666638,0.13666666666666638
B4,alternating,no_memory,timing_jitter_s,8,8,1,1,0.0010327955589884447,0.0010327955589884447,0.0,0.0010327955589884447,0.0010327955589884447
B4,alternating,no_memory,misses,8,8,1,1,6.0,6.0,0.0,6.0,6.0
B4,alternating,no_memory,extra_contacts,8,8,1,1,6.0,6.0,0.0,6.0,6.0
B4,alternating,no_memory,energy_proxy,8,8,1,1,116.74878120422363,116.18195343017578,4.035161515375245,114.17478942871094,119.36424877643586
B4,alternating,no_memory,joint_velocity_rms,8,8,1,1,1.1145603954792023,1.1117817163467407,0.009927671941474647,1.1084908246994019,1.121246637031436
B4,alternating,sequence_specific,motor_rhythm_power,8,8,1,1,0.6919135600328445,0.7156842052936554,0.08944508655737039,0.6304925233125687,0.7462992085143925
B4,alternating,sequence_specific,motor_frequency_hz,8,8,1,1,8.812696504884006,8.770032051282051,0.28075357460815886,8.635987103174603,9.004895117902931
B4,alternating,sequence_specific,oscillating_mn_fraction,8,8,1,1,0.025510204081632654,0.02423469387755102,0.0070853579064225885,0.021045918367346938,0.03029336734693877
B4,alternating,sequence_specific,key_accuracy,8,8,1,1,0.25,0.25,0.0,0.25,0.25
B4,alternating,sequence_specific,precision,8,8,1,1,0.23076923076923078,0.23076923076923078,0.0,0.23076923076923078,0.23076923076923078
B4,alternating,sequence_specific,timing_mae_s,8,8,1,1,0.09066666666666645,0.09066666666666645,0.0,0.09066666666666645,0.09066666666666645
B4,alternating,sequence_specific,timing_jitter_s,8,8,1,1,0.003055050463303557,0.003055050463303557,0.0,0.003055050463303557,0.003055050463303557
B4,alternating,sequence_specific,misses,8,8,1,1,9.0,9.0,0.0,9.0,9.0
B4,alternating,sequence_specific,extra_contacts,8,8,1,1,10.0,10.0,0.0,10.0,10.0
B4,alternating,sequence_specific,energy_proxy,8,8,1,1,118.90721130371094,118.90721130371094,0.0,118.90721130371094,118.90721130371094
B4,alternating,sequence_specific,joint_velocity_rms,8,8,1,1,1.1493959426879883,1.1493959426879883,0.0,1.1493959426879883,1.1493959426879883
B4,long,full,motor_rhythm_power,8,8,3,1,0.721245750784874,0.7465940713882446,0.08250188103597487,0.6625244554132224,0.7675901474431157
B4,long,full,motor_frequency_hz,8,8,3,1,8.79776594932845,8.770032051282051,0.3056940414571882,8.595502232142856,9.001888020833334
B4,long,full,oscillating_mn_fraction,8,8,3,1,0.02519132653061224,0.02423469387755102,0.007645465132072612,0.020089285714285712,0.02998246173469391
B4,long,full,key_accuracy,8,8,3,1,0.6141304347826086,0.6739130434782609,0.2122847434799301,0.4619565217391305,0.7228260869565217
B4,long,full,precision,8,8,3,1,0.9790296052631579,1.0,0.029101685178585097,0.9592927631578947,0.993421052631579
B4,long,full,timing_mae_s,8,8,3,1,0.11591354166666615,0.11427499999999946,0.0047507057485311295,0.11317914062499947,0.11914489583333279
B4,long,full,timing_jitter_s,8,8,3,1,0.005283636910550163,0.0034394881775797227,0.004518265661580738,0.002922603025852137,0.008392737380697984
B4,long,full,misses,8,8,3,1,8.875,7.5,4.882549100038393,6.375,12.375
B4,long,full,extra_contacts,8,8,3,1,0.375,0.0,0.5175491695067657,0.125,0.75
B4,long,full,energy_proxy,8,8,3,1,92.99245738983154,97.1823959350586,12.832552143189414,84.15631990432739,100.16088745594024
B4,long,full,joint_velocity_rms,8,8,3,1,0.9933845773339272,1.0154136419296265,0.07083809068075332,0.9436173910275102,1.0318752823397517
B4,long,no_memory,motor_rhythm_power,8,8,3,1,0.7143192142248154,0.7420477569103241,0.09267373596422201,0.647963672876358,0.7661541659384966
B4,long,no_memory,motor_frequency_hz,8,8,3,1,8.79776594932845,8.770032051282051,0.3056940414571882,8.595502232142856,9.001888020833334
B4,long,no_memory,oscillating_mn_fraction,8,8,3,1,0.02519132653061224,0.02423469387755102,0.007645465132072612,0.020089285714285712,0.02998246173469391
B4,long,no_memory,key_accuracy,8,8,3,1,0.5978260869565217,0.6521739130434783,0.15890184851510597,0.4836956521739131,0.6902173913043478
B4,long,no_memory,precision,8,8,3,1,0.8328376087277016,0.8421052631578947,0.1084702696093098,0.7574248120300752,0.8939498101872329
B4,long,no_memory,timing_mae_s,8,8,3,1,0.13113781990068696,0.12922321428571368,0.005256239774493201,0.12834033613445317,0.1348488230519474
B4,long,no_memory,timing_jitter_s,8,8,3,1,0.007861778176799856,0.00520669385947495,0.0057749495887199935,0.004901243656942033,0.011827497839612332
B4,long,no_memory,misses,8,8,3,1,9.25,8.0,3.654742515847438,7.125,11.875
B4,long,no_memory,extra_contacts,8,8,3,1,2.5,3.0,1.0690449676496976,1.75,3.125
B4,long,no_memory,energy_proxy,8,8,3,1,132.64532947540283,128.31714630126953,17.890700544872296,121.9919311761856,144.73558268547058
B4,long,no_memory,joint_velocity_rms,8,8,3,1,1.1727957129478455,1.1570320129394531,0.07698018586774442,1.1259924545884132,1.2241734713315964
B4,long,sequence_specific,motor_rhythm_power,8,8,3,1,0.7032591551542282,0.7045841217041016,0.08307490913648691,0.6474748454988003,0.7533983662724495
B4,long,sequence_specific,motor_frequency_hz,8,8,3,1,8.793999923687423,8.760416666666668,0.3071317650457381,8.592040598290598,8.999748883928572
B4,long,sequence_specific,oscillating_mn_fraction,8,8,3,1,0.025510204081632654,0.02423469387755102,0.0070853579064225885,0.021045918367346938,0.03029336734693877
B4,long,sequence_specific,key_accuracy,8,8,3,1,0.31521739130434784,0.30434782608695654,0.07256721394750264,0.2717391304347826,0.3586956521739131
B4,long,sequence_specific,precision,8,8,3,1,0.21251251251251252,0.2,0.026176292380623366,0.19614614614614614,0.2305805805805806
B4,long,sequence_specific,timing_mae_s,8,8,3,1,0.14517142857142823,0.16085714285714278,0.03261893659050607,0.11949999999999933,0.16323809523809507
B4,long,sequence_specific,timing_jitter_s,8,8,3,1,0.1397979813499235,0.18143082113340847,0.0845344876271161,0.0728738531979598,0.18640289721867095
B4,long,sequence_specific,misses,8,8,3,1,15.75,16.0,1.6690459207925603,14.75,16.75
B4,long,sequence_specific,extra_contacts,8,8,3,1,26.5,28.0,2.7774602993176543,24.25,28.0
B4,long,sequence_specific,energy_proxy,8,8,3,1,245.29602241516113,236.42881774902344,32.275776899247376,224.6695442199707,265.92250061035156
B4,long,sequence_specific,joint_velocity_rms,8,8,3,1,1.687998354434967,1.6252009868621826,0.12406661442305895,1.6121388971805573,1.7743304073810577
B4,nonrepeating,full,motor_rhythm_power,8,8,3,1,0.711833018809557,0.7275124788284302,0.10193489635566333,0.6366414166986942,0.7705627335235476
B4,nonrepeating,full,motor_frequency_hz,8,8,3,1,8.79776594932845,8.770032051282051,0.3056940414571882,8.595502232142856,9.001888020833334
B4,nonrepeating,full,oscillating_mn_fraction,8,8,3,1,0.02519132653061224,0.02423469387755102,0.007645465132072612,0.020089285714285712,0.02998246173469391
B4,nonrepeating,full,key_accuracy,8,8,3,1,0.53125,0.5416666666666667,0.20863074009907004,0.3854166666666667,0.6458333333333334
B4,nonrepeating,full,precision,8,8,3,1,1.0,1.0,0.0,1.0,1.0
B4,nonrepeating,full,timing_mae_s,8,8,3,1,0.11198214285714275,0.11211111111111069,0.00201329914960212,0.1106924603174603,0.11326984126984127
B4,nonrepeating,full,timing_jitter_s,7,8,3,1,0.0028087035768029887,0.003126943839882072,0.0015223487144627704,0.0018027692832450215,0.003911462911335354
B4,nonrepeating,full,misses,8,8,3,1,5.625,5.5,2.5035688811888406,4.25,7.375
B4,nonrepeating,full,extra_contacts,8,8,3,1,0.0,0.0,0.0,0.0,0.0
B4,nonrepeating,full,energy_proxy,8,8,3,1,35.53015899658203,32.28251838684082,11.206461869454392,29.126590114831924,43.36584661602974
B4,nonrepeating,full,joint_velocity_rms,8,8,3,1,0.6106329187750816,0.5864874720573425,0.09731559998132228,0.5539198212325573,0.6782144105061889
B4,nonrepeating,no_memory,motor_rhythm_power,8,8,3,1,0.7109309285879135,0.7376611232757568,0.09196814809386447,0.6449935095384717,0.762485190294683
B4,nonrepeating,no_memory,motor_frequency_hz,8,8,3,1,8.792958257020757,8.760416666666668,0.30650828966391674,8.592036830357143,8.997632068452381
B4,nonrepeating,no_memory,oscillating_mn_fraction,8,8,3,1,0.02519132653061224,0.02423469387755102,0.007645465132072612,0.020089285714285712,0.02998246173469391
B4,nonrepeating,no_memory,key_accuracy,8,8,3,1,0.59375,0.625,0.1632841276707762,0.4791666666666667,0.6875
B4,nonrepeating,no_memory,precision,8,8,3,1,0.8645833333333333,0.9,0.1398518206747118,0.7708333333333333,0.95
B4,nonrepeating,no_memory,timing_mae_s,8,8,3,1,0.1286344246031744,0.12738095238095223,0.003933615510255812,0.12619319196428552,0.1312658730158728
B4,nonrepeating,no_memory,timing_jitter_s,8,8,3,1,0.004582749759749346,0.0044821839365548535,0.001704666090893824,0.0035356511094749798,0.005681590885435199
B4,nonrepeating,no_memory,misses,8,8,3,1,4.875,4.5,1.9594095320493148,3.75,6.25
B4,nonrepeating,no_memory,extra_contacts,8,8,3,1,1.125,1.0,1.246423454758225,0.375,2.0
B4,nonrepeating,no_memory,energy_proxy,8,8,3,1,56.54171371459961,50.21108055114746,20.4758613978862,44.28613157272339,70.57869521379472
B4,nonrepeating,no_memory,joint_velocity_rms,8,8,3,1,0.7630209699273109,0.7219485938549042,0.1338996993763401,0.6822293849661947,0.8548526236787438
B4,nonrepeating,sequence_specific,motor_rhythm_power,8,8,3,1,0.7129444107413292,0.7176276445388794,0.10759467194972924,0.6378446402028203,0.7777967223897576
B4,nonrepeating,sequence_specific,motor_frequency_hz,8,8,3,1,8.805057615995116,8.770032051282051,0.2883474165226991,8.62293956043956,9.00116686698718
B4,nonrepeating,sequence_specific,oscillating_mn_fraction,8,8,3,1,0.02519132653061224,0.02423469387755102,0.007645465132072612,0.020089285714285712,0.02998246173469391
B4,nonrepeating,sequence_specific,key_accuracy,8,8,3,1,0.12499999999999999,0.08333333333333333,0.10910894511799618,0.05208333333333333,0.19791666666666666
B4,nonrepeating,sequence_specific,precision,8,8,3,1,0.0859375,0.0625,0.07168388151493764,0.0390625,0.1328125
B4,nonrepeating,sequence_specific,timing_mae_s,6,8,3,1,0.08666666666666696,0.08666666666666697,0.0007302967433402247,0.08622222222222252,0.08711111111111142
B4,nonrepeating,sequence_specific,timing_jitter_s,3,8,3,1,0.09782296935451006,0.09782296935451006,0.0,0.09782296935451006,0.09782296935451006
B4,nonrepeating,sequence_specific,misses,8,8,3,1,10.5,11.0,1.3093073414159542,9.625,11.375
B4,nonrepeating,sequence_specific,extra_contacts,8,8,3,1,14.75,15.0,0.4629100498862757,14.375,15.0
B4,nonrepeating,sequence_specific,energy_proxy,8,8,3,1,134.86796188354492,144.06878662109375,18.745671989474246,120.03993225097656,145.20966720581055
B4,nonrepeating,sequence_specific,joint_velocity_rms,8,8,3,1,1.2436433285474777,1.2731772661209106,0.08276210477543715,1.182956337928772,1.2913840264081955
B4,repeated,full,motor_rhythm_power,8,8,1,1,0.719795435667038,0.7505492866039276,0.09739673065511228,0.6509005641564727,0.7739494305104018
B4,repeated,full,motor_frequency_hz,8,8,1,1,8.79776594932845,8.770032051282051,0.3056940414571882,8.595502232142856,9.001888020833334
B4,repeated,full,oscillating_mn_fraction,8,8,1,1,0.02519132653061224,0.02423469387755102,0.007645465132072612,0.020089285714285712,0.02998246173469391
B4,repeated,full,key_accuracy,8,8,1,1,0.1875,0.25,0.11572751247156893,0.09375,0.25
B4,repeated,full,precision,8,8,1,1,0.75,1.0,0.4629100498862757,0.375,1.0
B4,repeated,full,timing_mae_s,6,8,1,1,0.11299999999999961,0.113333333333333,0.0008164965809278173,0.11233333333333288,0.113333333333333
B4,repeated,full,timing_jitter_s,6,8,1,1,0.0011547005383795732,0.0011547005383796371,1.5704296272443674e-16,0.0011547005383794448,0.0011547005383796374
B4,repeated,full,misses,8,8,1,1,9.75,9.0,1.3887301496588271,9.0,10.875
B4,repeated,full,extra_contacts,8,8,1,1,0.0,0.0,0.0,0.0,0.0
B4,repeated,full,energy_proxy,8,8,1,1,39.378201484680176,39.5162467956543,3.1758843186512156,37.127684593200684,41.363752365112305
B4,repeated,full,joint_velocity_rms,8,8,1,1,0.6414846777915955,0.6489653885364532,0.023468590174962844,0.6246037632226944,0.6547522321343422
B4,repeated,no_memory,motor_rhythm_power,8,8,1,1,0.7233521491289139,0.7521120011806488,0.1030658136382812,0.6521390687674284,0.7828929729759693
B4,repeated,no_memory,motor_frequency_hz,8,8,1,1,8.799502060439561,8.770032051282051,0.3094568967545219,8.596354166666668,9.007096354166666
B4,repeated,no_memory,oscillating_mn_fraction,8,8,1,1,0.025510204081632654,0.02423469387755102,0.0074686230072591835,0.02072704081632653,0.030293367346938774
B4,repeated,no_memory,key_accuracy,8,8,1,1,0.1875,0.25,0.11572751247156893,0.09375,0.25
B4,repeated,no_memory,precision,8,8,1,1,0.75,1.0,0.4629100498862757,0.375,1.0
B4,repeated,no_memory,timing_mae_s,6,8,1,1,0.13077777777777747,0.13133333333333308,0.0013608276348796994,0.1296666666666662,0.13133333333333308
B4,repeated,no_memory,timing_jitter_s,6,8,1,1,0.001295583781982567,0.0011547005383791243,0.00034509206013665636,0.0011547005383791243,0.001577350269189452
B4,repeated,no_memory,misses,8,8,1,1,9.75,9.0,1.3887301496588271,9.0,10.875
B4,repeated,no_memory,extra_contacts,8,8,1,1,0.0,0.0,0.0,0.0,0.0
B4,repeated,no_memory,energy_proxy,8,8,1,1,41.78694486618042,41.98364448547363,4.5420199493157964,38.697170567512515,44.56825456619263
B4,repeated,no_memory,joint_velocity_rms,8,8,1,1,0.6497771367430687,0.6524373292922974,0.023299789943024306,0.6328590847551823,0.6634894162416458
B4,repeated,sequence_specific,motor_rhythm_power,8,8,1,1,0.7099623158574104,0.7431193292140961,0.08539079223270613,0.6501372642815113,0.7597605008631945
B4,repeated,sequence_specific,motor_frequency_hz,8,8,1,1,8.811654838217338,8.770032051282051,0.28015084482714625,8.635987103174603,9.003371680402932
B4,repeated,sequence_specific,oscillating_mn_fraction,8,8,1,1,0.02519132653061224,0.02423469387755102,0.007645465132072612,0.020089285714285712,0.02998246173469391
B4,repeated,sequence_specific,key_accuracy,8,8,1,1,0.3333333333333333,0.3333333333333333,0.0,0.3333333333333333,0.3333333333333333
B4,repeated,sequence_specific,precision,8,8,1,1,0.3333333333333333,0.3333333333333333,0.0,0.3333333333333333,0.3333333333333333
B4,repeated,sequence_specific,timing_mae_s,8,8,1,1,0.08849999999999969,0.08849999999999969,0.0,0.08849999999999969,0.08849999999999969
B4,repeated,sequence_specific,timing_jitter_s,8,8,1,1,0.001000000000000112,0.001000000000000112,0.0,0.001000000000000112,0.001000000000000112
B4,repeated,sequence_specific,misses,8,8,1,1,8.0,8.0,0.0,8.0,8.0
B4,repeated,sequence_specific,extra_contacts,8,8,1,1,8.0,8.0,0.0,8.0,8.0
B4,repeated,sequence_specific,energy_proxy,8,8,1,1,107.14360046386719,107.14360046386719,0.0,107.14360046386719,107.14360046386719
B4,repeated,sequence_specific,joint_velocity_rms,8,8,1,1,1.0821239948272705,1.0821239948272705,0.0,1.0821239948272705,1.0821239948272705
B4,syncopated,full,motor_rhythm_power,8,8,3,1,0.702726200222969,0.7101396918296814,0.09244754093228714,0.6355228755623102,0.7539456486701965
B4,syncopated,full,motor_frequency_hz,8,8,3,1,8.792958257020757,8.760416666666668,0.30650828966391674,8.592036830357143,8.997632068452381
B4,syncopated,full,oscillating_mn_fraction,8,8,3,1,0.02519132653061224,0.02423469387755102,0.007645465132072612,0.020089285714285712,0.02998246173469391
B4,syncopated,full,key_accuracy,8,8,3,1,0.625,0.75,0.23145502494313785,0.45833333333333337,0.75
B4,syncopated,full,precision,8,8,3,1,1.0,1.0,0.0,1.0,1.0
B4,syncopated,full,timing_mae_s,8,8,3,1,0.11199999999999978,0.11234920634920631,0.0023752918350962325,0.11036111111111097,0.11340882936507925
B4,syncopated,full,timing_jitter_s,7,8,3,1,0.004080763734077712,0.0041403933560537984,0.001174226076168178,0.003287472754177663,0.00487393822231247
B4,syncopated,full,misses,8,8,3,1,4.5,3.0,2.7774602993176543,3.0,6.5
B4,syncopated,full,extra_contacts,8,8,3,1,0.0,0.0,0.0,0.0,0.0
B4,syncopated,full,energy_proxy,8,8,3,1,42.390923500061035,40.45882034301758,10.542212815079834,36.0208743929863,49.211287593841554
B4,syncopated,full,joint_velocity_rms,8,8,3,1,0.6691738590598106,0.6568824946880341,0.08736973295076926,0.6163512011989951,0.7239169180393219
B4,syncopated,no_memory,motor_rhythm_power,8,8,3,1,0.7119175121188164,0.7367264926433563,0.09819685953593857,0.6423639200627804,0.7690044268965721
B4,syncopated,no_memory,motor_frequency_hz,8,8,3,1,8.79776594932845,8.770032051282051,0.3056940414571882,8.595502232142856,9.001888020833334
B4,syncopated,no_memory,oscillating_mn_fraction,8,8,3,1,0.02519132653061224,0.02423469387755102,0.007645465132072612,0.020089285714285712,0.02998246173469391
B4,syncopated,no_memory,key_accuracy,8,8,3,1,0.6041666666666666,0.6666666666666666,0.1651718681608525,0.4895833333333333,0.6979166666666666
B4,syncopated,no_memory,precision,8,8,3,1,0.8645833333333333,0.9,0.1398518206747118,0.7708333333333333,0.95
B4,syncopated,no_memory,timing_mae_s,8,8,3,1,0.12872916666666656,0.12808333333333333,0.0035435919136934334,0.1265312499999999,0.13108333333333322
B4,syncopated,no_memory,timing_jitter_s,8,8,3,1,0.005086118499294102,0.004828485284203501,0.0014311285843607998,0.004171406127348955,0.0060080556362208555
B4,syncopated,no_memory,misses,8,8,3,1,4.75,4.0,1.9820624179302297,3.625,6.125
B4,syncopated,no_memory,extra_contacts,8,8,3,1,1.125,1.0,1.246423454758225,0.375,2.0
B4,syncopated,no_memory,energy_proxy,8,8,3,1,62.70634412765503,55.6122989654541,23.73794372365826,48.283437728881836,78.93003311157227
B4,syncopated,no_memory,joint_velocity_rms,8,8,3,1,0.8043644577264786,0.7617462873458862,0.15116976762523918,0.712769728153944,0.9074887346476317
B4,syncopated,sequence_specific,motor_rhythm_power,8,8,3,1,0.7052744925022125,0.7279330193996429,0.08725850207001153,0.6412703128531575,0.749588318169117
B4,syncopated,sequence_specific,motor_frequency_hz,8,8,3,1,8.808182615995115,8.770032051282051,0.2862450554800525,8.626172447344322,9.00335932730464
B4,syncopated,sequence_specific,oscillating_mn_fraction,8,8,3,1,0.02519132653061224,0.02423469387755102,0.007645465132072612,0.020089285714285712,0.02998246173469391
B4,syncopated,sequence_specific,key_accuracy,8,8,3,1,0.12499999999999999,0.08333333333333333,0.10910894511799618,0.05208333333333333,0.19791666666666666
B4,syncopated,sequence_specific,precision,8,8,3,1,0.07097186700767263,0.058823529411764705,0.05493408144243055,0.036764705882352935,0.10517902813299232
B4,syncopated,sequence_specific,timing_mae_s,6,8,3,1,0.07800000000000004,0.07800000000000004,0.00876356092008246,0.07266666666666682,0.08333333333333325
B4,syncopated,sequence_specific,timing_jitter_s,3,8,3,1,0.06791170738539876,0.06791170738539876,0.0,0.06791170738539876,0.06791170738539876
B4,syncopated,sequence_specific,misses,8,8,3,1,10.5,11.0,1.3093073414159542,9.625,11.375
B4,syncopated,sequence_specific,extra_contacts,8,8,3,1,17.0,16.0,2.6186146828319083,15.25,18.75
B4,syncopated,sequence_specific,energy_proxy,8,8,3,1,141.0560302734375,148.51194763183594,17.58866765302975,127.6325569152832,151.0003890991211
B4,syncopated,sequence_specific,joint_velocity_rms,8,8,3,1,1.281982347369194,1.2885088920593262,0.07422202202634333,1.2302052080631256,1.3266791850328445
B5,curved_reach,direct,motor_rhythm_power,8,8,3,1,0.7197279334068298,0.7519149482250214,0.09710478165989134,0.6494781436398626,0.7726481383666396
B5,curved_reach,direct,motor_frequency_hz,8,8,3,1,8.808182615995115,8.770032051282051,0.2862450554800525,8.626172447344322,9.00335932730464
B5,curved_reach,direct,oscillating_mn_fraction,8,8,3,1,0.02519132653061224,0.02423469387755102,0.007645465132072612,0.020089285714285712,0.02998246173469391
B5,curved_reach,direct,key_accuracy,8,8,3,1,0.9270833333333333,0.9166666666666666,0.06954358003302334,0.8854166666666666,0.96875
B5,curved_reach,direct,precision,8,8,3,1,0.7313288563288562,0.8461538461538461,0.22284648157044545,0.5529100529100529,0.853021978021978
B5,curved_reach,direct,timing_mae_s,8,8,3,1,0.09447045454545437,0.09145454545454523,0.00664272674248795,0.09075378787878768,0.09962499999999987
B5,curved_reach,direct,timing_jitter_s,8,8,3,1,0.012578615435579359,0.008896713727636448,0.006937249092924251,0.008816085992563508,0.018174032959059373
B5,curved_reach,direct,misses,8,8,3,1,0.875,1.0,0.8345229603962802,0.375,1.375
B5,curved_reach,direct,extra_contacts,8,8,3,1,5.75,2.0,6.943650748294136,2.0,11.375
B5,curved_reach,direct,energy_proxy,8,8,3,1,106.2806749343872,104.15679931640625,25.078207370604353,91.17555141448975,123.7458610534668
B5,curved_reach,direct,joint_velocity_rms,8,8,3,1,1.0865494757890701,1.0790060758590698,0.13089705604427598,1.0076029151678085,1.176408052444458
B5,curved_reach,full,motor_rhythm_power,8,8,3,1,0.7119071632623672,0.7262744903564453,0.10261680700846798,0.636890159919858,0.7709814008325339
B5,curved_reach,full,motor_frequency_hz,8,8,3,1,8.79464094932845,8.770032051282051,0.30754258737459583,8.591689560439562,8.998763020833334
B5,curved_reach,full,oscillating_mn_fraction,8,8,3,1,0.02519132653061224,0.02423469387755102,0.007645465132072612,0.020089285714285712,0.02998246173469391
B5,curved_reach,full,key_accuracy,8,8,3,1,0.53125,0.5416666666666667,0.20863074009907004,0.3854166666666667,0.6458333333333334
B5,curved_reach,full,precision,8,8,3,1,1.0,1.0,0.0,1.0,1.0
B5,curved_reach,full,timing_mae_s,8,8,3,1,0.11249603174603162,0.11233333333333292,0.00227081231310531,0.11104166666666654,0.11397023809523799
B5,curved_reach,full,timing_jitter_s,7,8,3,1,0.003377713134703526,0.00425571511160112,0.0020919692787016563,0.0019119781065924195,0.004775867495002873
B5,curved_reach,full,misses,8,8,3,1,5.625,5.5,2.5035688811888406,4.25,7.375
B5,curved_reach,full,extra_contacts,8,8,3,1,0.0,0.0,0.0,0.0,0.0
B5,curved_reach,full,energy_proxy,8,8,3,1,37.91377258300781,35.55023670196533,11.011564779421581,31.218691408634186,45.592030698060995
B5,curved_reach,full,joint_velocity_rms,8,8,3,1,0.6289333999156952,0.6105533540248871,0.09277229871296593,0.5726181941106916,0.6934607997536659
B5,direct_reach,direct,motor_rhythm_power,8,8,3,1,0.7198337987065315,0.7503457367420197,0.09644345148002946,0.650050937756896,0.7723895533010363
B5,direct_reach,direct,motor_frequency_hz,8,8,3,1,8.808182615995115,8.770032051282051,0.2862450554800525,8.626172447344322,9.00335932730464
B5,direct_reach,direct,oscillating_mn_fraction,8,8,3,1,0.02519132653061224,0.02423469387755102,0.007645465132072612,0.020089285714285712,0.02998246173469391
B5,direct_reach,direct,key_accuracy,8,8,3,1,0.9270833333333333,0.9166666666666666,0.06954358003302334,0.8854166666666666,0.96875
B5,direct_reach,direct,precision,8,8,3,1,0.8214827935222673,0.9166666666666666,0.18220519482881478,0.6751012145748988,0.920673076923077
B5,direct_reach,direct,timing_mae_s,8,8,3,1,0.0945511363636362,0.09163636363636347,0.00647059635414514,0.0909261363636362,0.09956249999999983
B5,direct_reach,direct,timing_jitter_s,8,8,3,1,0.010534402628883787,0.007821880731756013,0.005198717528614683,0.0077034968606934295,0.014709730958531776
B5,direct_reach,direct,misses,8,8,3,1,0.875,1.0,0.8345229603962802,0.375,1.375
B5,direct_reach,direct,extra_contacts,8,8,3,1,3.0,1.0,3.7032803990902057,1.0,6.0
B5,direct_reach,direct,energy_proxy,8,8,3,1,102.47784042358398,98.93209838867188,25.347201011606202,87.27604293823242,120.01084899902344
B5,direct_reach,direct,joint_velocity_rms,8,8,3,1,1.0707875192165375,1.05612051486969,0.1346034915994144,0.9898444712162018,1.1649857759475708
B5,direct_reach,full,motor_rhythm_power,8,8,3,1,0.711833018809557,0.7275124788284302,0.10193489635566333,0.6366414166986942,0.7705627335235476
B5,direct_reach,full,motor_frequency_hz,8,8,3,1,8.79776594932845,8.770032051282051,0.3056940414571882,8.595502232142856,9.001888020833334
B5,direct_reach,full,oscillating_mn_fraction,8,8,3,1,0.02519132653061224,0.02423469387755102,0.007645465132072612,0.020089285714285712,0.02998246173469391
B5,direct_reach,full,key_accuracy,8,8,3,1,0.53125,0.5416666666666667,0.20863074009907004,0.3854166666666667,0.6458333333333334
B5,direct_reach,full,precision,8,8,3,1,1.0,1.0,0.0,1.0,1.0
B5,direct_reach,full,timing_mae_s,8,8,3,1,0.11198214285714275,0.11211111111111069,0.00201329914960212,0.1106924603174603,0.11326984126984127
B5,direct_reach,full,timing_jitter_s,7,8,3,1,0.0028087035768029887,0.003126943839882072,0.0015223487144627704,0.0018027692832450215,0.003911462911335354
B5,direct_reach,full,misses,8,8,3,1,5.625,5.5,2.5035688811888406,4.25,7.375
B5,direct_reach,full,extra_contacts,8,8,3,1,0.0,0.0,0.0,0.0,0.0
B5,direct_reach,full,energy_proxy,8,8,3,1,35.53015899658203,32.28251838684082,11.206461869454392,29.126590114831924,43.36584661602974
B5,direct_reach,full,joint_velocity_rms,8,8,3,1,0.6106329187750816,0.5864874720573425,0.09731559998132228,0.5539198212325573,0.6782144105061889
B5,soft_force,direct,motor_rhythm_power,8,8,3,1,0.7176309004426003,0.7451765239238739,0.09627665246897736,0.6486173136159777,0.7705312082543969
B5,soft_force,direct,motor_frequency_hz,8,8,3,1,8.808182615995115,8.770032051282051,0.2862450554800525,8.626172447344322,9.00335932730464
B5,soft_force,direct,oscillating_mn_fraction,8,8,3,1,0.02519132653061224,0.02423469387755102,0.007645465132072612,0.020089285714285712,0.02998246173469391
B5,soft_force,direct,key_accuracy,8,8,3,1,0.90625,0.9166666666666666,0.10386862122985208,0.8333333333333333,0.96875
B5,soft_force,direct,precision,8,8,3,1,0.8478260869565217,1.0,0.2817713347133852,0.6195652173913043,1.0
B5,soft_force,direct,timing_mae_s,8,8,3,1,0.11645707070707056,0.11418181818181808,0.005659336957702989,0.1132348484848483,0.12072222222222212
B5,soft_force,direct,timing_jitter_s,8,8,3,1,0.010617044849359037,0.008626948616065904,0.004066343764063715,0.008372424628518317,0.013831260788091562
B5,soft_force,direct,misses,8,8,3,1,1.125,1.0,1.246423454758225,0.375,2.0
B5,soft_force,direct,extra_contacts,8,8,3,1,3.5,0.0,6.48074069840786,0.0,8.75
B5,soft_force,direct,energy_proxy,8,8,3,1,62.820176124572754,60.09904098510742,17.71393944271121,52.21125793457031,75.00665092468262
B5,soft_force,direct,joint_velocity_rms,8,8,3,1,0.9155014827847481,0.9019075036048889,0.12549283678462467,0.8400334492325783,1.00334432721138
B5,soft_force,full,motor_rhythm_power,8,8,3,1,0.712093286216259,0.7269704937934875,0.10007041816227916,0.6385600939393044,0.7690720969811082
B5,soft_force,full,motor_frequency_hz,8,8,3,1,8.79776594932845,8.770032051282051,0.3056940414571882,8.595502232142856,9.001888020833334
B5,soft_force,full,oscillating_mn_fraction,8,8,3,1,0.02519132653061224,0.02423469387755102,0.007645465132072612,0.020089285714285712,0.02998246173469391
B5,soft_force,full,key_accuracy,8,8,3,1,0.020833333333333332,0.0,0.03857583749052298,0.0,0.05208333333333333
B5,soft_force,full,precision,8,8,3,1,0.25,0.0,0.4629100498862757,0.0,0.625
B5,soft_force,full,timing_mae_s,2,8,3,1,0.13799999999999946,0.13799999999999946,6.280369834735101e-16,0.137999999999999,0.1379999999999999
B5,soft_force,full,timing_jitter_s,0,8,3,1,,,,,
B5,soft_force,full,misses,8,8,3,1,11.75,12.0,0.4629100498862757,11.375,12.0
B5,soft_force,full,extra_contacts,8,8,3,1,0.0,0.0,0.0,0.0,0.0
B5,soft_force,full,energy_proxy,8,8,3,1,19.867359280586243,17.82902193069458,6.855172601003485,15.837353679537774,24.612791180610657
B5,soft_force,full,joint_velocity_rms,8,8,3,1,0.5029268898069859,0.4793040156364441,0.08681702634687916,0.45212186202406884,0.5635137990117073
